<0000> ７月１９日(水);;;<0000> 19/07 (mer.)
<0001> 翌朝…;;;<0001> Le lendemain matin...
<0002> \{\m{A}}「………」;;;<0002> .........
<0003> 寝起きはいつになく最悪だった。;;;<0003> Mon réveil fut horrible.
<0004> \{\m{A}}「頭が痛い…」;;;<0004> J'ai mal à la tête...
<0005> 少しでも動かすと、がんがんする。;;;<0005> Il suffisait que je bouge un petit peu pour avoir l'impression qu'on me frappait le crâne.
<0006> \{\m{A}}「二日酔いとかいうやつか…」;;;<0006> C'est donc ça une gueule de bois...?
<0007> \{\m{A}}「このまま寝てよう…」;;;<0007> Je crois que je vais retourner dormir...
<0008> \{声}「わーっ！」;;;<0008> Waah !!
<0009> がんがんがん！;;;<0009> \bBoum boum boum\u !
<0010> 叫び声が頭に響く…。;;;<0010> Le cri résonnait dans ma tête.
<0011> \{\m{A}}（…一体朝っぱらから何事だ？）;;;<0011> ... Mais que pouvait-il bien se passer dès le matin ?
<0012> 俺は体を起こし、辺りを見回す。;;;<0012> Je me redressai, puis regardai autour de moi.
<0013> \{声}「わわわわっ」;;;<0013> Wah-wah-wah-wah !
<0014> 台所からだ。;;;<0014> Le bruit venait de la cuisine.
<0015> \{\m{A}}「うるさいぞ」;;;<0015> La ferme.
<0016> \{観鈴}「だって、またセミが換気扇からっ」;;;<0016> Mais, une cigale est encore sortie de l'arrivée d'air !
<0017> ミィィィーーーーンッ！;;;<0017> \bBzzzzzzzzz\u !
<0018> \{観鈴}「お願いっ」;;;<0018> Je t'en supplie !
<0019> \{\m{A}}「………」;;;<0019> .........
<0020> 面倒がかかる奴だ…。;;;<0020> Elle attire vraiment les ennuis...
<0021> ミィーーーーンッ！;;;<0021> \bBzzzzzzz\u !
<0022> セミを目で追う。;;;<0022> Je suivis la cigale du regard.
<0023> が、気持ち悪くて、視点が定まらない…。;;;<0023> Sauf que je me sentais tellement mal que je n'arrivais pas à me concentrer.
<0024> ぐわんぐわん…;;;<0024> J'avais la tête qui tournait...
<0025> \{\m{A}}「くそ…」;;;<0025> Bon sang...
<0026> セミの飛来位置を予測して、手を伸ばした。;;;<0026> J'essayai de prédire la trajectoire de la cigale, et tendis la main.
<0027> …むにゅ。;;;<0027> ... \bSplotch\u.
<0028> ずるずる…;;;<0028> \bTraîne traîne\u...
<0029> \{\m{A}}「ほら、いっちょうあがりだっ」;;;<0029> Hé, chaud devant !
<0030> ぱっ、と手を放す。;;;<0030> Je la libérai.
<0031> \{観鈴}「………」;;;<0031> .........
<0032> \{\m{A}}「どうしてフライパン持ったおまえがここにいる」;;;<0032> Qu'est-ce que tu fais avec une poêle à frire ici ?
<0033> \{観鈴}「\m{A}さんがここまで連れてきた」;;;<0033> Mais \m{A}-san, c'est toi qui m'as fait venir ici.
<0034> \{観鈴}「鼻つまんで、引っ張るから、どうにもできなかった」;;;<0034> Tu m'as pincé le nez, puis traînée jusqu'ici. J'ai rien pu faire.
<0035> \{\m{A}}「…なに？」;;;<0035> ... Pardon ?
<0036> \{観鈴}「朝ご飯作ってる最中だったし」;;;<0036> En plus, j'étais en plein en train de préparer le petit-déjeuner.
<0037> \{観鈴}「これ、\m{A}さんのベーコンエッグ」;;;<0037> Ça, c'est tes œufs au bacon.
<0038> フライパンの中身を見せる。;;;<0038> Elle me montra le contenu de sa poêle.
<0039> \{観鈴}「生焼け」;;;<0039> C'est pas assez cuit.
<0040> \{\m{A}}「………」;;;<0040> .........
<0041> \{\m{A}}「セミは」;;;<0041> Et la cigale ?
<0042> \{観鈴}「まだ家の中、みんみん飛んでると思う」;;;<0042> Je pense qu'elle est toujours en train de voler et de chanter dans la maison.
<0043> \{\m{A}}「………」;;;<0043> .........
<0044> リトライ;;;<0044> \bRetry\u
<0045> ギブアップ;;;<0045> \bGive up\u
<0046> \{\m{A}}「リトライだ」;;;<0046> \bRetry\u !
<0047> 俺は踵を返して門をくぐる。;;;<0047> Je fis demi-tour en direction de l'entrée.
<0048> がんっ！\shake{1};;;<0048> \bBim\u ! \shake{1}
<0049> 塀だった。;;;<0049> C'était la clôture.
<0050> \{観鈴}「わ、夕べの機敏な\m{A}さんが嘘のようっ」;;;<0050> Wah, est-ce que le \m{A}-san aux super réflexes d'hier soir était un faux ?!
<0051> \{観鈴}「どっちが本物かな」;;;<0051> C'est lequel le vrai ?
<0052> \{\m{A}}「夕べだっ」;;;<0052> Celui d'hier soir !
<0053> 顔面をこすりながら、振り返る。;;;<0053> Je fis marche arrière en me massant le visage.
<0054> \{\m{A}}「ギブアップ…」;;;<0054> \bGive up\u...
<0055> 俺は宣言した。;;;<0055> ... annonçai-je.
<0056> 二日酔いには勝てない。;;;<0056> On ne peut vaincre une gueule de bois.
<0057> \{\m{A}}「気持ち悪いんだよ…」;;;<0057> Je me sens mal...
<0058> 座り込む。;;;<0058> Je m'assis.
<0059> ちりんちりーん…;;;<0059> Dring-dring...
<0060> \{声}「観鈴ちゃん、おはよう。今日も暑いわねー」;;;<0060> Salut, Misuzu-chan. Encore une journée bien chaude, n'est-ce pas— ?
<0061> \{観鈴}「あ、山科さん、おはようございますー。暑いですねー」;;;<0061> Ah, Yamashina-san ! Bonjour—. C'est vrai qu'il fait bien chaud—.
<0062> 俺たちの間を自転車に乗った主婦が通り過ぎていった。;;;<0062> Une ménagère sur une bicyclette passa entre nous deux.
<0063> 平和な情景。;;;<0063> Quelle scène paisible.
<0064> \{\m{A}}（…俺だけ地獄だよ）;;;<0064> ... J'étais le seul à vivre un enfer.
<0065> 気持ち悪くて、頭が痛くて立ってることもできない。;;;<0065> Je me sentais tellement mal. Ma tête était si douloureuse que je ne pourrais bientôt plus me tenir debout.
<0066> \{観鈴}「休んでていいよ」;;;<0066> Tu devrais te reposer.
<0067> \{観鈴}「わたし、がんばってくる」;;;<0067> Moi, je vais me débrouiller seule.
<0068> フライパンを構えて、観鈴が家の中に戻っていった。;;;<0068> Armée de sa poêle à frire, Misuzu repartit dans la maison.
<0069> ………。;;;<0069> ..........
<0070> ゴドンガダン！;;;<0070> \bBing dong\u !
<0071> \{声}「わーっ！  醤油差しが、倒れた！」;;;<0071> Waah ! J'ai fait tomber la sauce soja !
<0072> ゴドンガダン！;;;<0072> \bBing bam\u !
<0073> \{声}「わーっ！  サラダ油が、こぼれたー！」;;;<0073> Waah ! J'ai renversé l'huile pour la salade— !
<0074> ゴドンガダン！;;;<0074> \bBing dong\u !
<0075> \{声}「わわーっ！  \m{A}さんのベーコンエッグが！」;;;<0075> Wah-waah ! Les œufs au bacon de \m{A}-san !
<0076> ………。;;;<0076> .........
<0077> \{\m{A}}（…なんだ、俺のベーコンエッグがどうしたんだよ、続きを言え）;;;<0077> ... Une minute. Et mes œufs au bacon, ils sont sains et saufs ? Je veux savoir.
<0078> \{声}「とんでもないことに！」;;;<0078> C'est un désastre !
<0079> \{\m{A}}（…だから、なんなんだよ）;;;<0079> ... Je veux savoir, que s'est-il passé ?
<0080> \{声}「観鈴ちん、ぴんちっ」;;;<0080> Misuzu-chin est dans la mouise !
<0081> \{\m{A}}（………）;;;<0081> .........
<0082> やがて…;;;<0082> Un peu plus tard...
<0083> ミーーーーーーン…;;;<0083> \bBzzzzzz\u...
<0084> セミは鳴きながら、俺の頭上を飛んでいった。;;;<0084> Une cigale passa au-dessus de ma tête en chantant.
<0085> \{観鈴}「わたし、勝った…」;;;<0085> J'ai... gagné...
<0086> \{観鈴}「ぶいっ」;;;<0086> \bV\u !
<0087> 出てきた観鈴が、俺の前でＶサインをする。;;;<0087> Misuzu sortit et m'adressa un V de la victoire.
<0088> \{\m{A}}「よくやった」;;;<0088> Bien joué.
<0089> 俺は労う。;;;<0089> Je lui montrai ma reconnaissance.
<0090> \{\m{A}}「いろんな犠牲を払ったようだけどな…」;;;<0090> Ça a dû être une sacrée bataille, là-dedans...
<0091> \{観鈴}「はい、食べよ」;;;<0091> Tiens, tu peux manger.
<0092> 平然と並べられた俺のベーコンエッグ…。;;;<0092> dit-elle d'un ton posé en me présentant mes œufs au bacon.
<0093> 箸で、つついたり、裏返したりしてみる。;;;<0093> J'appréciai la texture avec mes baguettes, puis les retournai.
<0094> 見た目では妙なところはないが…。;;;<0094> Rien à dire au niveau de l'apparence, mais...
<0095> \{観鈴}「ん？  \m{A}さん、どうしたのかな」;;;<0095> Hmn ? \m{A}-san, qu'y a-t-il ?
<0096> \{\m{A}}「おまえ、これ…なにかあっただろ」;;;<0096> Dis-moi... Est-ce qu'il leur est arrivé quelque chose ?
<0097> \{観鈴}「なんにもないよ。なんにもない」;;;<0097> Rien du tout. Rien du tout.
<0098> \{観鈴}「おいしい、もぐもぐ」;;;<0098> C'est bon. Miam-miam.
<0099> 自分のだけ、美味しそうに食べている。;;;<0099> Elle dégustait sa propre assiette.
<0100> \{\m{A}}「………」;;;<0100> .........
<0101> ぐぅ～…;;;<0101> \bGargouille~\u...
<0102> \{\m{A}}（嫌な感じはするが、仕方がない…）;;;<0102> J'ai un mauvais pressentiment, mais pas le choix...
<0103> 食べることにした。;;;<0103> Je me décidai à manger.
<0104> もぐもぐ…;;;<0104> \bNom nom\u...
<0105> \{観鈴}「………」;;;<0105> .........
<0106> ジッと観鈴の目がこっちを見ていた。;;;<0106> Misuzu me dévisageait, immobile.
<0107> \{\m{A}}「なんだよ、その、うわ、本当に食べちゃってるっ、ていう目はよ…」;;;<0107> Qu'est-ce qu'il y a ? Tes yeux ont l'air de dire : 'Beurk, il est vraiment en train de manger ça...'.
<0108> \{観鈴}「そんな目してないよ。してない」;;;<0108> Mais non. C'est juste une impression.
<0109> \{\m{A}}「そっかよ…」;;;<0109> Vraiment...?
<0110> ぱくぱく…;;;<0110> \bNom nom\u...
<0111> \{観鈴}「おいしい？」;;;<0111> C'est bon ?
<0112> \{\m{A}}「おいしいよ…」;;;<0112> C'est bon...
<0113> \{観鈴}「セミっぽくない？」;;;<0113> Ça n'a pas un goût de cigale ?
<0114> \{\m{A}}「どういう意味だよ、それはっ」;;;<0114> Qu'est-ce que ça veut dire, ça ?
<0115> \{観鈴}「なんでもない。なんでもないよー」;;;<0115> Rien du tout. Rien du tout—.
<0116> \{\m{A}}「………」;;;<0116> .........
<0117> 朝食を食べた後、洗い物をする観鈴を待つ。;;;<0117> Le petit-déjeuner consommé, j'attendis que Misuzu fasse la vaisselle.
<0118> \{観鈴}「終わった」;;;<0118> Fini.
<0119> 観鈴が現れる。;;;<0119> Misuzu réapparut.
<0120> \{\m{A}}「ご苦労さん」;;;<0120> Bon travail.
<0121> \{観鈴}「わたし、学校」;;;<0121> Maintenant, l'école.
<0122> \{観鈴}「\m{A}さん、どうする？」;;;<0122> Et toi \m{A}-san, tu vas faire quoi ?
<0123> \{\m{A}}「ついてゆく」;;;<0123> Je vais t'accompagner.
<0124> \{\m{A}}「晴子から頼まれたんだ」;;;<0124> C'est Haruko qui me l'a demandé.
<0125> \{観鈴}「なにを？」;;;<0125> Elle t'a demandé quoi ?
<0126> \{\m{A}}「お目付役だ。おまえが馬鹿なことをしでかさないように」;;;<0126> De garder un œil sur toi. Pour que tu ne fasses rien de stupide.
<0127> \{観鈴}「はぁ…わたしまるで信用ナシ」;;;<0127> Haa... Elle n'a aucune confiance en moi.
<0128> \{\m{A}}「だから、学校までは送る」;;;<0128> Et donc, je vais t'accompagner jusqu'à l'école.
<0129> \{観鈴}「うん。一緒にいこ」;;;<0129> D'accord. On partira à deux.
<0130> \{観鈴}「用意するから、待っててね」;;;<0130> Je vais me préparer, attends un peu.
<0131> ぱたぱたと部屋を出てゆく。;;;<0131> Elle détalla dans sa chambre.
<0132> 今度は支度を済ませる観鈴を待つ。;;;<0132> Je patientais en attendant que Misuzu soit prête.
<0133> \{\m{A}}（待ってばっかだな…）;;;<0133> Je passe mon temps à attendre...
<0134> 家事はあいつがすべてこなしているのだから、それも仕方がない。;;;<0134> En même temps, je n'avais pas vraiment le choix, puisque Misuzu s'occupait de tout dans la maison.
<0135> \{\m{A}}（そういうところはしっかりしてるのにな…）;;;<0135> Je dois bien reconnaître qu'elle sait se débrouiller...
<0136> \{\m{A}}（考えることはガキなんだよな…）;;;<0136> Mais elle réfléchit encore comme un gosse.
<0137> ………。;;;<0137> ..........
<0138> \{観鈴}「お待たせ」;;;<0138> Désolée pour l'attente.
<0139> 制服姿に着替えた観鈴がようやく門から出てくる。;;;<0139> Elle passa la porte, maintenant vêtue de son uniforme.
<0140> \{観鈴}「\m{A}さん、支度もなにもないんだね。手ぶら？」;;;<0140> \m{A}-san, tu n'emmènes rien avec toi ? Tu pars les mains vides ?
<0141> 歩き出す俺の体をあちこち見る。;;;<0141> Quand je me mis en marche, elle me fouilla du regard.
<0142> \{観鈴}「あ、なにか見っけ」;;;<0142> Ah, j'ai trouvé quelque chose.
<0143> ズボンの後ろポケットを見て、観鈴が好奇心に目を光らせる。;;;<0143> Elle fixait d'un œil curieux et insistant la poche arrière de mon pantalon.
<0144> 俺は飛び退く。;;;<0144> Je fis un pas de côté.
<0145> \{観鈴}「あれ？  どうしたの？」;;;<0145> Hmm ? Quelque chose ne va pas ?
<0146> そこに入っているのは俺の商売道具である人形だ。;;;<0146> C'était là que je gardais mon gagne-pain.
<0147> これだけを見つけられたら、何を言われるかわからない。;;;<0147> Je ne voulais pas imaginer les rumeurs si quelqu'un l'apercevait.
<0148> 人形を後生大事に持ち続けているいい歳の男なんて不気味すぎる。;;;<0148> C'était un peu malsain qu'un homme de mon âge emportât religieusement une marionnette partout où il allait.
<0149> しかも説明は面倒だった。;;;<0149> En outre, ce serait pénible à expliquer.
<0150> \{観鈴}「なにかな。顔あった」;;;<0150> C'est quoi ? Ça avait un visage.
<0151> \{\m{A}}「目の錯覚だ」;;;<0151> Juste une illusion d'optique.
<0152> \{観鈴}「小人さんかな」;;;<0152> C'est un lutin ?
<0153> \{\m{A}}「んなわけないだろ」;;;<0153> Comme si c'était possible.
<0154> \{観鈴}「おもちゃ？」;;;<0154> Un jouet ?
<0155> \{\m{A}}「違う」;;;<0155> Non plus.
<0156> \{観鈴}「ヒント」;;;<0156> Un indice !
<0157> \{\m{A}}「クイズじゃない」;;;<0157> C'est pas un quiz.
<0158> \{観鈴}「秘密？」;;;<0158> C'est un secret ?
<0159> \{\m{A}}「そう、秘密だ」;;;<0159> Ouaip. Un secret.
<0160> \{観鈴}「うーん…」;;;<0160> Hmm...
<0161> \{観鈴}「ペットかな。ポケットで飼ってるの」;;;<0161> C'est ton animal de compagnie, et il vit dans ta poche ?
<0162> \{\m{A}}「考えるな」;;;<0162> Arrête d'y réfléchir.
<0163> \{観鈴}「うーん、じゃあねぇ…」;;;<0163> Hmm, dans ce cas...
<0164> 鬱陶しいったらありゃしない…。;;;<0164> Elle commençait à m'énerver.
<0165> \{\m{A}}（案外こいつのお目付役、というのも楽じゃないぞ…）;;;<0165> Je ne pensais pas que garder un œil sur elle serait aussi pénible...
<0166> こういうときは、別に興味を引く物を探すしか…;;;<0166> Il fallait que je trouve quelque chose pour la distraire...
<0167> 俺は空を見上げた。;;;<0167> Je regardai en l'air.
<0168> \{\m{A}}「あ…」;;;<0168> Ah...
<0169> ばっ、と目の前で何かが羽ばたいた。;;;<0169> Quelque chose passa juste devant moi en battant des ailes.
<0170> \{観鈴}「わっ」;;;<0170> Wah !
<0171> 観鈴も声をあげる。;;;<0171> Misuzu lâcha un cri.
<0172> だが、正体を知ってしまうとなんのことはなかった。;;;<0172> Mais une fois qu'on eut réalisé ce que c'était, sa surprise se tarit.
<0173> カラスだった。地面に何かを探すように歩いていた。;;;<0173> C'était un corbeau. Il marchait au sol, ayant l'air de chercher quelque chose.
<0174> \{観鈴}「カラスだ」;;;<0174> C'est un corbeau.
<0175> だが、それで十分だった。観鈴の興味の対象が逸れる。;;;<0175> Et ça lui suffit. Elle en détourna son attention.
<0176> \{観鈴}「ね、ちょっといい？」;;;<0176> Hé, je peux ?
<0177> \{\m{A}}「なにをするんだ」;;;<0177> Faire quoi ?
<0178> \{観鈴}「触ってくる」;;;<0178> Aller le toucher.
<0179> \{\m{A}}「なにを」;;;<0179> Toucher quoi ?
<0180> \{観鈴}「カラス」;;;<0180> Le corbeau.
<0181> \{\m{A}}「好きにしてくれ」;;;<0181> Si ça te chante.
<0182> \{観鈴}「\m{A}さん、一緒に触りにいく？」;;;<0182> \m{A}-san, tu viens le toucher avec moi ?
<0183> \{\m{A}}「カラスなんて珍しいものでもないだろう。そんなもの触って何か得があるのか？」;;;<0183> Un corbeau, ça n'a rien de bien rare. Qu'est-ce que je gagne à toucher à truc pareil ?
<0184> \{観鈴}「金一封」;;;<0184> Une enveloppe remplie de sous.
<0185> \{\m{A}}「よし、毛がむしれてツルツルになるまで触りまくってやろう」;;;<0185> Bien ! J'vais lui frotter les plumes jusqu'à ce qu'il ne lui reste que la peau !
<0186> \{観鈴}「うそうそっ」;;;<0186> Je plaisante, je plaisante !
<0187> 意気込んでいこうとした俺の手を観鈴が引っ張る。;;;<0187> Misuzu s'accrocha à moi pour freiner littéralement mon enthousiasme.
<0188> \{\m{A}}「どうして、そんな嘘をつく」;;;<0188> Pourquoi tu m'as menti comme ça ?
<0189> \{観鈴}「だって、信じると思わないもの」;;;<0189> Ben, je pensais pas que tu allais y croire sérieusement.
<0190> \{\m{A}}「………」;;;<0190> .........
<0191> 冷静に考えてみると観鈴の言っていることのほうが正しいと思えてくる。;;;<0191> En y réfléchissant un instant, je dois bien admettre qu'elle avait raison.
<0192> \{\m{A}}「で、カラスはいいのか」;;;<0192> Et donc, tu vas quand même aller toucher le corbeau ?
<0193> \{観鈴}「あ、行ってくるねー」;;;<0193> Ah, je reviens—.
<0194> 言って、ぱたぱたと駆けていった。;;;<0194> dit-elle avant de partir en courant.
<0195> 俺は人形を、深くポケットの中に押し込んだ。;;;<0195> Je poussai ma marionnette bien au fond de ma poche.
<0196> \{\m{A}}（まったくガキな奴…）;;;<0196> Mais quelle gamine, celle-là...
<0197> 見ていると、忍び足にするのかと思えば…;;;<0197> À la regarder, on aurait au moins pu s'imaginer qu'elle aurait pensé à l'approcher discrètement...
<0198> ぱたぱたぱたーっ！;;;<0198> \bClop clop clop\u !
<0199> そのままの勢いでカラスに向かってゆく。;;;<0199> Mais non, elle courait vers le corbeau, le pas plein d'entrain.
<0200> 案の定、カラスは観鈴が触る前に飛び去っていった。;;;<0200> Comme on pouvait s'y attendre, le corbeau décolla avant qu'elle n'eût pu le toucher. 
<0201> \{\m{A}}「馬鹿か、おまえは」;;;<0201> T'es un peu bête, non ?
<0202> 戻ってきた観鈴に対して、開口一番そう言ってやった。;;;<0202> lui dis-je aussitôt qu'elle revint.
<0203> \{観鈴}「ん？  どうして？」;;;<0203> Hmm ? Pourquoi ?
<0204> \{\m{A}}「あんな勢いで近づいていったら、逃げられるに決まってるだろ」;;;<0204> Si tu l'approches comme un gros bourrin comme ça, évidemment qu'il va s'enfuir !
<0205> \{観鈴}「うーん…」;;;<0205> Hmm...
<0206> \{観鈴}「前もね、小さなカラスがいたから、寄っていったら逃げられちゃった」;;;<0206> Tu vois, une fois, j'ai vu un petit corbeau. Et il s'est enfui dès que je m'en suis approché.
<0207> \{観鈴}「友達になれるかなって思ったのに」;;;<0207> J'avais pensé qu'on aurait pu devenir amis.
<0208> \{\m{A}}「そのときも、さっきみたく走り寄っていったんだろ」;;;<0208> Et cette fois-là, tu lui as foncé dessus comme tu viens de le faire à l'instant ?
<0209> \{観鈴}「うん」;;;<0209> Oui.
<0210> \{\m{A}}「おまえ、クラスメイトに対しても、がおーっ！とか言って迫っているんじゃないのか？」;;;<0210> Ne me dis pas que tu fonces aussi sur les gens de ta classe en criant 'gaoo !' ?
<0211> \{観鈴}「してないしてない」;;;<0211> Mais non, mais non.
<0212> ぱたぱたと手を振る。;;;<0212> Elle agita ses mains en signe de négation.
<0213> \{観鈴}「でも、悪気がないのに、こそっと近づくのもヘンだと思うし」;;;<0213> Mais bon... je n'avais pas de mauvaises attentions, alors pourquoi je devrais me faire discrète pour l'approcher ?
<0214> \{\m{A}}「そんなことだったら、いつまでたっても触れないぞ」;;;<0214> Si tu continues comme ça, c'est pas demain la veille que tu risques d'en toucher un.
<0215> \{観鈴}「うん、そうだねー」;;;<0215> Ah bon, peut-être bien—.
<0216> 考えを改める気もないらしく、曖昧な笑みを浮かべる。;;;<0216> Vu le sourire vague qu'elle m'adressait, elle ne devait pas y avoir beaucoup réfléchi.
<0217> きっといつまでも、カラスに駆け寄っては、逃げられることを繰り返すのだろう、こいつは。;;;<0217> À mon avis, elle continuerait de courir après les corbeaux, et à chaque fois, ils s'enfuiraient.
<0218> \{観鈴}「急がないとダメでしたぁ…」;;;<0218> On aurait dû se dépêcher...
<0219> 校門前に辿り着いたときには、チャイムも鳴り終え、他に登校する学生もいないような時間だった。;;;<0219> Quand nous atteignîmes enfin les portes de son école, la sonnerie retentit. Il n'y avait déjà plus d'élèves à l'entrée. 
<0220> \{観鈴}「にはは…」;;;<0220> Nihaha...
<0221> 俺は悪くない。;;;<0221> Ce n'était pas \bma\u faute.
<0222> \{観鈴}「終業式の途中から入るのは恥ずかしいから、ＨＲから出ようっと」;;;<0222> C'est un peu gênant d'entrer en plein milieu de la cérémonie de clôture estivale, alors j'entrerai pendant la Vie de classe.
<0223> \{\m{A}}「いいのか、そんな適当で」;;;<0223> T'es sûre que ça ne posera pas de problème ?
<0224> \{観鈴}「うん、いいと思う」;;;<0224> Oui, je pense que ça ira.
<0225> \{観鈴}「誰も心配しないし」;;;<0225> Personne ne s'inquiètera pour moi, de toute façon.
<0226> \{観鈴}「はぁーっ、気持ちいい」;;;<0226> Haa— ! Ça fait du bien.
<0227> \{\m{A}}「余裕だな。おまえ、不良学生だろ」;;;<0227> T'as pas l'air perturbée. T'es une délinquante ?
<0228> \{観鈴}「そんなことないない」;;;<0228> Mais non-non.
<0229> ぱたぱたと手を振る。;;;<0229> Elle agita ses mains en signe de négation.
<0230> \{観鈴}「ま、友達は少ないけどね」;;;<0230> Mais bon, je n'ai pas beaucoup d'amis.
<0231> \{観鈴}「にははっ」;;;<0231> Nihaha !
<0232> \{\m{A}}「出会ったときも、そこでそうしていたな」;;;<0232> Tu faisais la même chose quand on s'est rencontrés.
<0233> \{観鈴}「うん」;;;<0233> C'est vrai.
<0234> \{観鈴}「空はね、小さい頃から、ずっと思いを馳せてた」;;;<0234> Depuis que je suis toute petite, j'ai toujours été obsédée par le ciel.
<0235> \{\m{A}}「どうして」;;;<0235> Pourquoi ça ?
<0236> \{観鈴}「わかんない。ただ…」;;;<0236> Je sais pas. Mais...
<0237> \{観鈴}「もうひとりのわたしが、そこにいる」;;;<0237> Il y a une autre moi, là-haut.
<0238> \{観鈴}「そんな気がして」;;;<0238> Un truc comme ça.
<0239> 風が吹く。風上に立つ観鈴の匂いを含んで、俺を通り抜けた。;;;<0239> Le vent se leva. Misuzu se tenait face à lui, y mêlant son odeur qui arrivait jusqu'à moi.
<0240> \{観鈴}「それってロマンチックだよね」;;;<0240> Ce doit être ça, du 'romantique'.
<0241> \{観鈴}「本当の自分が空にいるなんて、すごく気持ちがよさそう」;;;<0241> Ça me fait vraiment plaisir, de me dire que mon vrai moi se trouve dans le ciel.
<0242> \{観鈴}「ずっと風に吹かれて、どこまでも遠くを見渡せて…」;;;<0242> De pouvoir me joindre au vent, de voir jusqu'à l'horizon.
<0243> \{観鈴}「地上にいることなんて、ぜんぶちっぽけに見えて…」;;;<0243> Tout ce qui serait à la surface aurait l'air riquiqui...
<0244> \{観鈴}「きっとすごく、優しい気持ちになれるんだよね」;;;<0244> Je suis sûre que ce serait très agréable.
<0245> \{観鈴}「………」;;;<0245> .........
<0246> 俺は目を細めて、逆光の中にいる観鈴を見た。;;;<0246> Je lui lançai un regard oblique, à elle qui baignait dans la lumière du soleil.
<0247> その姿が、俺の中に取りついたイメージと被る。;;;<0247> Cette vision réveilla en moi une image enfouie.
<0248> \{\m{A}}「なら、俺が探してるのは、もうひとりのおまえだ」;;;<0248> Dans ce cas, ce que j'ai tant cherché, c'est ton autre toi.
<0249> 俺はそう口に出していた。;;;<0249> laissai-je échapper à voix haute.
<0250> \{観鈴}「え…？」;;;<0250> Eh...?
<0251> \{観鈴}「\m{A}さん、ひとを探してるの？」;;;<0251> \m{A}-san, tu cherches quelqu'un ?
<0252> \{\m{A}}「ああ」;;;<0252> Ouais.
<0253> \{観鈴}「そのひとって…空の上にいるの？」;;;<0253> Et cette personne... Elle est dans le ciel ?
<0254> \{\m{A}}「そうだ」;;;<0254> Exactement.
<0255> 観鈴はもう一度顔をあげる。;;;<0255> Misuzu leva de nouveau la tête.
<0256> この堤防の上からは、少し顎を持ち上げれば、その先は空だった。;;;<0256> Perché sur cette digue, il suffisait de lever le menton pour contempler les cieux.
<0257> …この空の向こうには、翼を持った少女がいる。;;;<0257> ... De l'autre côté de ce ciel, il y a une fille pourvue d'ailes.
<0258> …それは、ずっと昔から。;;;<0258> ... Elle y est depuis bien longtemps.
<0259> …そして、今、この時も。;;;<0259> ... Et encore maintenant.
<0260> …同じ大気の中で、翼を広げて風を受け続けている。;;;<0260> ... Dans le même air, elle étreint le vent de ses ailes déployées.
<0261> それは俺が幼い頃、母に聞かされた言葉だった。;;;<0261> Tels furent les mots que me conta ma mère quand j'étais tout petit.
<0262> 意味はよくわからない。;;;<0262> Je n'en avais pas saisi le sens.
<0263> 詳しいことを教えるより先に、母は死んでしまった。;;;<0263> Elle était décédée avant qu'elle ne pût me les expliquer.
<0264> それ以来、俺は一人で旅を続けてきた。;;;<0264> Depuis lors, je voyageais, seul.
<0265> 空にいる少女の話。;;;<0265> L'histoire d'une fille dans le ciel.
<0266> 古ぼけた人形。;;;<0266> Une marionnette décrépite.
<0267> このふたつだけが、俺の道連れだった。;;;<0267> Ces deux choses étaient mes compagnons de route.
<0268> 気が付くと、観鈴が俺を真っ直ぐに見ていた。;;;<0268> Je remarquai bientôt que Misuzu me regardait droit dans les yeux.
<0269> 思わず俺は苦笑いした。;;;<0269> Je me surpris à esquisser un sourire amer.
<0270> 空に憧れる少女。ありふれた存在だった。;;;<0270> Qu'une fille admire le ciel, c'était banal.
<0271> \{\m{A}}「馬鹿、冗談だ」;;;<0271> Idiote. C'était une blague.
<0272> \{\m{A}}「もしも空が飛べるなら、おまえはここにいないだろ？」;;;<0272> Si t'étais vraiment en train de voler dans le ciel, comment tu pourrais être ici ?
<0273> \{観鈴}「その子は、飛べるのかな」;;;<0273> Cette fille, est-ce qu'elle peut voler ?
<0274> \{\m{A}}「ああ。飛べる」;;;<0274> Ouais. Elle peut voler.
<0275> \{\m{A}}「翼を持っているんだ」;;;<0275> Elle a des ailes.
<0276> \{観鈴}「すごい。わたしも欲しいな」;;;<0276> C'est génial ! Moi aussi, j'aimerais avoir des ailes.
<0277> 観鈴が堤防から飛び降りる。;;;<0277> Misuzu sauta de la digue.
<0278> そして、顎を上げたままで、ぱたぱたと走っていった。;;;<0278> Et, le menton levé, courut en agitant ses bras.
<0279> 空を飛んでいる気分でいるのだろうか。;;;<0279> Peut-être essayait-elle de ressentir ce que ça faisait de voler dans les airs.
<0280> \{\m{A}}「危ないぞ」;;;<0280> Attention !
<0281> べちっ！;;;<0281> \bBam\u !!
<0282> もろ転けていた。;;;<0282> Elle avait trébuché.
<0283> \{\m{A}}「馬鹿…」;;;<0283> Idiote...
<0284> 泣きそうな顔で起きあがる。;;;<0284> Elle leva la tête, l'air prête à pleurer.
<0285> 遠くだったから聞こえなかったが、またあの口癖を言っているのだろう。;;;<0285> Elle était trop loin pour que je l'entende, mais elle devait probablement avoir lâché son fameux tic.
<0286> とてとてと歩いて戻ってくる。;;;<0286> Elle revint à petits pas.
<0287> \{観鈴}「やっぱり、羽がないと飛べなかった」;;;<0287> Forcément, sans ailes, je ne pouvais pas voler.
<0288> \{\m{A}}「当然だろ…」;;;<0288> Bien évidemment...
<0289> おかしな奴だった。;;;<0289> Quelle énergumène.
<0290> \{\m{A}}「そんなに飛びたいんだったら、飛行機にでも乗れよな」;;;<0290> Si tu tiens tant que ça à voler, monte dans un avion.
<0291> \{観鈴}「それはやっぱり違うよ」;;;<0291> C'est pas la même chose.
<0292> \{\m{A}}「なにが」;;;<0292> Pourquoi ?
<0293> \{観鈴}「自分の体で風を切る。それは、本当に自分で飛ばないとできないことだもの」;;;<0293> Il faut que je laisse mon corps voler au gré du vent. Ce n'est que comme ça que je pourrais réellement voler.
<0294> \{\m{A}}「そうか？  俺にはどっちも変わらない気がするけどな…」;;;<0294> Vraiment ? Pour moi, c'est du pareil au même.
<0295> \{観鈴}「あ、そろそろわたし、いくね」;;;<0295> Ah, il faut que j'y aille.
<0296> 観鈴が身を翻す。;;;<0296> Misuzu se tourna.
<0297> \{\m{A}}「ああ」;;;<0297> Ouais.
<0298> \{観鈴}「またお昼ー」;;;<0298> On se voit à midi—.
<0299> 校門に向けて駆けていった。;;;<0299> Elle décampa en direction de l'entrée de l'école.
<0300> \{\m{A}}「さて…」;;;<0300> Et maintenant...
<0301> 俺は堤防から飛び降りる。;;;<0301> Je descendis de la digue.
<0302> \{\m{A}}（とっとと旅費を稼いでこの町ともおさらばといこうぜ…）;;;<0302> Je vais me dépêcher de gagner de quoi me payer le transport, puis me barrer de ce village...
<0303> できるだけ人の多い場所を探して、芸を行おう。;;;<0303> Pour ça, il me fallait trouver un endroit suffisamment bondé.
<0304> とりあえずこの場には人気がなかったから、動くべきだった。;;;<0304> En tout cas, je ne me sentais pas de faire ça ici, il n'y avait pas un rat.
<0305> 道を戻る;;;<0305> Rebrousser chemin
<0306> 学校の中に入る;;;<0306> Entrer dans l'école
<0307> 道を戻ることにする。;;;<0307> Je décidai de rebrousser chemin
<0308> \{\m{A}}「終業式だとか言っていたよな、確か…」;;;<0308> Elle a dit que c'était la cérémonie de clôture estivale, c'est vrai ça...
<0309> 校長の話が終わった後に、おもむろに壇上にかけあがり…;;;<0309> Après que le directeur eut fini son discours, je montai pas à pas sur l'estrade.
<0310> \{\m{A}}「いやぁ、退屈なお話だったな」;;;<0310> Hé, il était pas un peu barbant son discours ?
<0311> \{\m{A}}「さてお次は俺様の人形劇で大いに笑ってくれ」;;;<0311> Maintenant, c'est l'heure de mon incroyable spectacle de marionnettes qui va vous faire mourir de rire !
<0312> \{学生たち}「いやっほーぅ！  \m{B}最高ー！」;;;<0312> Woohooo ! \m{B}, t'es le meilleur— !
<0313> \{女子学生}「あら、わたし惚れちゃいそう。うふ」;;;<0313> Oh, je crois que je suis tombée sous le charme. Hi hi !
<0314> などという好都合な展開になるはずもなし…。;;;<0314> C'était trop beau pour être vrai...
<0315> 壇上にあがったところで教師たちに捕まって、追い出されるのがオチだろう。;;;<0315> Ce qui était plus vraisemblable, c'était que je me fasse attraper et jeter dehors pas des enseignants.
<0316> やめておこう。;;;<0316> Restons-en là.
<0317> 俺は道を戻ることにする。;;;<0317> Je me décidai à rebrousser chemin.
<0318> ここにも誰もいないが…;;;<0318> Ici non plus, pas un rat.
<0319> 店があるぐらいなんだから、人通りがあるのだろう。;;;<0319> Vu qu'il y avait un magasin, je m'attendais à peu plus de trafic dans le coin.
<0320> だがその店も、本日は商売あがったりだ。;;;<0320> Mais de toute façon, ce magasin pouvait déjà fermer boutique.
<0321> なぜなら今から人の流れは俺の前で停滞することになるからだ。;;;<0321> Pourquoi, me demandez-vous ? Parce que tout le village n'aurait bientôt que d'yeux pour mon spectacle.
<0322> \{\m{A}}「武田商店やぶれたり！…ふははっ」;;;<0322> T'es foutu, Magasin Takeda ! ... Fuhaha !
<0323> 意味不明に勝ち誇る。;;;<0323> Je savourais une curieuse victoire.
<0324> \{\m{A}}「馬鹿なことを言ってないで、始めるか…」;;;<0324> Assez de bêtises, au travail...
<0325> 後ろポケットから人形を取り出し、地面に置く。;;;<0325> Je sortis ma marionnette de ma poche et la posai au sol.
<0326> \{\m{A}}「さあ、楽しい人形劇の始まりだ」;;;<0326> Allez ! Que le super spectacle de marionnettes commence !
<0327> とことことこ…;;;<0327> \bPadoum padoum padoum\u...
<0328> 人形が歩きはじめる。;;;<0328> Elle commença a marcher.
<0329> とことことこ…;;;<0329> \bPadoum padoum padoum\u...
<0330> …とことことこ…;;;<0330> ... \bPadoum padoum padoum\u...
<0331> とことこ…;;;<0331> \bPadoum padoum\u...
<0332> ………。;;;<0332> ..........
<0333> ……。;;;<0333> .......
<0334> …。;;;<0334> ....
<0335> \{子供}「おっちゃーん、アイスちょーだーいっ！」;;;<0335> M'sieur, une glace s'il vous plaît !
<0336> 子供ふたりが目の前の店に吸い込まれてゆく。;;;<0336> Deux enfants passèrent devant moi, attirés par le magasin.
<0337> \{\m{A}}「………」;;;<0337> .........
<0338> \{\m{A}}「人形劇、やぶれたり…」;;;<0338> Mon spectacle, annihilé...
<0339> 俺は膝をつく。;;;<0339> Je tombai à genoux.
<0340> しばらくこの暑さの中、気力を使いながら突っ立っていたから、意識が朦朧としている。;;;<0340> Dans cette chaleur, le simple fait de me tenir debout absorbait toute mon énergie en un rien de temps. Ma conscience se troubla.
<0341> \{\m{A}}「この町のガキはなにを考えてるんだ…」;;;<0341> Mais qu'est-ce qu'ils ont les gosses dans ce village...
<0342> \{\m{A}}「こんな日差しのきつい日中には、人形劇を見て笑って、暑さを忘れる」;;;<0342> Avec un temps pareil, ils devraient regarder mon spectacle de marionnettes pour rire et oublier la chaleur.
<0343> \{\m{A}}「なにがアイスだ…」;;;<0343> Qu'est-ce qu'elle a de mieux, cette glace...?
<0344> \{\m{A}}「………」;;;<0344> .........
<0345> \{\m{A}}「俺も食いてぇ」;;;<0345> Moi aussi, j'en veux...
<0346> 暑いと、プライドも関係なくなる。;;;<0346> Même ma fierté fondait au soleil.
<0347> 俺はポケットを漁ってみる。;;;<0347> Je fouillai dans mes poches.
<0348> 出てくるのは紙くずばかりだった。;;;<0348> Mais tout ce que j'en sortis, ce furent des bouts de papier.
<0349> ふたりの子供が手にアイスを持って、店から出てくる。;;;<0349> Les deux enfants sortirent du magasin, une glace dans les mains.
<0350> \{子供}「おいしいねぇ、このバニラバー」;;;<0350> Elle est trop bonne, cette barre à la vanille—.
<0351> \{\m{A}}（バニラだけで勝負できる味なのか…どんなバニラなんだ…食いてぇ）;;;<0351> Battu par un goût vanille... Quel genre de vanille...? J'en veux.
<0352> \{子供}「ぼくのは三色アイスだよ。バニラ、ストロベリー、チョコ、みっつの味が楽しめるんだ！」;;;<0352> La mienne a trois couleurs : vanille, fraise, chocolat. Comme ça, je peux déguster trois saveurs différentes !
<0353> \{子供}「上から順番に食べて、チョコにたどり着いたときの感動といったら、そりゃもうすごいんだ！」;;;<0353> Commencer par celle du dessus, les goûter une à une, et finir par savourer le chocolat, quel bonheur !
<0354> \{\m{A}}（すごいのか！泣けるのか！…食いてぇ）;;;<0354> Un bonheur ?! À en pleurer ?! ... J'en veux.
<0355> いつの間にか、俺は子供ふたりの前に立ちつくしていた。;;;<0355> Sans m'en rendre compte, je m'étais retrouvé face à eux.
<0356> \{子供}「わ、どうしたの、お兄ちゃん？」;;;<0356> Wah, qu'est-ce qu'il y a, monsieur ?
<0357> \{\m{A}}「………」;;;<0357> .........
<0358> なんでもない振りをする;;;<0358> Faire comme si de rien n'était
<0359> せがむ;;;<0359> Insister
<0360> ここはぐっと堪えよう…。;;;<0360> Il me fallait résister...
<0361> \{\m{A}}「ぐっ…」;;;<0361> Argh...!
<0362> 口を固く結ぶ。;;;<0362> Je me forçai à me taire.
<0363> \{子供}「このお兄ちゃん、どうしてこんな顔してるの？」;;;<0363> Ce monsieur... Pourquoi il fait une tête pareille ?
<0364> \{子供}「欲しいんじゃない、ぼくたちのアイス」;;;<0364> On dirait que nos glaces lui font envie.
<0365> …バレバレだった。;;;<0365> ... En plein dans le mille.
<0366> \{\m{A}}（いや、違うぞ。断じて違うんだぞ）;;;<0366> Nan, rien à voir. Absolument pas.
<0367> 心の中で呟く。;;;<0367> Ma conscience me le dictait.
<0368> そして、何もつけていない手首を見る。;;;<0368> Je jetai alors un coup d'œil à mon poignet nu.
<0369> \{\m{A}}「ったく…遅いな」;;;<0369> Punaise... Elle est en retard.
<0370> ベタな作戦だった。;;;<0370> C'était là ma stratégie à deux balles.
<0371> \{子供}「………」;;;<0371> .........
<0372> ふたりの子供はその場から離れようとしない。;;;<0372> Ni l'un ni l'autre n'avaient l'air de vouloir partir.
<0373> 俺も人待ちの振りをしてしまった以上、先に動くわけにはいかなかった。;;;<0373> Et comme j'avais fait semblant d'attendre quelqu'un, moi non plus, je ne pouvais pas partir comme ça.
<0374> \{\m{A}}「………」;;;<0374> .........
<0375> ぺろぺろ…;;;<0375> \bSlurp slurp\u...
<0376> \{\m{A}}「………」;;;<0376> .........
<0377> ぺろぺろ…;;;<0377> \bSlurp slurp\u...
<0378> \{\m{A}}（誰でもいいっ、きてくれっ！）;;;<0378> Quelqu'un, n'importe qui ! Sauvez-moi !
<0379> 心からの叫び。;;;<0379> C'était ma conscience qui criait.
<0380> それに答えるように、遠くから近づいてくる人影。;;;<0380> Comme pour me répondre, une ombre apparut au loin.
<0381> …婆さんだった。;;;<0381> ... C'était une mémé.
<0382> のっそりのっそりと歩いてくる。;;;<0382> Une mémé qui avançait à grand-peine.
<0383> \{\m{A}}「………」;;;<0383> .........
<0384> この際誰でもいい。;;;<0384> À ce point-là, n'importe qui aurait fait l'affaire.
<0385> \{\m{A}}「やっときやがったか…」;;;<0385> Te voilà enfin...
<0386> 俺は捨て台詞を残して、老婆の元に歩み寄る。;;;<0386> Ayant dit cela, je marchai jusqu'à la vieille femme.
<0387> これで俺のプライドは保たれた。;;;<0387> Grâce à ça, ma fierté était intacte.
<0388> 後は、適当に話しかけながら、この場を共に去ろう。;;;<0388> Il ne me restait plus qu'à trouver un sujet de conversation adéquat, puis de quitter l'endroit à ses côtés.
<0389> \{\m{A}}「婆さん、暑いな」;;;<0389> Alors ma petite dame, il fait chaud, hein ?
<0390> \{観鈴}「あ、\m{A}さん、みっけ」;;;<0390> Ah, \m{A}-san, trouvé !
<0391> ぐあ…;;;<0391> Argh...
<0392> \{\m{A}}「なんでおまえはあと十秒、早く現れないんだっ」;;;<0392> T'aurais pas pu venir ne serait-ce que dix secondes plus tôt ?!
<0393> \{観鈴}「ん？  なになに？」;;;<0393> Hmn ? Qu'est-ce qui se passe ?
<0394> \{婆さん}「なんじゃい、兄ちゃん」;;;<0394> Qu'y a-t-il, jeune homme ?
<0395> 老婆が立ち止まって、俺の顔を見ていた。;;;<0395> La vieille s'arrêta et me déviseagea.
<0396> \{観鈴}「あれ？  お婆さんに話しかけてた？」;;;<0396> Oh ? Tu parlais avec la dame ?
<0397> \{\m{A}}「…気のせいだろ」;;;<0397> ... C'est juste ton imagination.
<0398> \{婆さん}「あんた、確かに話しかけたわい」;;;<0398> Toi, là. Je sais que tu m'as parlé.
<0399> \{\m{A}}「………」;;;<0399> .........
<0400> \{婆さん}「用があるなら、早くお言い」;;;<0400> Si tu as quelque chose à me dire, dépêche-toi de le dire.
<0401> \{\m{A}}「ない」;;;<0401> Non, rien.
<0402> \{婆さん}「年寄りに失礼な男だね！」;;;<0402> On ne t'a jamais appris à respecter tes ainés ?!
<0403> ばしばし！と叩かれる。\shake{2}\shake{2};;;<0403> Elle me rossa avec énergie. \shake{2}\shake{2}
<0404> …無視だ。無視。;;;<0404> Faisons semblant de rien...
<0405> \{観鈴}「それは失礼だよ、\m{A}さん」;;;<0405> C'est malpoli, \m{A}-san.
<0406> …どうすりゃいいんだ。;;;<0406> ... Qu'est-ce que tu voulais que je fasse ?
<0407> \{観鈴}「暑いですね、お婆さん」;;;<0407> Il fait chaud, hein, madame ?
<0408> 代わりに観鈴が間に入って、話を始めた。;;;<0408> Misuzu se glissa entre nous deux et commença à lui faire la conversation.
<0409> \{婆さん}「当然じゃろ、夏なんだから」;;;<0409> Bah évidemment, c'est l'été.
<0410> \{観鈴}「こういうときは、何をすれば涼しくなれると思いますか」;;;<0410> Quand c'est comme ça, qu'est-ce que je devrais faire pour me rafraîchir ?
<0411> \{婆さん}「そこで泳いでこい」;;;<0411> Tu vas là-bas et tu nages.
<0412> 俺はしばらくふたりの会話を聞いていた。;;;<0412> J'écoutais leur conversation.
<0413> 角の向こうまで婆さんを送っていった観鈴が戻ってくる。;;;<0413> Après avoir accompagné la mémé jusqu'au coin de la rue, Misuzu revint à mes côtés.
<0414> \{観鈴}「楽しかった。物知りだった」;;;<0414> C'était rigolo. C'est une vraie encyclopédie.
<0415> \{\m{A}}「そらよかったな」;;;<0415> Content pour toi.
<0416> \{観鈴}「それで…\m{A}さんは何してたの？」;;;<0416> Et toi, \m{A}-san... Qu'est-ce que tu étais en train de faire ?
<0417> \{\m{A}}「おまえは」;;;<0417> Et toi ?
<0418> \{観鈴}「学校は終わったよ。終業式とＨＲだけだもの」;;;<0418> Les cours sont finis. Il n'y avait que la cérémonie de clôture estivale et Vie de classe.
<0419> \{\m{A}}「そっか…」;;;<0419> Je vois...
<0420> \{観鈴}「\m{A}さん、男の子たちと遊んでた」;;;<0420> \m{A}-san, je t'ai vu jouer avec des garçons.
<0421> \{\m{A}}「おまえ、いつからいたんだよ…」;;;<0421> Mais, t'es là depuis quand ?
<0422> \{観鈴}「来たのは、ほんのちょっと前だよ」;;;<0422> Je viens juste d'arriver.
<0423> \{\m{A}}「そうか…」;;;<0423> Ah bon...
<0424> \{観鈴}「\m{A}さん、男の子たちと遊んでたよね」;;;<0424> Tu étais en train de jouer avec des garçons, n'est-ce pas ?
<0425> \{\m{A}}「そうだな…」;;;<0425> Ouais, c'est vrai...
<0426> \{観鈴}「\m{A}さん、ずるい。わたしとは遊んでくれなかったのに」;;;<0426> C'est injuste. Tu voulais même pas jouer avec moi.
<0427> \{\m{A}}「いや、違う。仕事なんだ」;;;<0427> C'est pas pareil. Là, je travaillais.
<0428> \{観鈴}「仕事？」;;;<0428> Tu travaillais ?
<0429> \{\m{A}}「俺の仕事は、子供相手のものなんだ」;;;<0429> Jouer avec des enfants fait partie de mon travail.
<0430> \{\m{A}}「だから、遊んでいるように見えて、働いてる」;;;<0430> Et donc, même si j'avais l'air de m'amuser, en fait, jétais en train de travailler.
<0431> \{観鈴}「ふぅん…」;;;<0431> Hmmm...
<0432> \{観鈴}「どうやってするの、教えてっ」;;;<0432> Et qu'est-ce que tu fais ? Dis-moi !
<0433> \{\m{A}}「嫌だ」;;;<0433> Nan.
<0434> \{観鈴}「教えてほしいなっ」;;;<0434> S'il te plaît !
<0435> \{\m{A}}「帰ってろっ」;;;<0435> Rentre chez toi !
<0436> \{観鈴}「が、がお…」;;;<0436> G-Gao...
<0437> ぽかっ！\shake{8};;;<0437> \bPaf\u ! \shake{8}
<0438> \{観鈴}「イタイ…どうして殴られるかなぁ」;;;<0438> Ouille... pourquoi tu me frappes ?
<0439> \{\m{A}}「おまえの母親に言われたんだよ。その口癖言ったら殴ってやれって」;;;<0439> C'est ta mère qui me l'a demandé. Je dois te frapper à chaque fois que tu dis ce truc.
<0440> \{観鈴}「はぁ…そんな言うこときかないでいいのに」;;;<0440> Haa... Tu ne devrais pas écouter tout ce qu'elle te dit.
<0441> \{観鈴}「ね、どうしてもダメ？」;;;<0441> Hé, tu ne veux pas me dire ?
<0442> \{\m{A}}「ダメだ」;;;<0442> Jamais.
<0443> 俺は背を向ける。;;;<0443> Je lui tournai le dos.
<0444> \{観鈴}「見せてくれたら、おこづかいで好きなものおごるのにな」;;;<0444> Si tu me montres, je t'offrirai quelque chose pour te faire plaisir avec mon argent de poche.
<0445> きゅぴーん！と、音がでるほどの目つきで相手を振り返る。;;;<0445> Le son du jackpot résonna dans ma tête. Je fis volte-face et regardai ma partenaire droit dans les yeux.
<0446> \{\m{A}}「マジか」;;;<0446> Sérieux ?
<0447> \{観鈴}「うん、マジ」;;;<0447> Oui, sérieux.
<0448> \{\m{A}}（…あ…アイス…）;;;<0448> U-une... glace...
<0449> \{\m{A}}「仕方ないな。そこまで言うんなら」;;;<0449> Bon, ben pas le choix, si tu insistes...
<0450> 俺はいそいそと支度に取りかかった。;;;<0450> Je me mis à l'œuvre avec du baume au cœur.
<0451> \{\m{A}}「お兄ちゃんに、それくれないか」;;;<0451> Ça vous dirait de partager avec moi ?
<0452> \{子供}「えーっ、これぼくたちのだよ」;;;<0452> Ehh ?! Mais c'est à nous.
<0453> \{\m{A}}「わかってる。タダってわけじゃない。今から人形劇を見せてやるから」;;;<0453> Je sais bien. Mais ce n'est pas tout. En échange, je vais vous laisser admirer mon spectacle de marionnettes.
<0454> 俺は子供たちの前に人形を置き、念を込める。;;;<0454> Je posai ma marionnette devant les enfants, et y insufflai ma volonté.
<0455> \{\m{A}}「いいか、まるで生きてるように勝手に動き出すからな」;;;<0455> Soyez prêts, elle va se mettre à bouger comme si elle était en vie.
<0456> 興味津々に子供たちが人形に視線をそそぐ。;;;<0456> Leurs regards pleins de curiosité se concentrèrent sur ma marionnette.
<0457> ………。;;;<0457> ..........
<0458> ……。;;;<0458> .......
<0459> …動かない。;;;<0459> ... Elle ne bouge pas.
<0460> \{\m{A}}「あれ…」;;;<0460> Hé...?
<0461> \{子供}「どうしたの、お兄ちゃん？」;;;<0461> Il y a un problème, monsieur ?
<0462> …無意味に歩かせすぎた。;;;<0462> ... J'avais trop marché pour rien.
<0463> もはや俺の気力は精根尽き果てているのだ。;;;<0463> J'avais déjà épuisé toute ma force mentale.
<0464> \{\m{A}}「はは…いつもは悪戯が過ぎるほどに動き回るんだが…」;;;<0464> Haha... d'habitude, elle titube comme quelqu'un qui a trop fait la fête.
<0465> 動け、動け、と心の中で必死に念じる。;;;<0465> Bouge, bouge ! lui suggérai-je de tout mon cœur.
<0466> ぴくぴく…;;;<0466> \bRemue remue\u...
<0467> \{子供}「あ、動いた」;;;<0467> Ah, elle a bougé.
<0468> \{子供}「でもなんだか見ていて痛々しいよ…」;;;<0468> Mais elle fait un peu pitié...
<0469> 片足を痙攣させるように動かすのが精一杯だった。;;;<0469> Même en faisant de mon mieux, je n'arrivais qu'à lui faire remuer un pied.
<0470> \{子供}「アイス溶けないうちに食べようよ」;;;<0470> Mangeons nos glaces avant qu'elles fondent.
<0471> \{子供}「うん、そうだね」;;;<0471> Ouaip, t'as raison.
<0472> 子供ふたりは、アイスをぺろぺろと食べながら、去っていった。;;;<0472> Les deux enfants partirent en léchant leurs glaces.
<0473> ひょおおおおおおぉぉぉぉぉ…;;;<0473> Wouuuuuuuuush...
<0474> \{観鈴}「\m{A}さん、なにしてるの？」;;;<0474> Qu'est-ce que tu fais, \m{A}-san ?
<0475> 観鈴がすぐ後ろに立っていた。;;;<0475> Misuzu se tenait juste derière moi.
<0476> \{\m{A}}「学校は」;;;<0476> Et l'école ?
<0477> \{観鈴}「終わったよ。終業式とＨＲだけだもの」;;;<0477> Finie, il n'y avait que la cérémonie de clôture estivale et Vie de classe.
<0478> \{\m{A}}「そっか…」;;;<0478> Je vois...
<0479> \{観鈴}「\m{A}さん、男の子たちと遊んでた」;;;<0479> \m{A}-san, tu jouais avec des garçons.
<0480> …見てたのか。;;;<0480> ... Elle m'avait vu.
<0481> \{\m{A}}「そうだな…」;;;<0481> Ouais, c'est vrai...
<0482> \{観鈴}「\m{A}さん、ずるい。わたしとは遊んでくれなかったのに」;;;<0482> C'est injuste. Tu ne voulais même pas jouer avec moi.
<0483> \{\m{A}}「いや、違う。仕事だ」;;;<0483> C'est pas pareil. Je travaillais.
<0484> \{観鈴}「仕事？」;;;<0484> Tu travaillais ?
<0485> \{\m{A}}「俺の仕事は、子供相手のものなんだ」;;;<0485> Jouer avec des enfants fait partie de mon travail.
<0486> \{\m{A}}「だから、遊んでいるように見えて、働いてる」;;;<0486> Et donc, même si j'avais l'air de m'amuser, en fait, jétais en train de travailler.
<0487> \{観鈴}「ふぅん…」;;;<0487> Hmmm...
<0488> \{観鈴}「どうやってするの、教えて」;;;<0488> Et qu'est-ce que tu fais ? Dis-moi !
<0489> \{\m{A}}「嫌だ」;;;<0489> Nan.
<0490> \{観鈴}「教えてほしいなっ」;;;<0490> S'il te plaît !
<0491> \{\m{A}}「帰ってろっ」;;;<0491> Rentre chez toi !
<0492> \{観鈴}「が、がお…」;;;<0492> G-Gao...
<0493> ぽかっ！\shake{8};;;<0493> \bPaf\u ! \shake{8}
<0494> \{観鈴}「イタイ…どうして殴られるかなぁ」;;;<0494> Ouille... pourquoi tu me frappes ?
<0495> \{\m{A}}「おまえの母親に言われたんだよ。その口癖言ったら殴ってやれって」;;;<0495> C'est ta mère qui me l'a demandé. Je dois te frapper à chaque fois que tu dis ce truc.
<0496> \{観鈴}「はぁ…そんな言うこときかないでいいのに」;;;<0496> Haa... Tu ne devrais pas écouter tout ce qu'elle te dit.
<0497> \{観鈴}「ね、どうしてもダメ？」;;;<0497> Hé, tu ne veux pas me le dire ?
<0498> \{\m{A}}「ダメだ」;;;<0498> Jamais.
<0499> 俺は背を向ける。;;;<0499> Je lui tournai le dos.
<0500> \{観鈴}「見せてくれたら、おこづかいで好きなものおごるのにな」;;;<0500> Si tu me montres, je t'offrirai quelque chose pour te faire plaisir avec mon argent de poche.
<0501> きゅぴーん！と、音がでるほどの目つきで相手を振り返る。;;;<0501> Le son du jackpot résonna dans ma tête. Je fis volte-face et regardai ma partenaire droit dans les yeux.
<0502> \{\m{A}}「マジか」;;;<0502> Sérieux ?
<0503> \{観鈴}「うん、マジ」;;;<0503> Oui, sérieux.
<0504> \{\m{A}}「仕方ないな。そこまで言うんなら」;;;<0504> Bon, ben pas le choix, si tu insistes...
<0505> 俺はいそいそと支度にかかった。;;;<0505> Je me remis à l'œuvre avec du baume au cœur.
<0506> \{\m{A}}「これだ」;;;<0506> Voilà.
<0507> 俺はズボンのポケットから人形を取り出すと、それを堤防の上に載せた。;;;<0507> Je sortis ma marionnette de la poche de mon pantalon, et la plaçai sur la digue.
<0508> \{観鈴}「人形？」;;;<0508> Une poupée ?
<0509> \{\m{A}}「見ていろ」;;;<0509> Regarde bien.
<0510> ………。;;;<0510> ..........
<0511> ……。;;;<0511> .......
<0512> ぴっ。;;;<0512> \bPop\u !
<0513> 倒れていた人形が起立をした。;;;<0513> La marionnette, jusqu'ici allongée, se leva.
<0514> \{観鈴}「わ…」;;;<0514> Wah...
<0515> とてとてとて…;;;<0515> \bPadoum padoum padoum\u...
<0516> 続いて歩行を開始した。;;;<0516> Elle se mit à marcher.
<0517> 足を右左右左、と交互に動かし。;;;<0517> Elle leva le pied droit, puis le pied gauche, puis de nouveau le pied droit, et de nouveau le pied gauche. Et ainsi de suite.
<0518> \{観鈴}「………」;;;<0518> .........
<0519> とてとてとて…;;;<0519> \bPadoum padoum padoum\u...
<0520> その動きに観鈴が見入る。;;;<0520> Misuzu était fascinée.
<0521> \{\m{A}}「こうして子供を楽しませてやるんだ」;;;<0521> C'est comme ça que j'amuse les enfants.
<0522> \{\m{A}}「母親はこれを生業にしていた。幼い俺もそれに習った」;;;<0522> C'était comme ça que ma mère gagnait sa vie. Elle me l'enseigna quand j'étais encore tout petit.
<0523> \{観鈴}「あ、カラス…」;;;<0523> Ah, un corbeau...
<0524> \{観鈴}「わーいっ」;;;<0524> Youpi !
<0525> 走ってゆく。;;;<0525> Elle partit en courant.
<0526> \{\m{A}}「こらこらっ」;;;<0526> Hé, oh !
<0527> 俺はその頭を鷲掴みにする。;;;<0527> Je l'agrippai par les cheveux pour l'empêcher de partir.
<0528> \{観鈴}「ん？」;;;<0528> Hmn ?
<0529> \{\m{A}}「ん？  じゃないだろっ」;;;<0529> Pas de 'hmn ?' qui tienne !
<0530> \{\m{A}}「おまえな、俺は誰の頼みを聞いて、芸をしてたんだよっ」;;;<0530> Toi, là. Tu peux m'rappeler qui m'a supplié de lui montré mon numéro ?
<0531> \{観鈴}「わたし」;;;<0531> Moi.
<0532> \{\m{A}}「そうだ。おまえの頼みだ」;;;<0532> Exactement. C'est toi qui me l'as demandé.
<0533> \{観鈴}「でもね、カラスは逃げるから、先に触ってくる」;;;<0533> Mais bon, il faut que j'aille toucher le corbeau, avant qu'il ne s'enfuie.
<0534> ぱたぱたと駆けていった。;;;<0534> Elle partit en courant.
<0535> \{観鈴}「あれ？  なんか元気ない？」;;;<0535> Oh ? Tu n'as pas l'air en forme.
<0536> 観鈴が戻ってきた。;;;<0536> Misuzu revint.
<0537> \{\m{A}}「俺の芸は後回し…」;;;<0537> Mon numéro passe après ça...
<0538> \{観鈴}「\m{A}さん？」;;;<0538> \m{A}-san ?
<0539> \{\m{A}}「なんだ、戻ってきてたのか」;;;<0539> Quoi ? Ah, t'es revenue.
<0540> \{観鈴}「うん。やっぱり逃げられちゃった」;;;<0540> Oui. Il s'est encore enfui.
<0541> \{\m{A}}「そら良かったな」;;;<0541> Content pour toi.
<0542> \{観鈴}「良くないって。ぜんぜんよくないよ」;;;<0542> Mais non. Ça n'a rien de bien, pas du tout.
<0543> \{\m{A}}「じゃ、帰るか」;;;<0543> Allez, on rentre ?
<0544> \{観鈴}「まだ見てないよ、\m{A}さんの芸」;;;<0544> Mais je ne l'ai pas encore vu, ton numéro.
<0545> \{観鈴}「見たいな」;;;<0545> Je veux le voir.
<0546> \{\m{A}}「おまえは…ほんとガキだよな」;;;<0546> T'es vraiment qu'une gamine... Tu sais, ça ?
<0547> \{\m{A}}「カラスは急がないと逃げる。俺は急がないとやる気がなくなるんだ」;;;<0547> C'est vrai que le corbeau risquait de s'enfuir si tu prenais ton temps. Mais moi aussi, je perds ma motivation si tu prends ton temps.
<0548> \{観鈴}「……？」;;;<0548> ......?
<0549> じーこじーこ…;;;<0549> .........
<0550> じぃぃぃぃ…;;;<0550> \bFiiiixe\u...
<0551> \{\m{A}}（ああ、俺はアイスのために、こいつを許そうとしている…）;;;<0551> Aah... Si je recevais une glace en échange, je pourrais même la pardonner...
<0552> \{観鈴}「………」;;;<0552> .........
<0553> \{\m{A}}「仕方のない奴め…」;;;<0553> Je suis un cas désespéré...
<0554> \{観鈴}「わー、ぱちぱちぱち」;;;<0554> Youpi ! Clap clap clap.
<0555> 口で言いながら、拍手をする。;;;<0555> Elle applaudit tout en disant ça.
<0556> 俺は再び人形を堤防の上に置くと、それに念を込める。;;;<0556> De nouveau, jJe posai ma marionnette sur la digue, et y insufflai ma volonté.
<0557> とてとて…;;;<0557> \bPadoum padoum\u...
<0558> 歩き出す。;;;<0558> Elle se mit à marcher.
<0559> \{\m{A}}「どうだ」;;;<0559> Alors ?
<0560> \{観鈴}「すごい…」;;;<0560> Génial...
<0561> \{\m{A}}「他に感想は」;;;<0561> Aucune autre réaction ?
<0562> \{観鈴}「えっと…すごい」;;;<0562> Euh... génial.
<0563> \{観鈴}「………」;;;<0563> .........
<0564> \{\m{A}}「おまえ、馬鹿にしてるだろ」;;;<0564> Tu te moques de moi ?
<0565> \{観鈴}「ううん、ほんと、すごいから…」;;;<0565> Pas du tout. C'est vraiment, vraiment génial...
<0566> \{\m{A}}「すごいんじゃなくて、これはおもしろいものなんだ」;;;<0566> C'est pas juste génial, c'est marrant.
<0567> \{観鈴}「あ、そっか。笑わないとだめなんだねぇ」;;;<0567> Ah, je vois. Il faut que je rigole, dans ce cas.
<0568> \{\m{A}}「ダメもなにも…笑えなかったらそれまでじゃないか」;;;<0568> Si tu fais semblant... Si ça ne te fait par rire, alors c'est un échec.
<0569> \{観鈴}「あ、そっか。ごめん」;;;<0569> Ah, je vois. Désolée.
<0570> \{\m{A}}「………」;;;<0570> .........
<0571> \{観鈴}「あれ…落ち込んでる？」;;;<0571> Oh...? Tu as l'air tout triste.
<0572> \{\m{A}}「そりゃあな…。これで商売やってんだぞ」;;;<0572> Ben... C'est avec ça que je suis censé gagner ma vie, hein.
<0573> \{観鈴}「でも、子供たちは喜ぶんだよね」;;;<0573> Mais bon, les enfants aiment bien, non ?
<0574> \{\m{A}}「………」;;;<0574> .........
<0575> \{観鈴}「子供たちの顔は？」;;;<0575> C'est quoi l'expression sur leur visage quand tu fais ça ?
<0576> \{\m{A}}「一様に真顔」;;;<0576> L'air complètement neutre.
<0577> \{観鈴}「それ、おもしろくないってことだよね…」;;;<0577> Ça veut dire que ce n'est pas très marrant, alors...
<0578> \{観鈴}「でも、それで稼いでるんだよね？」;;;<0578> Mais bon, tu as pu gagner ta vie comme ça, non ?
<0579> \{\m{A}}「小銭をくれるのはその親たちだからな」;;;<0579> Parce que leurs parents me donnaient des petites pièces.
<0580> \{観鈴}「じゃ…」;;;<0580> Mais alors...
<0581> \{観鈴}「おもしろくない？」;;;<0581> Ce n'est même pas marrant ?
<0582> \{\m{A}}「おまえには二度と見せない」;;;<0582> Plus jamais je te le montre.
<0583> \{観鈴}「わ、どうしてそんなこと言うかなぁ…」;;;<0583> Wah, pourquoi tu dis une chose pareille...?
<0584> \{\m{A}}「そこまで、けちょんけちょんに言われたのは初めてだぞ」;;;<0584> C'est la première fois qu'on en parle aussi mal.
<0585> \{観鈴}「だって、なんか普通に歩いてるだけだったし…」;;;<0585> Mais, elle ne fait que marcher, c'est banal.
<0586> \{観鈴}「でも、すごいよねぇ。どうやってるの？  糸かな？」;;;<0586> Mais ça reste génial. Tu fais comment ? Avec des fils ?
<0587> \{\m{A}}「法術だ」;;;<0587> C'est du Houjutsu.
<0588> \{観鈴}「法術って？」;;;<0588> Et c'est quoi, le 'Houjutsu' ?
<0589> \{\m{A}}「手品みたいなもんだ」;;;<0589> C'est comme un tour de magie.
<0590> \{\m{A}}「手品との違いは、タネも仕掛けもないというところだ」;;;<0590> Sauf qu'à la différence d'un tour de magie, il n'y a  pas de trucage.
<0591> \{\m{A}}「こんな力を継いでるんだ、俺の家系は」;;;<0591> On hérite tous de ce pouvoir, dans ma famille.
<0592> \{\m{A}}「昔はもっと、すごい力があったらしい」;;;<0592> Apparemment, nos pouvoirs étaient encore plus incroyables dans le passé.
<0593> \{\m{A}}「だがそれも廃れていった」;;;<0593> Mais bon, ils se sont peu à peu dégradés.
<0594> \{\m{A}}「今や見ての通り、その末裔の人間は、人形を動かすことしかできないんだからな」;;;<0594> Et actuellement, un descendant comme moi peut à peine faire bouger une marionnette.
<0595> \{\m{A}}「しかも、人を楽しませるユーモアもないときた」;;;<0595> Et visiblement, j'ai perdu la capacité de divertir et de faire rire les gens.
<0596> \{\m{A}}「この力は、俺の代で終わりだろうな」;;;<0596> Il semble que ces pouvoirs vont s'éteindre avec moi.
<0597> \{観鈴}「もしかして…わたしが終わらせた？」;;;<0597> Est-ce que... c'est de ma faute s'ils disparaissent ?
<0598> \{\m{A}}「その一端は担ってるだろうな」;;;<0598> On peut dire que t'es en partie responsable...
<0599> \{観鈴}「にはは…」;;;<0599> Nihaha...
<0600> \{\m{A}}「だが、そのほとんどは俺が無能なせいだ。気にするな」;;;<0600> Mais bon, c'est surtout la faute de mon incompétence. Ne t'en fais pas.
<0601> \{観鈴}「でも、\m{A}さんの法術、わたし好き」;;;<0601> Mais moi, je l'aime bien ton Houjutsu, \m{A}-san !
<0602> \{観鈴}「人形さん動かせるんだもんね」;;;<0602> Tu arrives à faire bouger une poupée, quand même.
<0603> \{観鈴}「もう一回やって」;;;<0603> Encore une fois !
<0604> \{\m{A}}「おまえには二度と見せない」;;;<0604> Plus jamais je te le montre.
<0605> \{観鈴}「\m{A}さん、すごくショックだったんだね…」;;;<0605> On dirait que tu es traumatisé...
<0606> \{観鈴}「でもがんばれば、できるようになるよ」;;;<0606> Mais si tu fais de ton mieux, alors tu y arriveras.
<0607> \{観鈴}「にははっ」;;;<0607> Nihaha !
<0608> ぽかっ。;;;<0608> \bPaf\u.
<0609> \{観鈴}「イタイ…どうして殴られるかなぁ」;;;<0609> Ouille... pourquoi tu me frappes ?
<0610> \{観鈴}「にはは笑いはお母さんに認めてもらってるんだよ」;;;<0610> Ma mère m'a autorisée à rire en disant 'nihaha', pourtant.
<0611> \{\m{A}}「終わりだ」;;;<0611> Fin du spectacle.
<0612> \{\m{A}}「で、約束していたあれだが…」;;;<0612> Alors, à propos de ce que tu m'as promis...
<0613> 俺は店先のほうに目線を移す。;;;<0613> Je déplaçai mon regard vers la vitrine.
<0614> \{観鈴}「うん、買ってくるねー」;;;<0614> Ok, je pars l'acheter—.
<0615> ぱたぱたと走っていった。;;;<0615> Elle partit en courant.
<0616> 自販機でジュースを買う観鈴。;;;<0616> Elle acheta une brique de jus de fruits au distributeur.
<0617> 無意味にこっちを向いて、ピースサインをしている。;;;<0617> Elle se retourna, et m'adressa un sourire ridicule en un V de la victoire.
<0618> ぱたぱた…;;;<0618> \bClop clop\u...
<0619> \{観鈴}「はい」;;;<0619> Tiens.
<0620> 戻ってきた観鈴から、買ってきたものを受け取る。;;;<0620> Misuzu revint, et me tendit ce qu'elle venait d'acheter.
<0621> \{\m{A}}「どろり濃厚、ピーチ味…」;;;<0621> Épaisseur extrême, saveur pêche.
<0622> ぼむっ！;;;<0622> \bBam\u !
<0623> 俺は天高く紙パックを蹴り飛ばしていた。;;;<0623> J'envoyai valser le carton d'un coup de pied.
<0624> \{観鈴}「わーっ」;;;<0624> Waah !
<0625> 観鈴がそれを追いかけていった。;;;<0625> Misuzu lui courut après.
<0626> ………。;;;<0626> ..........
<0627> \{観鈴}「どうして、そんなことするかなぁ…」;;;<0627> Pourquoi tu as fait une chose pareille...?
<0628> 戻ってくる。;;;<0628> Elle réapparut.
<0629> 片足をドブに突っ込んで、靴を苔で汚していた。;;;<0629> Une de ses chaussures était recouverte de crasse. Elle avait marché dans un caniveau.
<0630> \{\m{A}}「俺はなぁ…」;;;<0630> Je...
<0631> アイスを食いたかったんだ…。;;;<0631> Je voulais manger une glace...
<0632> だが、あまりに格好悪くて言えない…。;;;<0632> Mais pour le bien de ma dignité, je ne pouvais pas le lui avouer...
<0633> \{観鈴}「はい、一緒に飲も」;;;<0633> Tiens. Buvons ensemble.
<0634> 懲りず、片方を差し出してくる。;;;<0634> Elle me le tendit de nouveau. Elle n'avait rien retenu.
<0635> \{\m{A}}「いらない」;;;<0635> J'en veux pas.
<0636> \{観鈴}「せっかく靴、こんなにしてまでキャッチしたのに…」;;;<0636> Mais je suis même allée jusqu'à salir mes chaussures pour le rattraper...
<0637> \{\m{A}}「二本とも飲め」;;;<0637> T'as qu'à boire les deux !
<0638> 俺の隣に腰掛けて、ストローを差す。;;;<0638> Elle s'assit à côté de moi, et prépara la paille.
<0639> \{観鈴}「飲みますよー。大好きですからね」;;;<0639> J'adore ça, alors je vais les boire avec plaisir—.
<0640> 負け惜しみのようなことを言って、飲み始める。;;;<0640> Déclara-t-elle comme un mauvais perdant, avant de se mettre à boire.
<0641> ちゅーちゅー…;;;<0641> \bSlurp slurp\u...
<0642> \{\m{A}}「喉に詰まったら言え。飲み物、買ってきてやるから」;;;<0642> Si tu t'étrangles, j'irai te chercher une autre boisson.
<0643> こくこくと頷く。;;;<0643> Elle fit oui de la tête.
<0644> しばらく喋ることすらできないようだった。;;;<0644> Elle ne pouvait pas répondre avec sa bouche occupée.
<0645> \{観鈴}「今日、終業式だったの」;;;<0645> Aujourd'hui, c'était la cérémonie de clôture estivale.
<0646> \{\m{A}}「ああ。朝、聞いた」;;;<0646> Ouais, tu me l'as dit ce matin.
<0647> 昼飯を食いながら、観鈴が話し始める。;;;<0647> Alors que nous prenions le repas de midi, Misuzu lança la conversation.
<0648> \{観鈴}「宿題いっぱい出た」;;;<0648> On a eu plein de devoirs.
<0649> \{\m{A}}「そうか。そら良かったな」;;;<0649> Je vois. C'est bien.
<0650> \{観鈴}「よくないって。わたし、勉強苦手」;;;<0650> C'est pas bien ! Je suis nulle avec les études.
<0651> \{\m{A}}「そうか。頑張れよ」;;;<0651> Je vois. Fais de ton mieux.
<0652> 密かに俺は、落ち込んでいた。;;;<0652> J'essayais de dissimuler ma déprime.
<0653> この町の人間とはセンスがずれているらしい。;;;<0653> Les gens de ce village ne savent pas apprécier ce qui est bon.
<0654> もしかしたら、永遠に旅費が稼げず、この町に留まることになるのではないか。;;;<0654> Je commençais à me dire que je n'aurais jamais assez d'argent pour voyager, et que je me ferais de vieux os dans ce village.
<0655> 爺さんになっても、俺の芸はウケないのではないか。;;;<0655> Vu comment c'était parti, même quand je serai un petit vieux, personne ne saura apprécier mon art.
<0656> \{子供}「お、この人形蹴って、帰ろうぜ～」;;;<0656> Hé, shootons cette poupée et barrons-nous~.
<0657> \{\m{A}}「ふぉ…わしの人形を返しなされっ」;;;<0657> Ooh... Rendez-la-moi, vilains garnements.
<0658> ぼむっ！;;;<0658> \bBam\u !
<0659> \{\m{A}}「ふぉ～～～っ…！」;;;<0659> Oooooh~...!
<0660> そんな人生、嫌すぎる…。;;;<0660> Tout sauf finir comme ça...
<0661> \{観鈴}「ね、聞いてる？」;;;<0661> Hé, tu m'écoutes ?
<0662> \{\m{A}}「ふぉ～」;;;<0662> Ooh~...
<0663> \{観鈴}「わ…」;;;<0663> Wah...
<0664> しまった。;;;<0664> Zut.
<0665> \{\m{A}}「ごほんっ…えっと、なんか言ったか」;;;<0665> Ahem, tu disais ?
<0666> \{観鈴}「う、うん。えっと…宿題一緒にしようって」;;;<0666> O-Oui. Euh... je disais : 'faisons les devoirs ensemble'.
<0667> \{\m{A}}「俺には宿題なんかないぞ」;;;<0667> Mais moi, j'ai pas de devoirs.
<0668> \{観鈴}「わたしの宿題」;;;<0668> \bMes\u devoirs.
<0669> \{\m{A}}「………」;;;<0669> .........
<0670> \{観鈴}「だって、\m{A}さん暇そうだしー」;;;<0670> C'est que tu as l'air de te tourner les pouces, \m{A}-san—.
<0671> ナスの漬け物を食べる。;;;<0671> Je grignotais une aubergine au vinaigre.
<0672> きゅっきゅっ、といい音がした。;;;<0672> Ça faisait un drôle de bruit.
<0673> \{観鈴}「自由課題。\m{A}さんの法術」;;;<0673> Un sujet libre. Sur ton Houjutsu.
<0674> \{観鈴}「人形さんは海を泳ぎ切れるか」;;;<0674> On va tester si ta marionnette peut traverser la mer en nageant.
<0675> \{\m{A}}「藻屑と化すだろっ！」;;;<0675> Elle va juste nourrir les poissons !
<0676> たまらず、大声を出してしまう。;;;<0676> beuglai-je, laissant échapper ma frustration.
<0677> \{観鈴}「………」;;;<0677> .........
<0678> \{観鈴}「にはは…\m{A}さん、ぴりぴりしてる」;;;<0678> Nihaha... Tu es trop tendu, \m{A}-san.
<0679> きゅっきゅっ…ナスを噛む。;;;<0679> Je continuai à mâchouiller mon aubergine.
<0680> 午後からは、もう少しアプローチを変えて、子供たちに迫らねば…;;;<0680> Je pensais à changer mon approche pour séduire les enfants. Je commencerai à la tester l'après-midi.
<0681> まずはお菓子を配る、なんてのはいい手かもしれない。;;;<0681> Distribuer des sucreries serait peut-être pas mal.
<0682> が、そのお菓子を買う金すらない…。;;;<0682> Sauf que je n'avais pas les sous pour acheter ces sucreries, en premier lieu...
<0683> \{観鈴}「\m{A}さん、ナス好き」;;;<0683> Tu as l'air d'aimer les aubergines, \m{A}-san.
<0684> 目の前のこいつにだけは、頼りたくない…。;;;<0684> Je ne voulais pas demander de coup de main à l'autre qui se tenait devant moi...
<0685> あるいは、このナスの漬け物をくすねてゆくか。;;;<0685> Ou alors, je pourrais emporter ces aubergines au vinaigre et les donner.
<0686> が、こんなものガキが喜んで食うようには思えない。;;;<0686> Sauf qu'aucun gamin ne serait content qu'on lui offre ça à manger.
<0687> きゅっきゅっ…;;;<0687> \bNom nom\u...
<0688> ここの戸棚を探せば、何か出てくるだろうか。;;;<0688> Si je fouillais ce meuble, peut-être trouverais-je quelque-chose ?
<0689> \{観鈴}「\m{A}さん？」;;;<0689> \m{A}-san ?
<0690> \{\m{A}}「ん？」;;;<0690> Hmn ?
<0691> \{\m{A}}「うわっ！」;;;<0691> Uwah !
<0692> 目の前に、ナスの漬け物が山のように積まれていた。;;;<0692> Tout un tas d'aubergines au vinaigre apparurent devant moi.
<0693> \{観鈴}「いっぱい食べていいよ」;;;<0693> Mange tout ce que tu veux.
<0694> \{観鈴}「だから、自由課題」;;;<0694> Mais en échange, on travaille sur mon sujet libre.
<0695> \{\m{A}}「手伝わない」;;;<0695> Je t'aiderai pas.
<0696> 俺は立ち上がる。;;;<0696> Je me mis debout.
<0697> しばらく居間で、テレビを見て過ごす。;;;<0697> Je passai quelque temps à regarder la télévision dans la salle de séjour..
<0698> 主婦を相手にした退屈なものだった。;;;<0698> Rien que des émissions barbantes pour occuper les ménagères.
<0699> ぶいぃぃぃぃーーーん…;;;<0699> \bVroooooooom\u...
<0700> 遠くで、轟音が聞こえる。;;;<0700> J'entendis un bourdonnement au loin.
<0701> 観鈴が掃除機をかけ始めたようだ。;;;<0701> Misuzu avait sorti l'aspirateur.
<0702> 俺は台所へと移動する。;;;<0702> J'allai à la cuisine.
<0703> 標的は『子供たちが喜ぶお菓子』だ。;;;<0703> Ma cible : 'des sucreries qui font plaisir aux enfants'.
<0704> 掃除機の音は徐々に近づきつつある。あまり呑気にはしていられない。;;;<0704> Le bruit de l'aspirateur se rapprochait. Je n'avais pas le temps de traîner.
<0705> どこを探すか。;;;<0705> Où devais-je chercher ?
<0706> 戸棚;;;<0706> Meuble
<0707> 食卓;;;<0707> Table à manger
<0708> 冷蔵庫;;;<0708> Réfrigérateur
<0709> お菓子が入っていそうなところと言えば戸棚か…。;;;<0709> C'était dans le meuble que j'avais le plus de chances de trouver...
<0710> しゃがみ込んで、戸を開く。;;;<0710> Je m'accroupis pour en ouvrir les portes.
<0711> \{\m{A}}「お菓子…お菓子と…」;;;<0711> Des sucreries... Des sucreries...
<0712> がそごそ…;;;<0712> \bFouille fouille\u...
<0713> なかなか見つからない。;;;<0713> Je n'en trouvai pas.
<0714> あるのは、干し椎茸や、青のりなど、料理に使うものばかりだ。;;;<0714> Il n'y avait que des ingrédients, comme des shiitakés séchés ou des algues vertes.
<0715> しばらく探し続けて…;;;<0715> Je continuai à chercher.
<0716> \{\m{A}}「おっ」;;;<0716> Oh !
<0717> ついに大きな袋に入った茶菓子の詰め合わせを見つけた。;;;<0717> Je finis par trouver un gros sac rempli d'un assortiment de petits gâteaux pour le thé.
<0718> \{\m{A}}「栗まんじゅうか…悪くない」;;;<0718> Des manjūs aux marrons... Pas mal du tout.
<0719> それを胸に抱いて立ち上がる。;;;<0719> Je passai mes bras autour du sac pour le soulever.
<0720> \{観鈴}「悪くない」;;;<0720> Pas mal du tout.
<0721> \{\m{A}}「うお…っと」;;;<0721> Et... hop-là...!
<0722> 観鈴が笑顔で立っていた。;;;<0722> Misuzu se tenait là, souriante.
<0723> \{観鈴}「うんうん、悪くない」;;;<0723> Ouaip, ouaip. Pas mal du tout.
<0724> \{\m{A}}「なにが」;;;<0724> De quoi ?
<0725> \{観鈴}「栗まんじゅう」;;;<0725> Les manjūs aux marrons.
<0726> …バレていた。;;;<0726> ... Pris sur le fait.
<0727> \{観鈴}「ひとりで食べるの、おいしくないよ」;;;<0727> C'est moins bon, si tu les manges seul.
<0728> \{\m{A}}「隠れて食うのが、好きなんだよ」;;;<0728> Je me cache dans un coin pour les bouffer. C'est meilleur comme ça.
<0729> \{観鈴}「待ってて。お茶淹れるから」;;;<0729> Attends-moi un instant, je vais faire du thé.
<0730> 聞いちゃいねぇ…。;;;<0730> Elle ne m'écoutait même pas...
<0731> \{\m{A}}「おまえ、掃除はどうしたんだよ」;;;<0731> Hé, et le ménage, alors ?
<0732> \{観鈴}「終わったよ」;;;<0732> J'ai fini.
<0733> \{\m{A}}「………」;;;<0733> .........
<0734> 俺は窓に寄っていって、さんを指でなぞる。;;;<0734> Je fis un pas jusqu'à la fenêtre, et essayai d'y tracer quelque chose dans la poussière avec mon doigt.
<0735> そして指先を目の前に持ってくる。;;;<0735> Puis je jetai un coup d'œil à ce doigt.
<0736> …きれいだった。;;;<0736> ... Pas de poussière.
<0737> \{観鈴}「お風呂の湯船もね、キュッていい音鳴るよ。入るとき、こすってみて」;;;<0737> La baignoire aussi est toute propre, si tu la frottes avec ton doigt, ça fera 'scouic scouic', tu devrais essayer.
<0738> \{\m{A}}「おまえ、家の事だけは優秀だな…」;;;<0738> Mais c'est que tu te débrouilles pas mal avec les tâches ménagères.
<0739> \{観鈴}「お料理はもうちょっとだと思うけどね。新しいお料理の本とか欲しい」;;;<0739> Il faut encore que je m'améliore avec la cuisine. J'aimerais bien avoir un nouveau livre de recettes.
<0740> \{観鈴}「そうすれば\m{A}さんにももっと、おいしいもの食べさせてあげられる」;;;<0740> Comme ça, je pourrais te préparer des bons petits plats qui seront encore meilleurs.
<0741> 観鈴はやかんでお湯を沸かしはじめる。;;;<0741> Elle commença à faire chauffer de l'eau dans la bouilloire.
<0742> \{観鈴}「でもそんなお菓子、よく見つけたね。わたしも知らなかった」;;;<0742> Mais je n'arrive pas à croire que tu aies trouvé ces gâteaux. Même moi, je ne savais pas qu'ils étaient là.
<0743> \{\m{A}}「なぁ、観鈴。これは自分で食べるんじゃない」;;;<0743> Tu sais, Misuzu, si je les prends, ce n'est pas pour que ce soit moi qui les mange.
<0744> \{観鈴}「見つけたんだから、食べようよ」;;;<0744> Mais si tu les as trouvés, autant les manger.
<0745> \{観鈴}「ほら、もうお湯沸くし」;;;<0745> Ah, l'eau est en train de bouillir.
<0746> \{\m{A}}「………」;;;<0746> .........
<0747> \{観鈴}「熱いお茶がいいよね？」;;;<0747> Ça te va, du thé chaud ?
<0748> \{\m{A}}「なんでもいい」;;;<0748> Peu importe.
<0749> ず、ずずぅ…;;;<0749> \bSlurp, sluurp\u...
<0750> 扇風機を回しながら、熱いお茶をすする。;;;<0750> Je buvais du thé chaud en faisant tourner les pales du ventilateur.
<0751> \{観鈴}「お茶もおいしいし、栗まんじゅうもおいしいね」;;;<0751> Le thé est délicieux. Et les manjūs aux châtaignes aussi, ils sont délicieux.
<0752> \{\m{A}}「そうだな…」;;;<0752> Si tu le dis...
<0753> まるで老夫婦のようだった。;;;<0753> On devait avoir l'air d'un vieux couple.
<0754> \{\m{A}}「うーん…」;;;<0754> Hmm...
<0755> 窓から外を見る。;;;<0755> Je regardai dehors, à travers la fenêtre.
<0756> \{観鈴}「どうしたの？」;;;<0756> Quelque chose ne va pas ?
<0757> 本当にこの町から出られる日が来るのだろうか。;;;<0757> Est-ce que le jour viendrait où je pourrais quitter ce village ?
<0758> それも心配になってくる。;;;<0758> Je commençais à m'inquiéter.
<0759> \{\m{A}}「むーん…」;;;<0759> Mmmh...
<0760> \{観鈴}「ずっとうなって、どうしたのかな、\m{A}さん」;;;<0760> Tu n'arrêtes pas de grogner. Quelque chose ne va pas, \m{A}-san ?
<0761> \{観鈴}「栗まんじゅう、おいしいのに…もぐもぐ」;;;<0761> Les manjūs, ils sont bons, non ? Nom nom...
<0762> 食卓の上か…。;;;<0762> Sur la table à manger...
<0763> 調味料がひとまとめにして置いてある。;;;<0763> Il y avait toutes sortes de condiments.
<0764> \{\m{A}}（調味料でガキが喜ぶわけでもなし…）;;;<0764> Des gosses qui aiment qu'on leur offre des condiments, ça doit pas courir les rues...
<0765> 後はトースターにポット。;;;<0765> Il y avait aussi un grille-pain et une théière.
<0766> というか、食卓の上なんて、一目見ればそれらしいものがないことなんてわかるじゃないか。;;;<0766> À vrai dire, il me suffit d'un seul coup d'œil pour voir qu'il n'y avait pas quoi que ce soit qui me fût utile sur la table à manger.
<0767> \{\m{A}}（何探してんだよ、俺は…）;;;<0767> Mais qu'est-ce que je comptais bien trouver, de toute façon...?
<0768> こうなれば意地だ。;;;<0768> Non, un peu de volonté, allez.
<0769> それらしいものを見つけるまで、食卓の上を探し続ける。;;;<0769> Dans l'espoir d'arriver à mes fins, je continuai d'inspecter la table à manger.
<0770> いろんなものを裏返してまで見たが、見つからない…。;;;<0770> Même après avoir retourné toutes sortes de choses, je n'avais rien trouvé.
<0771> \{\m{A}}（ポットの中はどうだろう…）;;;<0771> Et dans la théière...?
<0772> 蓋を開けると、もわっと白い煙が立ちこめる。;;;<0772> En soulevant le couvercle, de la fumée blanche s'échappa.
<0773> \{\m{A}}（なんにも見えないぞ…）;;;<0773> On n'y voit rien...
<0774> 中身を確かめるために手を突っ込んでみる。;;;<0774> Je mis donc ma main à l'intérieur pour voir ce qu'elle contenait.
<0775> \{\m{A}}「アチーーーッ！」;;;<0775> CHAAAAUD !
<0776> とんでもない熱さだった…。;;;<0776> C'était brûlant.
<0777> \{\m{A}}（馬鹿か、俺は…）;;;<0777> Serais-je stupide...?
<0778> 別の場所を探すことにする。;;;<0778> Je décidai de chercher ailleurs.
<0779> 妥当に考えるなら、戸棚だった。;;;<0779> Mon intuition me dit d'aller regarder dans le meuble.
<0780> お菓子が冷蔵庫に入っているとも思えないが…;;;<0780> Je ne pensais pas pouvoir trouver des sucreries dans un réfrigérateur...
<0781> 俺は冷蔵庫のドアを開ける。;;;<0781> J'ouvris la porte du réfrigérateur.
<0782> 一応に、食料は揃っている。;;;<0782> Il était rempli de toutes sortes de nourriture.
<0783> 肉の切り身、野菜、調味料、ポリ容器に入った麦茶…;;;<0783> Des tranches de viande, des légumes, des condiments, un tupperware contenant des feuilles de thé...
<0784> そして、紙パックのジュース。;;;<0784> Et enfin, un pack de briques de jus de fruits.
<0785> 計３パックの買い置きがあった。;;;<0785> Il y avait trois briques en stock.
<0786> \{\m{A}}（三人分か…）;;;<0786> Assez pour trois gamins...
<0787> ガキがたくさん寄ってくれば足りなくなるが、それでもスタートダッシュには事足りるだろう。;;;<0787> Ça ne suffirait pas à attirer une foule de gosses, mais ça ferait un bon début.
<0788> 俺はジュース、３パックを奪取する。;;;<0788> Je m'appropriai les trois briques.
<0789> \{観鈴}「掃除機かけるよー」;;;<0789> Je vais passer l'aspirateur—.
<0790> ちょうど、観鈴が居間に現れたところだった。;;;<0790> Juste à ce moment-là, Misuzu apparut dans la salle de séjour.
<0791> 俺はとっさにパックを腹の中に隠す。;;;<0791> Je me dépêchai de cacher les cartons contre mon ventre.
<0792> \{観鈴}「ん？」;;;<0792> Hmn ?
<0793> 近づいてくる。;;;<0793> Elle se rapprocha.
<0794> こういうところだけは目ざとい。;;;<0794> Dans ce genre de situation, elle avait un œil de lynx.
<0795> \{\m{A}}「出かけてくる」;;;<0795> Je sors.
<0796> 俺はその脇をすり抜ける。;;;<0796> Je fis un pas de côté pour glisser hors de sa portée.
<0797> \{観鈴}「どこいくの？」;;;<0797> Où est-ce que tu vas ?
<0798> \{\m{A}}「稼ぎに出る」;;;<0798> Je vais me faire des sous.
<0799> \{観鈴}「子供たちと遊ぶんだ。わたしも、いく」;;;<0799> Donc tu vas jouer avec les enfants. Moi aussi, je viens !
<0800> \{\m{A}}「だから、遊びじゃないって言ってるだろ」;;;<0800> Hé, je t'ai déjà dit que c'était pas pour jouer.
<0801> \{観鈴}「いいよ。わたしも、見てる」;;;<0801> Pas de problème, je veux juste regarder.
<0802> \{観鈴}「わたし、観客のふりして笑ってるし」;;;<0802> Je peux faire semblant d'être le public et rigoler.
<0803> 掃除機を投げ出して、ついてくる。;;;<0803> Elle rangea l'aspirateur sur le côté et me suivit.
<0804> \{\m{A}}「おまえ、掃除はどうすんだよ」;;;<0804> Et alors ? Le ménage ?
<0805> \{観鈴}「後、後っ」;;;<0805> Après, après !
<0806> \{\m{A}}「俺はな、おまえのしつけも言いつかってるんだよ」;;;<0806> Tu sais, ta mère m'a demandé de te surveiller.
<0807> \{\m{A}}「やりかけで放り出すな」;;;<0807> Alors ne bâcle pas ce que t'as à faire.
<0808> \{観鈴}「うーん…」;;;<0808> Hmm...
<0809> \{観鈴}「じゃ、終わらせてからいくね…」;;;<0809> Bon, ben dans ce cas, je te rejoins dès que j'ai fini.
<0810> \{\m{A}}「ああ、そうしろ」;;;<0810> Ouais, faisons comme ça.
<0811> どうにか振り切って、俺は表に出る。;;;<0811> Après m'être débarrassé d'elle, je sortis.
<0812> ここいらが適当だろうか。;;;<0812> Cet endroit devrait faire affaire.
<0813> 俺は支度に入る。;;;<0813> Je fis mes préparations.
<0814> と言っても、人形を地面に置き、ジュースを手に持つだけだったが。;;;<0814> Cela dit, tout ce que j'avais à faire, c'était poser ma marionnette par terre et tenir une brique dans une main.
<0815> そして、ガキの訪れを待つ。;;;<0815> Une foit ces choses-là préparées, j'attendis que des gosses passent.
<0816> どこの学校でも終業式のはずだから、午後からはどこも子供で溢れかえるはずだ。;;;<0816> Vu que toutes les écoles avaient leur cérémonie de clôture estivale, ce coin devrait déborder d'enfants pendant l'après-midi. 
<0817> まさしくかき入れ時、というやつだ。;;;<0817> C'était la haute saison pour profiter des gosses.
<0818> 遠くから、子供三人がやってくる。;;;<0818> Au loin, je vis trois enfants qui s'approchaient.
<0819> 手持ちのジュースの数とぴったり合う。;;;<0819> Exactement le nombre de cartons que j'avais en main.
<0820> これから泳ぎにいくのだろうか、ビニール製の手提げ鞄の中には、水着が確認できた。;;;<0820> Ils devaient être en train d'aller nager, vu les maillots de bains visibles dans leurs sacs en plastique.
<0821> \{\m{A}}「こんにちは」;;;<0821> Bonjour.
<0822> 俺は気さくに話しかける。;;;<0822> Je les saluai amicalement.
<0823> こんにちは、と丁寧に挨拶を返すガキ共。;;;<0823> Les gosses me répondirent poliment.
<0824> \{\m{A}}「ノド乾いたろ。冷えたジュースをやるぞ」;;;<0824> Vous devez avoir soif. J'ai du jus de fruits pour vous.
<0825> \{子供}「わぁ」;;;<0825> Ouais !
<0826> 子供たちはそれぞれに受け取る。;;;<0826> Chaque enfant en reçut un.
<0827> 都会の子供ならば、こういう好意にも警戒の色を示すところなのだが、さすが田舎。;;;<0827> Si on était en ville, les enfants se seraient méfiés de tant d'attention à leur égard. On était bel et bien à la campagne.
<0828> もらえるものは、なんでももらっちゃうもんね！という感じである。;;;<0828> Je me dis que j'aurais pu leur refiler n'importe quoi.
<0829> \{\m{A}}「さぁ、飲みながらでいいからな。お兄ちゃんの芸を見てくれ」;;;<0829> Allez, pendant que vous buvez, je vais vous montrer mon numéro.
<0830> 皆、一様にこくりと頷く。;;;<0830> Ils hochèrent la tête à l'unisson.
<0831> 今までの失敗が嘘のように、ジュース作戦が功を奏す。;;;<0831> Je n'arrivais pas à croire que mon Opération Jus de Fruits marchait aussi bien.
<0832> もしかすると、たまたま運悪くひねた性格の子供としか出会っていなかったのかもしれない。;;;<0832> Peut-être n'avais-je pas eu de chance, et tous les enfants que j'avais croisés jusqu'ici avaient été mal éduqués.
<0833> それとは対照的に俺の心を打つほどに、目の前の少年少女たちは、澄んだ瞳を持っていた。;;;<0833> À l'inverse, ces enfants aux yeux purs me rassérénaient.
<0834> \{\m{A}}「それでは、楽しい人形劇のはじまり、はじまり～」;;;<0834> Et maintenant, que le super spectacle de marionnettes commence !
<0835> 俺は念を込める。;;;<0835> J'insufflai ma volonté à ma marionnette.
<0836> \{子供}「わぁ…」;;;<0836> Uwaah...
<0837> \{\m{A}}「ん？」;;;<0837> Hmm ?
<0838> ひとりの子供がジュースを飲むのをやめていた。;;;<0838> Un des enfants arrêta de boire son jus.
<0839> \{子供}「なにこれ…まずい」;;;<0839> C'est quoi ce truc... c'est dégueu.
<0840> \{\m{A}}「え…」;;;<0840> Hein...?
<0841> \{子供}「わ、ほんと…気持ちわるぅ」;;;<0841> Wah, t'as raison... c'est dégoûtant.
<0842> 隣の子供も、ジュースから口を離す。;;;<0842> L'enfant à côté d'elle écarta la brique de sa bouche.
<0843> \{子供}「どろどろしてる…」;;;<0843> C'est visqueux...
<0844> 今や、少年少女たちの瞳は涙に曇っていた。;;;<0844> On dirait qu'ils allaient pleurer.
<0845> \{子供}「返すね」;;;<0845> Tu peux le reprendre.
<0846> 次々と返される。;;;<0846> Un après l'autre, ils me rendirent les briques.
<0847> \{子供}「そろそろいかないと、遅れるね」;;;<0847> Dépêchons-nous, sinon, on va être en retard.
<0848> \{子供}「うん、いこー」;;;<0848> Ouais, allons-y—.
<0849> 子供たちは俺の脇を抜けて、立ち去る。;;;<0849> Les enfants me dépassèrent et s'en allèrent.
<0850> ………。;;;<0850> ..........
<0851> 俺は手に残されたジュースのラベルを見る。;;;<0851> Je considérai l'emballage du jus que j'avais en main.
<0852> …どろり濃厚シリーズ。;;;<0852> ... Collection Épaisseur extrême.
<0853> 銘柄を確かめなかった俺が悪かった。;;;<0853> Honte à moi de ne pas avoir vérifié la marque d'avance.
<0854> \{観鈴}「あ、\m{A}さん」;;;<0854> Ah, \m{A}-san.
<0855> そこへ観鈴が現れる。;;;<0855> Misuzu surgit de nulle part.
<0856> \{観鈴}「お掃除、終わったよー」;;;<0856> J'ai fini le ménage—.
<0857> \{観鈴}「ん？  元気ない？」;;;<0857> Hmm ? Ça ne va pas ?
<0858> \{\m{A}}「………」;;;<0858> .........
<0859> \{観鈴}「そのジュースどうしたの？」;;;<0859> Qu'est-ce que tu fais avec ces jus de fruits ?
<0860> \{\m{A}}「やろう」;;;<0860> Prends-les.
<0861> \{観鈴}「わぁ、わたしの大好きなジュース」;;;<0861> Waah, c'est mon jus préféré.
<0862> \{\m{A}}「そらそうだろ。冷蔵庫から持ってきたんだから」;;;<0862> Ben forcément, je les ai pris dans le frigo.
<0863> \{観鈴}「え？  これって、わたしの買い置き？」;;;<0863> Hein ? Tu veux dire, ceux que je gardais pour plus tard ?
<0864> \{観鈴}「わ、ぜんぶストロー差してあるし…」;;;<0864> Wah, et ils ont tous une paille déjà plantée dedans.
<0865> \{観鈴}「どうして、こんなことするかなぁ…」;;;<0865> Pourquoi tu as fait une chose pareille...?
<0866> \{観鈴}「そんなにお小遣い残ってないのに…」;;;<0866> Je n'ai plus beaucoup d'argent de poche...
<0867> \{観鈴}「が、がお…」;;;<0867> G-Gao...
<0868> ぽかっ！\shake{8};;;<0868> \bPaf\u ! \shake{8}
<0869> \{観鈴}「イタイ…」;;;<0869> Ouille...
<0870> \{観鈴}「今のは、\m{A}さん悪いと思う…」;;;<0870> Mais, c'était ta faute, là...
<0871> \{\m{A}}「そうだな。すまん」;;;<0871> T'as raison. Désolé.
<0872> 俺はひとり、歩き出す。;;;<0872> Je me remis en route, sans l'attendre.
<0873> \{観鈴}「帰るの？  これ、ふたりで飲もうよ。開いてるんだし…」;;;<0873> Tu rentres ? On peut les boire à deux, puisqu'ils sont déjà ouverts.
<0874> \{\m{A}}「ひとりで飲んでくれ」;;;<0874> Bois-les toute seule.
<0875> \{観鈴}「怒ってる？」;;;<0875> T'es fâché ?
<0876> \{観鈴}「今日もうまくいかなかった？」;;;<0876> Ça ne s'est pas bien passé, aujourd'hui ?
<0877> \{観鈴}「うーん、どうしてかな」;;;<0877> Hmm, qu'a-t-il bien pu se passer...?
<0878> \{観鈴}「明日は私も手伝うからね」;;;<0878> À partir de demain, je te donnerai un coup de main.
<0879> ちゅーちゅー…;;;<0879> \bSlurp slurp\u...
<0880> 本当に俺は、この町から永遠に抜けられないのだろうか。;;;<0880> J'avais l'impression d'être condamné à rester dans ce village à perpétuité.
<0881> 家に戻ってくると、俺はずっとテレビにへばりついていた。;;;<0881> Après être rentré, je restai collé devant la télévision.
<0882> 何かヒントはないだろうか。;;;<0882> J'espérais y trouver un indice pour la suite. 
<0883> 夕方になると、アニメが始まった。;;;<0883> Le soir tombé, un anime commença.
<0884> 案外面白かったので、そのまま見ていた。;;;<0884> Il était plus intéressant que je ne l'aurais imaginé, alors je finis par rester scotché.
<0885> 気づくと、隣に観鈴がちょこんと座っていた。;;;<0885> Je finis par réaliser que Misuzu était assise à côté de moi.
<0886> \{観鈴}「にはは…おもしろい」;;;<0886> Nihaha... C'est pas mal.
<0887> \{\m{A}}「おまえ、宿題はいいのか？」;;;<0887> Et tes devoirs alors ?
<0888> \{観鈴}「うん、やらないとね。でも、これも見たいな」;;;<0888> Ben, il faut que je les fasse. Mais là, je veux regarder ça.
<0889> \{観鈴}「あ、変身するよ」;;;<0889> Ah, il va se transformer !
<0890> ふたりで画面に見入る。;;;<0890> Nous étions tous les deux scotchés devant l'écran.
<0891> いつの日も、懲悪ものは燃える。;;;<0891> Rien de plus excitant que la vue des forces du mal se faisant châtier.
<0892> \{観鈴}「すごいところで続き…」;;;<0892> C'est horrible de finir l'épisode à un moment pareil...
<0893> \{\m{A}}「明日も見ないとな…」;;;<0893> Il va falloir qu'on regarde la suite demain...
<0894> 見終える。;;;<0894> C'était fini.
<0895> \{\m{A}}「………」;;;<0895> .........
<0896> 楽しかっただけで、ヒントは掴めなかった。;;;<0896> C'était fun, mais ça ne m'a pas aidé.
<0897> \{観鈴}「宿題してこよーっと」;;;<0897> Je pars faire mes devoirs !
<0898> 観鈴が立ち上がって、居間を出てゆく。;;;<0898> Misuzu se leva et quitta la salle de séjour.
<0899> 俺はすることもなく、それからもテレビを見続けた。;;;<0899> Je n'avais rien de mieux à faire, alors je continuai à regarder la télévision.
<0900> \{観鈴}「数学ってなんの役に立つと思う？」;;;<0900> Les mathématiques, à quoi ça sert, à ton avis ?
<0901> 夕飯を食べているとき、唐突に観鈴が切り出した。;;;<0901> Misuzu sortit ça de nulle part pendant que nous dînions.
<0902> というか、こいつは黙って何も出来ないタイプだ。;;;<0902> Cette gamine était du genre à ne pas savoir se taire.
<0903> \{観鈴}「二次関数とか、将来役に立つ？」;;;<0903> Par exemple, les polynômes, à quoi ça me servira dans la vie ?
<0904> …二次関数ってなんだ。未知の言葉だ。;;;<0904> ... C'est quoi un polynôme ? Jamais entendu parler.
<0905> \{観鈴}「お買い物するときなんて、足し算、引き算できたらいいだけだし」;;;<0905> Parce que, quand je fais les courses, j'ai juste besoin de l'addition et de la soustraction.
<0906> \{観鈴}「学者にでもならないと、使うことないよね」;;;<0906> À part si je deviens chercheuse, ça ne me servira jamais.
<0907> 無視する;;;<0907> L'ignorer
<0908> まともに答える;;;<0908> Lui répondre sérieusement
<0909> \{\m{A}}「………」;;;<0909> .........
<0910> \{観鈴}「ね、\m{A}さん」;;;<0910> Hé, \m{A}-san.
<0911> もぐもぐ…;;;<0911> \bNom nom\u...
<0912> \{観鈴}「勉強できなくても、いいよねぇ」;;;<0912> C'est pas grave si je ne suis pas très douée pour les études, hein ?
<0913> \{\m{A}}「………」;;;<0913> .........
<0914> \{観鈴}「あれ？  どうして返事ないのかな…」;;;<0914> Hé ? Pourquoi tu ne réponds pas ?
<0915> \{観鈴}「\m{A}さーん」;;;<0915> \m{A}-saaan ?
<0916> もぐもぐ…;;;<0916> \bNom nom\u...
<0917> \{観鈴}「耳、聞こえないのかな…」;;;<0917> Il a peut-être les oreilles bouchées...
<0918> \{観鈴}「わー！  わー！  わー！」;;;<0918> Wah ! Wah ! Wah !
<0919> \{\m{A}}「………」;;;<0919> .........
<0920> \{観鈴}「\m{A}さーん！」;;;<0920> \m{A}-saaan !?
<0921> 目の前でぶんぶんと手を振られる。;;;<0921> Elle agita vigoureusement les bras devant mes yeux.
<0922> それでも無視し続けていると、観鈴は席を立って、俺の隣までやってくる。;;;<0922> Je continuais à l'ignorer, alors elle déplaça sa chaise à côté de la mienne.
<0923> そして、左右のほっぺたを摘んで、引き延ばした。;;;<0923> Cela effectué, elle me pinça les deux joues, et tira.
<0924> うにゅにゅ～ん。;;;<0924> Unyunyu~n.
<0925> \{\m{A}}（我慢…我慢…）;;;<0925> Sois patient... sois patient...
<0926> \{観鈴}「\m{A}さん、どうしちゃったのかな…」;;;<0926> \m{A}-san, qu'est-ce qui t'arrive...?
<0927> 俺は黙って食べ続ける。;;;<0927> Je gardai le silence et continuai à manger.
<0928> もぐもぐ…;;;<0928> \bNom nom\u...
<0929> \{観鈴}「それおいしい？  ごぼうを揚げたの」;;;<0929> Alors, c'est bon ? C'est moi qui ai fait frire ces bardanes.
<0930> \{\m{A}}「………」;;;<0930> .........
<0931> \{観鈴}「返事しない子には食べさせない」;;;<0931> Les enfants qui ne répondent pas sont privés de repas.
<0932> 口に運ぼうとした手を掴まれる。;;;<0932> Elle bloqua mon bras alors que j'allais mettre de la nourriture dans ma bouche. 
<0933> 俺はその手に力を籠める。観鈴も両手でそれに抗う。;;;<0933> Je me mis à tirer plus fort pour la forcer à lâcher prise. En réaction, elle se mit à résister en tirant avec ses deux mains.
<0934> ぎりぎり…ぎりぎり…;;;<0934> \bPousse, tire\u... \bpousse, tire\u...
<0935> \{観鈴}「ふぅ…疲れちゃった」;;;<0935> Fiou... Je suis épuisée.
<0936> 観鈴が手を離す。;;;<0936> Misuzu me lâcha soudainement.
<0937> がんっ！;;;<0937> \bBim\u !
<0938> 勢い余って、俺は自分で自分の顔面を殴っていた。;;;<0938> Pris par l'élan, mon bras partit en arrière, et m'assena un coup de poing en plein milieu du visage.
<0939> \{\m{A}}「く…」;;;<0939> Gah...
<0940> \{\m{A}}「なにやってんだよっ！」;;;<0940> Qu'est-ce que tu fous !?
<0941> 俺は我慢ならず、怒鳴っていた。;;;<0941> criai-je à bout de nerfs.
<0942> \{観鈴}「だって、なにも喋ってくれないんだもん…」;;;<0942> Mais, mais tu ne disais plus rien...
<0943> \{\m{A}}「無視してんだよ、気づけ」;;;<0943> Je t'ignorais. T'aurais dû t'en rendre compte.
<0944> \{観鈴}「なぁんだ。ぜんぜん気づかなかった。にはは」;;;<0944> Ah bon. Je n'avais même pas remarqué. Nihaha.
<0945> 頭を掻く観鈴。;;;<0945> Misuzu se gratta l'arrière du crâne.
<0946> \{\m{A}}「………」;;;<0946> .........
<0947> 俺は黙って飯を食べ始める。;;;<0947> Je me tus de nouveau et recommençai à manger.
<0948> \{観鈴}「ね、勉強なんてできなくていいよね」;;;<0948> C'est pas grave si je ne suis pas très douée pour les études, hein ?
<0949> …ぜんぜん聞いていない。;;;<0949> ... Elle n'avait rien écouté de ce que je lui avais dit.
<0950> だが、ここで黙っていれば、再び観鈴はわーわー騒ぎだし、俺の頬を引っ張ったりし始めるのではないか。;;;<0950> Mais bon, si je ne disais rien, elle recommencerait probablement à faire du grabuge et à me tirer les joues.
<0951> \{\m{A}}（永久ループ…？）;;;<0951> Une boucle temporelle...?
<0952> \{\m{A}}「…そうだな」;;;<0952> ... On peut dire ça.
<0953> 俺はその展開が恐ろしくなり、そう答えてしまっていた。;;;<0953> Terrifié par cette idée, je finis par lui répondre.
<0954> \{観鈴}「だよね」;;;<0954> Effectivement.
<0955> \{\m{A}}「でもおまえは学生なんだから、頑張らないとな」;;;<0955> Mais là, tu es encore à l'école, alors tu dois faire de ton mieux.
<0956> \{観鈴}「そうだね。がんばる」;;;<0956> C'est bien vrai. De mon mieux.
<0957> \{\m{A}}「………」;;;<0957> .........
<0958> 最初からそう答えておけば良かった。;;;<0958> j'aurais dû lui répondre dès le début.
<0959> もぐもぐ…;;;<0959> \bNom nom\u...
<0960> そうすれば平和に食べていることができる。;;;<0960> Le dîner aurait été bien plus calme.
<0961> \{観鈴}「はい」;;;<0961> Tiens.
<0962> 食後、居間で寝転がっていると、観鈴がノートを胸に抱いてやってくる。;;;<0962> Alors que je me prélassais par terre après manger, Misuzu vint me voir, son cahier serré contre elle.
<0963> \{観鈴}「手伝ってほしいな」;;;<0963> Tu pourrais m'aider, s'il te plaît ?
<0964> ごろり、反対を向く。;;;<0964> Je roulai sur mon flanc opposé pour l'ignorer.
<0965> \{観鈴}「宿題、手伝ってほしいな」;;;<0965> Tu pourrais m'aider à faire mes devoirs, s'il te plaît ?
<0966> 反対側に現れる。;;;<0966> Elle surgit de l'autre côté.
<0967> \{\m{A}}「………」;;;<0967> .........
<0968> 無視するわけにはいかないようだった。;;;<0968> Il était peut-être temps d'arrêter de l'ignorer.
<0969> \{\m{A}}「あのな、観鈴」;;;<0969> Tu sais, Misuzu.
<0970> \{観鈴}「うん」;;;<0970> Oui ?
<0971> \{\m{A}}「暇そうに見えるかもしれないが、考え事してるんだ」;;;<0971> Je donne peut-être l'impression de me tourner les pouces, mais en vérité, je suis en train de réfléchir.
<0972> \{観鈴}「あ…そうなんだ」;;;<0972> Ah... Je vois.
<0973> \{観鈴}「ごめんね」;;;<0973> Désolée.
<0974> ノートを抱いたまま、戻っていった。;;;<0974> Elle repartit, son cahier toujours serré contre elle.
<0975> ………。;;;<0975> ..........
<0976> 静かになる。;;;<0976> Le silence régnait.
<0977> \{\m{A}}（まともに答えると言っても、どう答えればいいんだよ…）;;;<0977> Je veux bien lui répondre... mais comment ?
<0978> \{\m{A}}（どうなんだ…果たして、役に立つのか、立たないのか…）;;;<0978> Lui dire quoi... que c'est utile ? Inutile ?
<0979> \{観鈴}「\m{A}さん？」;;;<0979> \m{A}-san ?
<0980> \{\m{A}}（どっちなんだ、どっちなんだ…）;;;<0980> Quelle réponse est la bonne ? Laquelle !?
<0981> \{観鈴}「あれ…\m{A}さんが悩んでる。どうしたのかな」;;;<0981> Oh... \m{A}-san est perdu dans ses pensées. Quelque chose ne va pas ?
<0982> \{\m{A}}（そもそも勉強ってなんだ…勉強ってなんなんだよ…）;;;<0982> Tout d'abord, qu'est-ce que ça veut dire, 'les études' ? Qu'est-ce que ça englobe ?
<0983> \{\m{A}}「な…」;;;<0983> En fait...
<0984> \{観鈴}「あ、気がついた」;;;<0984> Ah, il est revenu.
<0985> \{\m{A}}「勉強ってなんだ」;;;<0985> Qu'est-ce que les études ?
<0986> \{観鈴}「それ、わたしが訊いてる」;;;<0986> Ça, c'est ce que je te demande.
<0987> \{\m{A}}「………」;;;<0987> .........
<0988> ポリポリ…;;;<0988> \bGratte gratte\u...
<0989> \{\m{A}}「うまいな、このゴボウを揚げたのは」;;;<0989> Elles sont franchement bonnes ces bardanes frites.
<0990> \{観鈴}「話変えてる？」;;;<0990> Tu détournes la question ?
<0991> \{\m{A}}「………」;;;<0991> .........
<0992> 俺は思っていることを言ってみる。;;;<0992> J'essayai d'exprimer clairement ma pensée :
<0993> \{\m{A}}「勉強とはな…」;;;<0993> Les études, tu vois...
<0994> \{\m{A}}「生きる方法だ」;;;<0994> C'est un art de vivre.
<0995> \{\m{A}}（って、自分で言っててわけわかんねぇよ…）;;;<0995> Punaise, je sais même pas ce que je raconte...
<0996> ノリで言ってしまったことをすぐ後悔する。;;;<0996> Je regrettais déjà d'avoir laissé échapper ça.
<0997> \{観鈴}「どういう意味？」;;;<0997> Qu'est-ce que tu peux dire par là ?
<0998> \{\m{A}}「つまり…生きるための考え方を学んでるんだ」;;;<0998> En gros... c'est le fait d'apprendre à réfléchir à la manière de donner sens à sa vie.
<0999> \{\m{A}}「勉強ってのは、いろんな教科があって、いろんな考え方があるってことを教えてもらえるだろ？」;;;<0999> Les études, tu vois, sont jonchées de matières différentes, de manières de penser différentes qu'on t'enseigne, tu vois ?
<1000> \{\m{A}}（あー、なに言ってんだろ、俺…）;;;<1000> Aah, mais qu'est-ce que je raconte, moi...
<1001> \{\m{A}}「そうすると、考え方が身につくんだ」;;;<1001> Et en faisant ça, tu apprends à penser la pensée.
<1002> \{\m{A}}「だから、知らないうちに役に立ってるもんなんだよ」;;;<1002> Et donc, ça te sera bien plus utile que tu ne le penses.
<1003> \{\m{A}}（なんとかまとまったか…）;;;<1003> Je crois que ça fait plutôt sens...
<1004> \{観鈴}「………」;;;<1004> .........
<1005> \{観鈴}「なるほどぉ…」;;;<1005> Je vois...
<1006> 思いっきり感心している。;;;<1006> Elle avait l'air particulièrement impressionnée.
<1007> \{観鈴}「うーん…」;;;<1007> Hmm...
<1008> \{観鈴}「わたし、生きるの不器用。今まで勉強さぼってたからかなぁ」;;;<1008> Moi, je ne sais pas comment aborder la vie. Et c'est parce que je ne prends pas mes études au sérieux.
<1009> \{\m{A}}「じゃ、頑張ってひとりで宿題やらないとな」;;;<1009> Ouaip, et donc, tu dois faire tes devoirs toute seule.
<1010> \{観鈴}「そうだねー」;;;<1010> Tu as raison—.
<1011> ようやく黙って、飯を食べ始める。;;;<1011> Elle finit enfin par se taire, et entama son dîner.
<1012> \{観鈴}「でも、数学の宿題はやだなぁ…」;;;<1012> Mais bon, ceux de maths, je veux même pas en entendre parler... 
<1013> \{観鈴}「はい」;;;<1013> Tiens.
<1014> 食後、居間で寝転がっていると、観鈴がノートを胸に抱いてやってくる。;;;<1014> Alors que je me prélassais par terre après manger, Misuzu vint me voir, son cahier serré contre elle.
<1015> \{観鈴}「手伝ってほしいな」;;;<1015> Tu pourrais m'aider, s'il te plaît ?
<1016> ごろり、反対を向く。;;;<1016> Je roulai sur mon flanc opposé pour l'ignorer.
<1017> \{観鈴}「宿題、手伝ってほしいな」;;;<1017> Tu pourrais m'aider à faire mes devoirs, s'il te plaît ?
<1018> 反対側に現れる。;;;<1018> Elle surgit de l'autre côté.
<1019> \{\m{A}}「………」;;;<1019> .........
<1020> 手伝う;;;<1020> L'aider
<1021> 断る;;;<1021> Refuser
<1022> \{\m{A}}「仕方のないやつ…」;;;<1022> Pas le choix...
<1023> 結局宿題を手伝わされるハメになる。;;;<1023> Après tout, tout ce que j'avais à faire, c'était de me forcer à lui donner un coup de main avec ses devoirs.
<1024> ちゃぶ台を挟んで、プリントの問題に向かい合う。;;;<1024> Nous nous assîmes autour de la table basse, et regardâmes l'énoncé.
<1025> \{\m{A}}「あー、なんだこりゃ」;;;<1025> Aah ! qu'est-ce que c'est que c'truc ?!
<1026> \{観鈴}「なんだろうねぇ」;;;<1026> Bonne question.
<1027> 馬鹿ふたり。;;;<1027> On faisait une belle paire d'idiots.
<1028> \{観鈴}「これかなぁ」;;;<1028> Est-ce que c'est celui-là ?
<1029> 観鈴が教科書のページを指で押さえている。;;;<1029> Elle pointa du doigt quelque chose sur une page de son manuel.
<1030> \{\m{A}}「さあな」;;;<1030> Aucune idée.
<1031> \{観鈴}「あ、これだよ」;;;<1031> Ah, c'est celui-ci !
<1032> すらすらと公式を解いてゆく。;;;<1032> Elle calcula aisément la formule.
<1033> 俺には合っているかどうかさえわからない。;;;<1033> J'étais incapable de dire si c'était correct.
<1034> \{観鈴}「できた」;;;<1034> Fini.
<1035> \{\m{A}}「ああ、できたな」;;;<1035> Ouais, c'est bon.
<1036> \{観鈴}「ぜんぶ、できたっ」;;;<1036> J'ai tout fini.
<1037> \{\m{A}}「ああ、できたな」;;;<1037> Ouais, c'est bon.
<1038> \{観鈴}「ふたりでがんばれば、早いねぇ」;;;<1038> C'est plus rapide quand on le fait à deux.
<1039> \{\m{A}}「ああ、早いな」;;;<1039> Ouais, c'est plus rapide.
<1040> 俺はただ、相づちを打っていただけだった。;;;<1040> Je disais le strict minimum qui suffisait à lui faire croire que je l'écoutais.
<1041> \{\m{A}}「おまえ、努力すればできるんじゃないのか」;;;<1041> Quand tu t'y mets, t'y arrives, apparemment.
<1042> \{観鈴}「うん？  そうかなー。でもやっぱり、ひとりじゃ無理だよ」;;;<1042> Hmm ? Vraiment— ? Si j'étais seule, j'y arriverais pas.
<1043> テーブルの上の勉強道具を片づけると、観鈴はテレビをつける。;;;<1043> Misuzu débarrassa la table de ses affaires scolaires, puis elle alluma la télévision.
<1044> \{観鈴}「わーい。これで見たかったテレビ、見られる」;;;<1044> Youpi ! Maintenant, je peux regarder la télé.
<1045> \{\m{A}}「なんだ。そのために頑張ってたのか」;;;<1045> Alors comme ça, c'est pour ça que tu t'es donnée, ce soir ?
<1046> \{観鈴}「にはは」;;;<1046> Nihaha.
<1047> 観鈴がテレビを見ながら笑い出す。;;;<1047> Misuzu pouffa de rire en regardant la télé.
<1048> 画面には、子犬がボールと戯れる映像が映しだされていた。;;;<1048> À l'écran, un chiot jouait avec une balle.
<1049> まったく興味が持てない内容だった。;;;<1049> Ce genre de truc ne m'intéressait franchement pas.
<1050> \{観鈴}「かわいい」;;;<1050> Il est trop chou.
<1051> \{\m{A}}「そらよかったな」;;;<1051> Content pour toi.
<1052> \{観鈴}「\m{A}さんも、かわいいって思うよね」;;;<1052> \m{A}-san, tu ne trouves pas qu'il est trop chou ?
<1053> 「かわいいな」;;;<1053> Ouais, il est mignon
<1054> 「激プリチーだな」;;;<1054> Il a grave la classe
<1055> 「かわいくない」;;;<1055> Je trouve pas
<1056> \{\m{A}}「かわいいな」;;;<1056> Ouais, il est mignon.
<1057> \{観鈴}「やっぱり、そうだよねー」;;;<1057> On est d'accord—.
<1058> \{観鈴}「すごくかわいい」;;;<1058> Il est trop, trop chou.
<1059> じぃ～っと見入っていた。;;;<1059> Elle était comme hypnotisée.
<1060> 可愛いかもしれないが、そんなものいつまでも見ていたら飽きる。;;;<1060> It était mignon, peut-être, mais on en finissait par s'en lasser.
<1061> \{\m{A}}（なんだ、こりゃ…ずーっと、動物を映してるだけじゃないか…）;;;<1061> Attends, c'est quoi ce truc ? On ne voit que des animaux depuis tout à l'heure.
<1062> すぐにも退屈し始める。;;;<1062> Je commençais à sérieusement m'ennuyer.
<1063> リモコンを取り、番組を変えてみる。;;;<1063> Je ramassai la télécommande, et changeai de programme.
<1064> ぴっ。;;;<1064> \bBip\u !
<1065> ニュースを読み上げるオッサンの顔がアップで映った。;;;<1065> La tête d'un homme d'âge moyen qui lisait les dernières nouvelles apparut à l'écran.
<1066> 観鈴はその前でひっくり返っていた。;;;<1066> Misuzu tomba à la renverse.
<1067> \{観鈴}「\m{A}さん…」;;;<1067> \m{A}-san...
<1068> \{\m{A}}「あん？」;;;<1068> Ouais ?
<1069> \{観鈴}「どうしてそんなことするかなぁ…」;;;<1069> Pourquoi tu as fait une chose pareille...?
<1070> 涙目で起きあがる。;;;<1070> Elle était au bord des larmes.
<1071> \{\m{A}}「暇だったんだ。変えてもいいだろ？」;;;<1071> On s'ennuie, là. Je peux zapper ?
<1072> \{観鈴}「ダメっ。わたし、先週の予告から楽しみにしてたのっ」;;;<1072> Non ! Ça fait depuis la semaine dernière que j'attends de pouvoir le regarder, depuis que j'ai vu la bande-annonce.
<1073> \{\m{A}}「いいじゃないか、ちょっとぐらい…」;;;<1073> Laisse-moi zapper, vite fait...
<1074> チャンネルを手動で戻される。;;;<1074> Elle remit la chaîne précédente directement à l'aide des boutons de la télévision.
<1075> \{観鈴}「ほら、すごくかわいいよ。一緒に見てようよ」;;;<1075> Regarde, c'est super chou. On peut regarder à deux.
<1076> \{\m{A}}（見ていたから、退屈したんだけどな…）;;;<1076> Si j'ai changé, c'est parce que ça m'ennuyait...
<1077> 黙って見ていることにする。;;;<1077> Je décidai de me taire et de regarder.
<1078> \{\m{A}}「激プリチーだな」;;;<1078> Il a grave la classe.
<1079> \{観鈴}「だよね。激プリチーだよねー」;;;<1079> Ben oui. Il a grave la classe—.
<1080> \{\m{A}}「………」;;;<1080> .........
<1081> 揶揄していったつもりだったが、そんなものはまるで通用しないようだった。;;;<1081> J'avais dit ça pour me moquer d'elle, mais ce genre d'attaque ne marchait pas sur elle.
<1082> \{観鈴}「ニワトリが、上に乗っかってるよ。あれはどうかな」;;;<1082> Il y a un poussin maintenant. Tu le trouves comment ?
<1083> \{\m{A}}「激スリリングだな」;;;<1083> Grave à couper le souffle.
<1084> \{観鈴}「だよねー」;;;<1084> Tout à fait—.
<1085> \{観鈴}「あ、こんどは猿が近づいてきたよ」;;;<1085> Ah, cette fois c'est un singe qui se rapproche.
<1086> \{\m{A}}「激モンキーだな」;;;<1086> Un macaque grave de ouf, hein ?
<1087> \{観鈴}「そうそう。そんな感じ」;;;<1087> Exactement. Quelque chose comme ça.
<1088> どんな感じだよ。;;;<1088> Quelque chose comme quoi ?
<1089> 激モンキー………激しく猿である。;;;<1089> Le macaque grave de ouf... est un singe trop grave.
<1090> \{\m{A}}「つーか、猿そのものじゃないか…」;;;<1090> M'enfin, ça reste juste un singe...
<1091> \{観鈴}「ん？  \m{A}さん、独り言？」;;;<1091> Hmm ? Tu parles tout seul ?
<1092> \{\m{A}}「あ、ああ…気にするな」;;;<1092> O-Ouais... Fais pas attention.
<1093> 遠回しな嫌みもこいつには通用しない、ということがわかった。;;;<1093> Ça ne servait à rien d'être sarcastique, avec celle-là.
<1094> 黙って見ておくことにする。;;;<1094> Je décidai de me taire et de regarder.
<1095> \{\m{A}}「かわいくない」;;;<1095> Je trouve pas.
<1096> \{観鈴}「\m{A}さん、こういう番組嫌い？」;;;<1096> Tu n'aimes pas ce genre d'émissions ?
<1097> \{\m{A}}「そらそうだろ。こういうのは女子供が喜ぶものだ」;;;<1097> Évidemment, il n'y a que les femmes et les enfants pour prendre plaisir à regarder ce genre de trucs.
<1098> \{観鈴}「そうかなー。男のひとでも好きなひとは好きだと思うけどな」;;;<1098> Vraiment— ? Je suis sûre qu'il y a des hommes qui apprécies ces choses-là.
<1099> \{\m{A}}「なら、そっちに属さない人間なんだ、俺は」;;;<1099> Ben, en tout cas, je n'en fais pas partie.
<1100> \{観鈴}「それって、すごく損してるよね」;;;<1100> Tu ne sais pas ce que tu rates.
<1101> \{観鈴}「こういうのに感動できたら、もっと楽しいのに」;;;<1101> Tu apprécierais davantage si tu apprenais à être sensible à ce genre de choses.
<1102> \{\m{A}}「そのぶん、こういう番組を見る必要もなくなるし、有意義に時間が使える」;;;<1102> Peut-être, mais c'est pas comme si j'étais obligé de regarder ce genre d'émissions. Je peux faire des choses plus utiles de mon temps libre.
<1103> \{観鈴}「ふぅん、そういう考え方もあるんだね」;;;<1103> Hmmm, c'est une façon de voir les choses.
<1104> \{観鈴}「ほら、ニワトリ乗せてるよ。すごくかわいい」;;;<1104> Oh ! Il y a un poussin maintenant. Il est trop, trop chou.
<1105> \{\m{A}}「かわいくないって言ってるだろ」;;;<1105> Je t'ai dit que ces choses n'avaient rien de mignon.
<1106> 終始観鈴は俺に問いかけてくる。;;;<1106> Misuzu continua de me demander mon avis jusqu'à la fin de l'émission.
<1107> 結局、かわいくないと答えていようがいまいが、こいつにとっては関係ないのだ。;;;<1107> Mais en fin de compte, ce que je lui disais n'avait aucune importance.
<1108> それがよくわかった。;;;<1108> Ça, je l'avais bien compris.
<1109> 夜も１０時を回り、観鈴がそれに気づく。;;;<1109> Dix heures du soir sonnèrent, et Misuzu y réagit.
<1110> \{観鈴}「そろそろお風呂入らないとねー」;;;<1110> Il va falloir que j'aille prendre mon bain—.
<1111> \{観鈴}「お湯、入れる？」;;;<1111> Tu veux que je te laisse l'eau ?
<1112> \{\m{A}}「シャワーだけでいい」;;;<1112> Je prendrai juste une douche.
<1113> \{観鈴}「そ。どっち先に入る？」;;;<1113> D'accord. Qui d'abord ?
<1114> \{\m{A}}「後でいい」;;;<1114> J'irai après.
<1115> \{観鈴}「じゃ、行ってくるね」;;;<1115> Bon, ben j'y vais.
<1116> 立ち上がり、部屋を出ていった。;;;<1116> Elle se leva et quitta la pièce.
<1117> 結局、ずっとテレビをふたりで見ていた。;;;<1117> En fin de compte, nous n'avions rien fait d'autre que regarder la télévision.
<1118> あいつにとっては、それが変わらない日常なのだろう。;;;<1118> Pour elle, ça devait faire partie de sa routine.
<1119> \{\m{A}}「おまえな…さっきひとりで頑張れって言ったら頷いただろ」;;;<1119> Hé, toi... t'as pas fait 'oui' de la tête quand je t'ai dit de te débrouiller seule ?
<1120> \{観鈴}「そうなんだけど…やっぱり難しかった」;;;<1120> C'est vrai... mais c'est trop dur.
<1121> \{\m{A}}「俺に振られてもそれが簡単になることはない」;;;<1121> C'est pas en me l'agitant sous le nez qu'il va devenir plus facile.
<1122> \{観鈴}「でも、ふたりで考えたら、ひとりで考えるよりも早く答えがわかると思う」;;;<1122> Mais si on y réfléchit à deux, on y arrivera plus vite que si j'y réfléchis seule.
<1123> \{\m{A}}「ならない。俺なんてなんの役にも立たないからな」;;;<1123> Comme si. Je te serai d'aucune aide.
<1124> \{観鈴}「うーん…それでも手伝ってほしいな」;;;<1124> Hmm... Peut-être, mais j'aimerais quand même que tu me donnes un coup de main.
<1125> \{\m{A}}「手伝わない」;;;<1125> Je t'aiderai pas.
<1126> \{観鈴}「残念」;;;<1126> C'est dommage.
<1127> \{観鈴}「じゃ、ひとりでがんばってくるねー」;;;<1127> Bon, ben dans ce cas, je vais essayer seule—.
<1128> \{\m{A}}「ああ、頑張ってこい」;;;<1128> Ouais, bon courage.
<1129> ノートを抱えたまま、ぱたぱたと駆けていった。;;;<1129> Son cahier toujours serré contre elle, elle s'en repartit en courant.
<1130> 静かになる。;;;<1130> Le silence régnait.
<1131> \{\m{A}}（あいつのためにもなるだろ…）;;;<1131> Je fais ça aussi pour son bien...
<1132> 俺は再び寝返りを打って、ついてもいないテレビのほうを向いた。;;;<1132> Toujours allongé, je pivotais pour me remettre face à la télévision, qui n'était même pas allumée.
<1133> \{\m{A}}「………」;;;<1133> .........
<1134> テレビをつけてみる。;;;<1134> Je la mis en marche.
<1135> 画面には、子犬がボールと戯れる映像が映しだされていた。;;;<1135> À l'écran, un chiot jouait avec une balle.
<1136> 観鈴が好きそうな番組だった。;;;<1136> Je me dis que Misuzu devait bien aimer ce genre d'émissions.
<1137> \{\m{A}}「おい、観鈴」;;;<1137> Hé, Misuzu.
<1138> \{\m{A}}「って…あいつは勉強中か…」;;;<1138> Quoique... non, elle est en train faire ses devoirs...
<1139> 呼んでも聞こえないだろう。;;;<1139> Même si je l'appelais, elle ne m'entendrait pas.
<1140> しばらくぼぅっと見ている。;;;<1140> Je passai quelque temps à fixer l'écran, le regard vide.
<1141> ………。;;;<1141> ..........
<1142> いつの間にか寝入っていた。;;;<1142> Je finis par m'assoupir.
<1143> \{観鈴}「あ、見たかったテレビ終わってるし…」;;;<1143> Ah, l'émission que je voulais voir est déjà finie...
<1144> 観鈴の声で目を覚ます。;;;<1144> Sa voix me réveilla.
<1145> \{\m{A}}「ん…どうした」;;;<1145> Hmm... Qu'y a-t-il ?
<1146> \{観鈴}「テレビ。見たかったの、あったんだった」;;;<1146> Il y avait quelque chose que je voulais voir à la télé. Et c'est déjà passé.
<1147> \{\m{A}}「動物のやつか。途中まで見てた」;;;<1147> Le truc avec des animaux ? J'en ai regardé une partie.
<1148> \{観鈴}「どんなだった？」;;;<1148> C'était comment ?
<1149> \{\m{A}}「つまらなかった」;;;<1149> C'était ennuyeux.
<1150> \{観鈴}「ほんと？」;;;<1150> Pour de vrai ?
<1151> \{\m{A}}「ああ。子犬や子猫がたくさん出てきて、それがじゃれあっているだけだからな」;;;<1151> Ouais. Juste pas mal de chiots et de chatons qui couraient partout.
<1152> \{観鈴}「………」;;;<1152> .........
<1153> \{観鈴}「やっぱり見ればよかった…」;;;<1153> Je savais que j'aurais dû regarder.
<1154> 観鈴は涙目になっていた。;;;<1154> Les larmes lui montèrent aux yeux.
<1155> \{観鈴}「すごく悔しい…」;;;<1155> Je vais vraiment le regretter...
<1156> \{\m{A}}「だから、つまらなかったって。あくびが出るほどだったぞ」;;;<1156> Je t'ai dit que c'était sans intérêt. D'ailleurs j'arrêtais pas de bâiller.
<1157> \{観鈴}「が、がお…」;;;<1157> G-Gao...
<1158> 俺の言葉はなんの慰めにもならなかった。;;;<1158> Mes mots ne lui offrirent aucun réconfort.
<1159> \{\m{A}}「でもその代わり宿題できたんだろ。よかったじゃないか」;;;<1159> Mais en échange, t'as fini tes devoirs, non ? C'est mieux ainsi, tu ne trouves pas ?
<1160> \{観鈴}「そうだけど…」;;;<1160> Oui, mais...
<1161> \{観鈴}「見たかったな…」;;;<1161> Je voulais la regarder...
<1162> \{\m{A}}「再放送するかもしれないじゃないか。友達がビデオ録ってるかもよ」;;;<1162> Il y aura peut-être une rediffusion. Et avec un peu de chance, un de tes amis l'aura enregistrée.
<1163> \{観鈴}「う、うん…」;;;<1163> O-Oui...
<1164> \{\m{A}}「泣くなよ…」;;;<1164> Pleure pas...
<1165> \{観鈴}「うん、がまん」;;;<1165> D'accord, je vais essayer.
<1166> 観鈴に続いて風呂から出る。;;;<1166> Je fis ma toilette après que Misuzu eut fini de prendre son bain.
<1167> \{\m{A}}（平和なもんだな…）;;;<1167> Quel calme...
<1168> 生乾きの髪をタオルで拭きながら廊下を歩いて、居間まで戻る。;;;<1168> Je finis de décher mes cheveux à l'aide d'une serviette, puis traversai le couloir jusqu'au salon.
<1169> ずがーーーーんっ！\shake{7};;;<1169> \bKaboooooum\u ! \shake{7}
<1170> \{\m{A}}「だーーっ」;;;<1170> Daaah !
<1171> 地震っ…;;;<1171> Un tremblement de terre...!
<1172> …じゃなかった。;;;<1172> ... Non.
<1173> \{観鈴}「わ、また、お母さん、納屋に突っ込んでる…」;;;<1173> Wah, ma mère a encore foncé dans la remise...
<1174> \{観鈴}「酔ってるんだろうなぁ」;;;<1174> Elle doit être ivre...
<1175> \{\m{A}}「よく毎日無事だな…」;;;<1175> Dur de croire qu'elle ne se blesse jamais...
<1176> 一瞬慌てた自分が恥ずかしい。;;;<1176> Pendant un instant, je me sentis honteux d'avoir paniqué.
<1177> ぽりぽりと頭を掻く俺の脇を観鈴が駆け抜けてゆく。;;;<1177> Pendant que je me grattais l'arrière du crâne, Misuzu passa à côté de moi en courant.
<1178> \{観鈴}「迎えにいってくるねー」;;;<1178> Je vais l'accueillir—.
<1179> \{\m{A}}「ああ」;;;<1179> Ouais.
<1180> \{晴子}「ただいまやぁ～」;;;<1180> Je suis là~.
<1181> \{晴子}「居候はまだ寝てないやろなーっ」;;;<1181> Est-ce que le pique-assiette est encore debout— ?
<1182> \{観鈴}「\m{A}さん？  起きてるけど…」;;;<1182> \m{A}-san ? Il ne dort pas, mais...
<1183> どんどんどん…;;;<1183> \bBoum boum boum\u...
<1184> ばんっ！\shake{1};;;<1184> \bBam\u ! \shake{1}
<1185> \{晴子}「飲めっ」;;;<1185> Avale ça !
<1186> 一升瓶を突きだした晴子が、立っていた。;;;<1186> Haruko me força une bouteille entre les mains.
<1187> \{晴子}「なんやてぇ？」;;;<1187> Qu'est-ce que tu dis ?
<1188> …何も言ってない。;;;<1188> ... Je n'avais rien dit du tout.
<1189> \{晴子}「観鈴っ」;;;<1189> Misuzu !
<1190> \{観鈴}「は、はいっ」;;;<1190> O-Oui ?
<1191> \{晴子}「あんたも飲むんや」;;;<1191> Toi aussi, avale ça.
<1192> \{観鈴}「わたし…未成年」;;;<1192> Mais... je suis mineure.
<1193> \{晴子}「観鈴、重大な秘密を教えたろ」;;;<1193> Misuzu, j'ai quelque chose de très important à t'annoncer :
<1194> \{晴子}「実はな、あんたの出生届、十年も出すの忘れられてたんや」;;;<1194> Pour te dire la vérité, je me suis rappelée d'envoyer ton certificat de naissance dix ans trop tard.
<1195> \{晴子}「だから、オッケーや」;;;<1195> Du coup, c'est ok.
<1196> \{観鈴}「わ、わたし…おばさん」;;;<1196> Wah, Je suis... déjà vieille.
<1197> \{晴子}「そ、おばさんや」;;;<1197> Ouaip, t'es une p'tite vieille.
<1198> \{観鈴}「が、がお…」;;;<1198> G-Gao...
<1199> ぽかぽかっ！\shake{8}\shake{8};;;<1199> \bPaf paf\u ! \shake{8}\shake{8}
<1200> \{観鈴}「イタイ…どうしてふたりに殴られるかなぁ…」;;;<1200> Ouille... Pourquoi vous m'avez frappée tous les deux...?
<1201> \{晴子}「ほら、観鈴。何かツマミ持ってくるんや」;;;<1201> Allez, Misuzu, va nous chercher quelque chose à becqueter avec ça.
<1202> \{観鈴}「う、うん…」;;;<1202> D-D'accord...
<1203> たとたと…;;;<1203> \bClop clop\u...
<1204> \{晴子}「うちは着替えてこーっと」;;;<1204> Je vais me changer !
<1205> どん。;;;<1205> \bBoum\u.
<1206> 一升瓶を床に置き、晴子が俺を睨む。;;;<1206> Haruko posa la bouteille, puis se mit à me fixer intensément.
<1207> \{晴子}「さて今夜、最初のコーナーは…」;;;<1207> Ce soir, notre première chronique, ce sera...
<1208> \{晴子}「…隠し芸大会」;;;<1208> ... La Chronique des Talents Cachés.
<1209> \{晴子}「いぇーーーーい」;;;<1209> Yaaaaay !
<1210> \{\m{A}}（なぜに、一瞬アンニュイな顔…）;;;<1210> C'est quoi cette tête toute abattue ?
<1211> \{晴子}「ほな、始めてや」;;;<1211> Allez, commence.
<1212> \{\m{A}}「大会ならみんなに向けて言ってくれ。俺だけを見て言うな」;;;<1212> Je suis pas le seul à participer, alors ne dis pas ça qu'à moi. Et arrête de me fixer.
<1213> \{晴子}「うちらは観客や」;;;<1213> Nous, on fait le public.
<1214> \{晴子}「な、観鈴」;;;<1214> Hein, Misuzu ?
<1215> \{観鈴}「うん、観客」;;;<1215> Oui, le public.
<1216> 難を逃れたとばかりに観鈴は座る位置を変えている。;;;<1216> Misuzu, qui était épargnée, alla s'asseoir à côté d'elle.
<1217> \{観鈴}「あのね、お母さん。\m{A}さん、すごいんだよ。すごいことできるんだよ」;;;<1217> Tu sais, maman. \m{A}-san, ben, il est incroyable. Il arrive à faire des trucs épatants.
<1218> \{観鈴}「えっと、なんだっけ…」;;;<1218> Euh... c'était quoi déjà...?
<1219> \{\m{A}}「おまえの前では二度とやらないと言っただろ」;;;<1219> Je t'ai dit que je ne te le montrerai plus jamais
<1220> \{観鈴}「どうしてそんなこと言うかなぁ…」;;;<1220> Pourquoi tu dis une chose pareille...
<1221> \{観鈴}「わたし、あれ大好きなのにな」;;;<1221> Moi, j'ai adoré.
<1222> \{\m{A}}「………」;;;<1222> .........
<1223> 見せる;;;<1223> Leur montrer
<1224> 見せない;;;<1224> Ne pas leur montrer
<1225> \{\m{A}}「わかったよ…」;;;<1225> Pigé...
<1226> \{観鈴}「やった」;;;<1226> Youpi !
<1227> \{晴子}「よっしゃ。あんた男前や」;;;<1227> Parfait ! Ça, c'est un homme.
<1228> \{\m{A}}「けど、これが最後だからな」;;;<1228> Mais je vous préviens, c'est la dernière fois.
<1229> \{観鈴}「楽しみ」;;;<1229> Ça va être super.
<1230> \{\m{A}}「やらないといったら、やらない」;;;<1230> Quand je dis 'non', c'est non.
<1231> \{晴子}「そこまで煽っといて見せへんゆーんか」;;;<1231> Tu nous motives comme ça, puis à la fin, tu fous rien ?
<1232> \{\m{A}}「煽ったのは、あんたの娘だろ…」;;;<1232> C'est juste ta fille qui te motive...
<1233> \{晴子}「ええ根性しとる」;;;<1233> T'as du cran, hein...
<1234> \{晴子}「そんなあんたは、裏庭送りや」;;;<1234> Allez, t'as gagné l'jardin.
<1235> \{観鈴}「わっ…それってひどすぎ…」;;;<1235> Wah...! Le pauvre...
<1236> \{\m{A}}「なんだ、それは」;;;<1236> C'est quoi le problème ?
<1237> \{晴子}「話、聞きたいか」;;;<1237> Tu veux vraiment savoir ?
<1238> 不敵な笑み。;;;<1238> Elle accompagna ça d'un sourire charmeur.
<1239> \{\m{A}}（聞かないほうがいい…）;;;<1239> Je crois que je ferais mieux de ne pas savoir...
<1240> そう俺の直感が判断していた。;;;<1240> Je laissai mon intuition décider.
<1241> 聞く;;;<1241> Lui demander
<1242> 聞かない;;;<1242> Ne pas lui demander
<1243> ごくり、と俺は喉を鳴らしてから口を開く。;;;<1243> J'avalai bruyamment ma salive, puis ouvrai la bouche.
<1244> \{\m{A}}「聞く」;;;<1244> Je veux savoir.
<1245> \{観鈴}「わたし、いやっ」;;;<1245> Pas moi !
<1246> 観鈴は座布団の下に頭を隠してしまった。;;;<1246> Misuzu blottit sa tête sous un zabuton*.
<1247> \{晴子}「うちの裏庭は、ほれ、台所の窓から見たらわかる」;;;<1247> Tu vois l'jardin, celui qu'on voit depuis la fenêtre de la cuisine ?
<1248> \{晴子}「…鬱蒼とした茂みになっとるんや」;;;<1248> L'herbe a tellement poussé que c'est devenu une forêt vierge, là-dedans.
<1249> \{\m{A}}「手入れをしろ」;;;<1249> Passe la tondeuse.
<1250> \{晴子}「違う…しとうてもできへん理由があるねん」;;;<1250> Non... Si je l'fais pas, c'est qu'il y a une raison.
<1251> \{\m{A}}「なぜ」;;;<1251> Pourquoi ?
<1252> \{晴子}「あの場所は、守られとるんや…」;;;<1252> Il y a quelque chose qui garde cet endroit.
<1253> \{\m{A}}「………」;;;<1253> .........
<1254> \{晴子}「最後に立ち入ったんは、なんとこの子や」;;;<1254> La dernière à avoir pu y entrer, c'est elle.
<1255> 座布団の下に頭を隠す観鈴を指さす。;;;<1255> Elle pointa Misuzu du doigt, qui avait toujours la tête blottie sous un zabuton.
<1256> \{晴子}「何が悲しくて、あんな地に踏みいることになったのやら…」;;;<1256> Quel malheur, d'y avoir pénétré...
<1257> \{晴子}「不幸なことに、その日、観鈴ちゃんは数学のテストを返してもらったんや」;;;<1257> Ce jour fatidique, Misuzu-chan venait de recevoir son contrôle de maths.
<1258> \{晴子}「この子、数学苦手やから、点数は芳しくなかった…」;;;<1258> Étant mauvaise en maths, sa note était terrible.
<1259> \{晴子}「一言で言えば赤点や」;;;<1259> En un mot, elle avait raté le contrôle.
<1260> \{晴子}「正確に言えば、２８点や」;;;<1260> Plus précisément, elle avait eu 28.
<1261> \{晴子}「この子、アホちんや」;;;<1261> Qu'elle est bête, c'te fille.
<1262> \{\m{A}}（話が逸れていってる気がするが…）;;;<1262> Elle est en train de s'éloigner du sujet, là...
<1263> \{晴子}「それでこの子は、赤点の答案用紙をうちに見られるん恐れて、裏庭に捨ててしもたんや」;;;<1263> Terrifiée à l'idée que je voie sa feuille-réponses et son échec, elle balança celle-ci dans le jardin.
<1264> \{晴子}「裏庭やったら、誰も寄りつかへん。半永久的に見つからへん思たんやろな…」;;;<1264> Elle s'était dite qu'en la balançant dans le jardin, personne ne la retrouverait jamais.
<1265> \{晴子}「しかしうちは見逃さんかった」;;;<1265> Mais cela ne m'échappa pas.
<1266> \{晴子}「その現場をばっちり見てたんや」;;;<1266> Parce que j'avais tout observé de son méfait.
<1267> \{晴子}「そこでうちは、この子に言った」;;;<1267> Et donc, je lui dis :
<1268> \{晴子}「拾ってこんかーい！」;;;<1268> Ramasse-moi ça !
<1269> \{晴子}「可哀想に、この子は裏庭に踏みいることになってしもたんや…」;;;<1269> Cette pauvre petite chose n'eut d'autre choix que de pénétrer dans le jardin...
<1270> \{\m{A}}「そうですか」;;;<1270> Je vois.
<1271> \{晴子}「そこで、この子は見ることになるんや…」;;;<1271> Et là, elle vit quelque chose...
<1272> \{\m{A}}「なにを…」;;;<1272> Quoi ?
<1273> \{晴子}「裏庭の主を…」;;;<1273> Le Maître du jardin.
<1274> \{\m{A}}「…だから、なんだ、それは」;;;<1274> ... Et donc, c'était quoi ce 'Maître' ?
<1275> \{晴子}「マスター・オブ・裏庭や」;;;<1275> Le \mMaster・of・jardin\u.
<1276> \{\m{A}}「………」;;;<1276> .........
<1277> …あまりに煮え切らない。;;;<1277> ... Ça ne me disait pas grand chose.
<1278> \{\m{A}}「俺が見てきてやろう」;;;<1278> J'vais jeter un coup d'œil.
<1279> \{観鈴}「わっ、ダメ」;;;<1279> Wah ! Fais pas ça.
<1280> 立ち上がろうとすると、観鈴が俺の足を掴んで引き留めた。;;;<1280> J'allais me lever, mais Misuzu agrippa mes jambes pour m'en empêcher.
<1281> \{\m{A}}「なんでだよ…」;;;<1281> Pourquoi ?
<1282> \{観鈴}「\m{A}さん、食べられちゃう…」;;;<1282> Tu vas te faire manger tout cru...
<1283> \{\m{A}}「…よく、この家で毎日寝ていられるな」;;;<1283> ... C'est à se demander comment tu fais pour dormir tous les jours.
<1284> \{晴子}「そいつの生活領域を侵さんかったら大丈夫らしいわ」;;;<1284> Il ne fera rien tant qu'on n'entre pas sur son domaine.
<1285> \{\m{A}}「ほんとかよ…」;;;<1285> Vraiment...?
<1286> \{晴子}「それ以来、うちの裏庭は立入禁止やねん」;;;<1286> Et depuis ce jour, défense d'entrer dans notre jardin.
<1287> \{晴子}「どないや。そんなところで寝たいか」;;;<1287> Alors ? Tu veux vraiment dormir là-bas ?
<1288> \{\m{A}}「脅してる暇があったら、保健所を呼ぶなりしてとっとと対処しろ」;;;<1288> Plutôt que perdre ton temps à me menacer, tu pourrais pas juste appeler les autorités sanitaires pour qu'elles t'en débarrassent ?
<1289> \{晴子}「ええやん。なんか箔が付くやん」;;;<1289> Nan, ça donne un certain cachet à la maison.
<1290> \{\m{A}}「そんな箔つけるな」;;;<1290> Qui voudrait de ce cachet ?
<1291> \{晴子}「どうする、居候」;;;<1291> Fais ton choix, pique-assiettes.
<1292> \{\m{A}}「わかったよ…」;;;<1292> J'ai pigé...
<1293> 俺は観念した。;;;<1293> Je me résignai..
<1294> \{観鈴}「やった」;;;<1294> Youpi !
<1295> \{晴子}「よっしゃ。あんた男前や」;;;<1295> Parfait ! Ça, c'est un homme.
<1296> \{\m{A}}「けど、これが最後だからな」;;;<1296> Mais je vous préviens, c'est la dernière fois.
<1297> \{観鈴}「楽しみ」;;;<1297> Ça va être super.
<1298> \{\m{A}}「聞きたくない」;;;<1298> Je veux pas savoir.
<1299> \{晴子}「そうか。まあ、しらんでもええ話や」;;;<1299> Je vois. Bah, c'est probablement mieux comme ça.
<1300> \{晴子}「これからあんたがその身で体験する話やからなぁ」;;;<1300> Tu pourras le découvrir par toi-même.
<1301> \{\m{A}}「それも嫌だ」;;;<1301> Non merci.
<1302> \{晴子}「なら、なんや。隠し芸見せるんか？」;;;<1302> Alors quoi ? Tu vas nous faire voir ton talent caché ?
<1303> \{\m{A}}「ああ」;;;<1303> Ouais.
<1304> \{観鈴}「やった」;;;<1304> Youpi !
<1305> \{晴子}「よっしゃ。あんた男前や」;;;<1305> Parfait ! Ça, c'est un homme.
<1306> \{\m{A}}「けど、これが最後だからな」;;;<1306> Mais je vous préviens, c'est la dernière fois.
<1307> \{観鈴}「楽しみ」;;;<1307> Ça va être super.
<1308> 人形をポケットから取り出し、床に置く。;;;<1308> Je sortis ma marionnette de ma poche et la posai au sol.
<1309> その上に手をかざすと、人形が立ち上がった。;;;<1309> Je plaçai ma main au-dessus d'elle, et elle se leva.
<1310> とことことこ…;;;<1310> \bPadoum padoum padoum\u...
<1311> 歩き始める。;;;<1311> Elle se mit à marcher.
<1312> \{\m{A}}「どうだ」;;;<1312> Qu'est-ce que tu dis de ça ?
<1313> \{晴子}「………」;;;<1313> .........
<1314> \{晴子}「観鈴、これ、オチないんか」;;;<1314> Misuzu, son truc, c'est naze, nan ?
<1315> \{観鈴}「うん、ないみたい…」;;;<1315> Oui, c'est pas...
<1316> \{晴子}「あかん。こいつ、センスないわ」;;;<1316> C'est sans espoir. Ce mec n'a aucun goût.
<1317> \{\m{A}}「………」;;;<1317> .........
<1318> \{観鈴}「わ…\m{A}さん、落ち込んだ…」;;;<1318> Wah... \m{A}-san a l'air tout déprimé...
<1319> \{観鈴}「でも、すごいよね。タネも仕掛けもないんだよ」;;;<1319> Mais ça reste épatant. Il n'y a aucun trucage.
<1320> \{晴子}「そんなん関係あるかい。糸で吊ってるんが見え見えでも、おもろいほうがええわ」;;;<1320> Qu'est-ce que j'en ai à faire ? Peu importe qu'elle soit attachée avec des fils ou non, tout ce qui compte, c'est que c'est pas intéressant.
<1321> \{\m{A}}「納屋で寝る…」;;;<1321> Je vais aller dormir dans la remise...
<1322> \{観鈴}「わ…自ら納屋に行こうとしてるし…」;;;<1322> Wah... Il a décidé tout seul d'aller dans la remise...
<1323> \{晴子}「わはは、別にそんな才能なんてなくてもええやん、居候！」;;;<1323> Wahaha, mais on s'en fiche si t'es pas doué pour faire ça, pique-assiettes !
<1324> \{晴子}「飲んで忘れよ」;;;<1324> Viens noyer ton chagrin.
<1325> コップに酒を注ぎ出す。;;;<1325> Elle versa du saké dans un verre.
<1326> \{\m{A}}「死活問題だぞ、俺にとっては…」;;;<1326> C'est une question de vie ou de mort, pour moi...
<1327> 実際このまま床に入ったとしても、寝付きは最悪だろう。;;;<1327> Si j'allais me coucher là, maintenant, je n'arriverais sûrement pas à m'endormir.
<1328> 俺はそのコップを受け取った。;;;<1328> J'acceptai son verre.
<1329> しばらく、酒を飲み続ける。;;;<1329> Je sirotai mon saké.
<1330> \{晴子}「観鈴、酔うたんか？」;;;<1330> Misuzu, t'es bourrée ?
<1331> \{観鈴}「え？」;;;<1331> Hein ?
<1332> \{観鈴}「うーん、そうかも…」;;;<1332> Hmm, c'est bien possible...
<1333> \{晴子}「ほら、ここきぃ」;;;<1333> Allez, viens ici.
<1334> ぽんぽん。;;;<1334> \bClap clap\u.
<1335> 晴子が自分の膝を叩いた。;;;<1335> Haruko claqua ses genoux.
<1336> \{晴子}「膝貸したるから」;;;<1336> Viens t'asseoir sur mes genoux.
<1337> \{観鈴}「いいよ…子供じゃあるまいし」;;;<1337> Je passe... Je ne suis plus un enfant.
<1338> \{観鈴}「外で涼んでこよーっと」;;;<1338> Je vais dehors prendre un peu l'air.
<1339> ぱたぱた…。;;;<1339> \bClop clop\u...
<1340> \{\m{A}}「………」;;;<1340> .........
<1341> \{晴子}「あーあ、逃げられてもた…」;;;<1341> Aaah, elle s'est enfuie.
<1342> \{\m{A}}「嫌われてるんだな」;;;<1342> Elle t'en veut.
<1343> \{晴子}「あほ。冗談や。あの子が、うちなんかに甘えるかいな」;;;<1343> Idiot. C'était qu'une blague. Qu'est-ce qu'elle en aurait à faire que je lui propose un câlin ?
<1344> \{晴子}「うちみたいな甲斐性なしにな」;;;<1344> Regarde-moi cette bonne à rien que je fais...
<1345> \{\m{A}}「だろうな」;;;<1345> Je vois ça.
<1346> \{晴子}「うち、親なんかに向いてないねん」;;;<1346> Je suis pas faite pour être parent.
<1347> \{晴子}「ずっと、ひとりでおればよかったわ」;;;<1347> J'aurais juste dû vivre ma vie seule.
<1348> \{晴子}「気楽でええねん。誰にも文句いわれへん」;;;<1348> Une vie agréable, sans personne pour m'embêter.
<1349> \{\m{A}}「そうだな」;;;<1349> J'imagine.
<1350> ろくでもない母親がいたもんだ。;;;<1350> Ça existe, les mères bonnes à rien.
<1351> \{晴子}「それに、あの子、ヘンやしな」;;;<1351> D'ailleurs, y a quelque chose qui cloche avec cette fille.
<1352> \{\m{A}}「ヘン？」;;;<1352> Quelque chose qui cloche ?
<1353> \{晴子}「あの子と一緒に居続けたら、そのうちわかるわ」;;;<1353> Si tu restes un peu plus longtemps avec elle, tu finiras par comprendre.
<1354> ずっ、と酒をすする。そして、真顔になる。;;;<1354> dit-elle en sirotant son saké. Puis son visage devint sérieux.
<1355> \{晴子}「でもあの子、あんたといるようになってから元気になったから…」;;;<1355> Mais je dois dire que... depuis qu't'es là, elle déborde d'énergie...
<1356> \{晴子}「できたら、ずっと友達でいたって」;;;<1356> Si c'était possible, ce serait bien que tu restes son ami pour toujours.
<1357> \{晴子}「うちではもう、無理やからなー」;;;<1357> Parce que moi, tu vois, j'y arrives plus.
<1358> 酔っているのか、晴子は自嘲する。;;;<1358> Haruko se dénigrait, probablement ivre.
<1359> 俺は返す言葉が思いつかない。;;;<1359> Je ne savais pas quoi lui répondre.
<1360> \{晴子}「ははは…突っ込んでや、もぅ。いややわ」;;;<1360> Hahaha... dis quelque chose, allez. Espèce de vilain garnement.
<1361> \{晴子}「ほら、飲み」;;;<1361> Allez, bois.
<1362> じょぼじょぼと注ぎ足される。;;;<1362> Elle me resservit.
<1363> ずっ、と俺も一口すする。;;;<1363> J'en sirotai une gorgée.
<1364> そして俺は慰めるつもりで言ってみる。;;;<1364> Puis j'essayai de la rassurer à ma manière.
<1365> \{\m{A}}「結局は…」;;;<1365> Après tout...
<1366> \{晴子}「ん？」;;;<1366> Hmm ?
<1367> \{\m{A}}「あんたに根気が足りないだけじゃないのか？」;;;<1367> C'est pas juste toi qui persévères pas assez ?
<1368> \{晴子}「なんやて？」;;;<1368> Qu'est-ce qu'tu racontes ?
<1369> ぐびっ。;;;<1369> \bGloups\u.
<1370> \{\m{A}}「ぷはーっ」;;;<1370> Pwaah !
<1371> \{\m{A}}「母親なんて、あんたが思ってるほど甘いもんじゃない。もっとすごく大変なものなんだろ」;;;<1371> Être mère, c'est pas aussi simple que tu le penses. C'est aussi rempli d'ennuis.
<1372> \{晴子}「あんた、うちに説教しとるんか」;;;<1372> T'essaies de m'sermoner ?
<1373> \{\m{A}}「この場合、忠告だろ。あんたのほうが、遙かに年上だ」;;;<1373> C'est juste mon avis. T'es bien plus âgée que moi de toute façon.
<1374> \{晴子}「………」;;;<1374> .........
<1375> \{晴子}「納屋行きっ」;;;<1375> Va dans la remise !
<1376> 観鈴がいた。;;;<1376> Misuzu était là.
<1377> \{観鈴}「あ、\m{A}さんも、涼みにきた。ちがう？」;;;<1377> Ah, \m{A}-san, tu es aussi venu prendre l'air ? Non ?
<1378> \{\m{A}}「違う。寝にきたんだ」;;;<1378> Non. Je suis venu dormir.
<1379> \{観鈴}「わ…納屋…」;;;<1379> Wah... La remise...
<1380> \{\m{A}}「ああ」;;;<1380> Ouais.
<1381> \{観鈴}「お母さんにヘンなこと言った？」;;;<1381> Tu as dit quelque chose de bizarre à ma mère ?
<1382> \{\m{A}}「べつに。ただ、俺より遙かに年上だ、って言っただけだ」;;;<1382> Pas vraiment. Enfin, j'ai simplement évoqué le fait qu'elle était bien plus âgée que moi.
<1383> \{観鈴}「それはダメだって」;;;<1383> Mais faut pas dire ça.
<1384> \{観鈴}「お母さん、まだまだ若いって思ってるんだから」;;;<1384> Ma mère, elle est encore plutôt jeune.
<1385> \{観鈴}「わたしもこの前、お母さんはもう歳なんだからぁ、って言ったら叩かれた」;;;<1385> Moi aussi, une fois, j'ai parlé de son âge, et elle m'a frappé.
<1386> \{\m{A}}「そらそうだろう」;;;<1386> Ça va de soi.
<1387> \{\m{A}}「でも俺のは腑に落ちないぞ。実際、あのひとのほうが年上だろうが」;;;<1387> Mais je la saisis pas. J'veux dire, c'est clair, qu'elle est plus âgée que moi.
<1388> \{\m{A}}「っていうか、何歳なんだ、あの女は」;;;<1388> Et tant qu'on y est, elle a quel âge, cette femme ?
<1389> \{観鈴}「わたしもわかんない。聞いても、そんなこと知らんでも生きてゆけるやろ、とか言って教えてくれないし」;;;<1389> Je ne sais pas non plus. Quand je lui demande, j'ai juste droit à un cours sur le fait que la vie poursuit son cours.
<1390> \{\m{A}}「そのいいわけが歳を食っている証拠じゃないか」;;;<1390> C'est pas juste une excuse pour ne pas mentionner le fait qu'elle vieillit ?
<1391> \{観鈴}「とにかくお母さんの機嫌は損ねないようにしないとね」;;;<1391> Dans tous les cas, il vaut mieux ne pas la froisser.
<1392> \{\m{A}}「だな。この家はあの女の独壇場だし」;;;<1392> Ouaip. Cette maison, c'est son territoire, après tout.
<1393> 俺は最後に交わした晴子との会話を思い出す。;;;<1393> Je me rappelai la fin de notre conversation, juste avant que je ne quitte Haruko.
<1394> \{\m{A}}「しかし…おまえ、ちゃんとしつけされてんのか？」;;;<1394> Mais quand même... Dis-moi, elle s'est vraiment chargée sérieusement de ton éducation ?
<1395> \{\m{A}}「どう見ても、あの女は親の責任を果たしているように思えないぞ…」;;;<1395> D'après ce que j'ai vu, on peut pas dire qu'elle remplisse ses responsabilités de mère...
<1396> \{観鈴}「そうかなー」;;;<1396> Ah bon—.
<1397> \{観鈴}「でも、ちゃんと怒られたりお仕置きされたりしてるよ」;;;<1397> Mais parfois, elle se met en colère et je me fais punir très fort.
<1398> そっか…;;;<1398> Je vois...
<1399> お仕置きってなんだ;;;<1399> Qu'est-ce que tu veux dire par 'punir très fort' ?
<1400> \{\m{A}}「そっか…そういうところはちゃんとしてるのか」;;;<1400> Je vois... Alors elle prend quand même son rôle au sérieux.
<1401> \{観鈴}「うん、してるよ」;;;<1401> Oui, on peut dire ça.
<1402> \{\m{A}}「ふわ…」;;;<1402> Fuwah...
<1403> あくびがでる。;;;<1403> Je laissai échapper un bâillement.
<1404> \{\m{A}}「そろそろ、寝るか」;;;<1404> On dirait que c'est le bon moment pour aller se coucher.
<1405> \{観鈴}「うん、おやすみ」;;;<1405> Oui, bonne nuit.
<1406> \{\m{A}}「ああ」;;;<1406> Ouais.
<1407> 観鈴を見送ってから、納屋の中に入る。;;;<1407> Je suivis Misuzu du regard jusqu'à ce qu'elle fût partie, puis entrai dans la remise.
<1408> 横になって目を閉じる。;;;<1408> Je m'allongeai et fermai les yeux.
<1409> すぐに眠りは訪れた。;;;<1409> Le sommeil m'emporta immédiatement.
<1410> \{\m{A}}「お仕置きって、なんだ…？」;;;<1410> Qu'est-ce que tu veux dire par 'punir très fort' ?
<1411> \{観鈴}「うーん…ヘンなこと」;;;<1411> Hmm...
<1412> ヘンなこと…;;;<1412> Des trucs bizarres...
<1413> 訊いてみる;;;<1413> Demander des détails
<1414> 眠いので寝る;;;<1414> Je suis fatigué, allons dormir
<1415> \{\m{A}}「ヘンなことって、なんだよ」;;;<1415> C'est quoi des 'trucs bizarres' ?
<1416> \{観鈴}「学校でもないのに、水入ったバケツ持たされて廊下に立たされたりするの」;;;<1416> Elle me fait porter un seau rempli d'eau, et je dois attendre debout dans le couloir, comme à l'école.
<1417> \{観鈴}「前、玄関からお客さん入ってきて、見られたことある。びっくりしてた」;;;<1417> Un jour, un invité m'a vu faire ça depuis le hall d'entrée. Ça lui a fait un choc.
<1418> \{\m{A}}「だろーな」;;;<1418> Forcément.
<1419> \{観鈴}「すごく恥ずかしくて、観鈴ちん、ぴんちって感じだった」;;;<1419> J'étais super gênée, du genre, 'Misuzu-chin est dans la mouise'.
<1420> \{観鈴}「ね、ヘンだよね」;;;<1420> Hé, tu trouves pas que c'est bizarre ?
<1421> \{\m{A}}「だな」;;;<1421> Si.
<1422> 極端というか適当というか…;;;<1422> Je ne savais pas si je devais trouver ça exagéré ou ridicule...
<1423> やはりあの女は、親としては少しずれているようだ。;;;<1423> Mais cette femme n'était pas exactement comme les autres parents.
<1424> \{\m{A}}「大変だな、おまえ」;;;<1424> T'as la vie dure, hein.
<1425> \{観鈴}「でも、ヘンだから楽しいけどね」;;;<1425> Mais c'est tellement bizarre que ça en devient marrant.
<1426> \{\m{A}}「そらよかったな」;;;<1426> Si ça te fait plaisir...
<1427> \{\m{A}}「ふわ…」;;;<1427> Fuwah...
<1428> あくびがでる。;;;<1428> Je laissai échapper un bâillement.
<1429> \{\m{A}}「そろそろ、寝るか」;;;<1429> On dirait que c'est le bon moment pour aller se coucher.
<1430> \{観鈴}「うん、おやすみ」;;;<1430> Oui, bonne nuit.
<1431> \{\m{A}}「ああ」;;;<1431> Ouais.
<1432> 観鈴を見送ってから、納屋の中に入る。;;;<1432> Je suivis Misuzu du regard jusqu'à ce qu'elle fût partie, puis entrai dans la remise.
<1433> 横になって目を閉じる。;;;<1433> Je m'allongeai et fermai les yeux.
<1434> すぐに眠りは訪れた。;;;<1434> Le sommeil m'emporta immédiatement.
<1435> 訊いてみたい欲求にも駆られたが、それよりも眠気のほうが強かった。;;;<1435> J'avais bien envie de demander, mais l'appel du sommeil était plus fort.
<1436> \{\m{A}}「ふわ…」;;;<1436> Fuwah...
<1437> あくびがでる。;;;<1437> Je laissai échapper un bâillement.
<1438> \{\m{A}}「そろそろ、寝るか」;;;<1438> On dirait que c'est le bon moment pour aller se coucher.
<1439> \{観鈴}「うん、おやすみ」;;;<1439> Oui, bonne nuit.
<1440> \{\m{A}}「ああ」;;;<1440> Ouais.
<1441> 観鈴を見送ってから、納屋の中に入る。;;;<1441> Je suivis Misuzu du regard jusqu'à ce qu'elle fût partie, puis entrai dans la remise.
<1442> 俺は横になって目を閉じる。;;;<1442> Le sommeil m'emporta immédiatement.
<1443> ………。;;;<1443> ..........
<1444> \{\m{A}}（お仕置きってなんだったんだろうな…）;;;<1444> Que voulait-elle dire par 'punir très fort'...?
<1445> \{\m{A}}（あの、母親だからな…）;;;<1445> Qu'est-ce que sa mère pouvait bien lui faire...?
<1446> \{\m{A}}（むーん…）;;;<1446> Hmm...
<1447> ………。;;;<1447> ..........
<1448> ……。;;;<1448> .......
<1449> …。;;;<1449> ....
<1450> \{晴子}「なんや、観鈴。おいたしたんかぁ」;;;<1450> Alors comme ça, Misuzu, on a été vilaine ?
<1451> \{観鈴}「うん、おいたしちゃった…」;;;<1451> Oui, j'ai été vilaine...
<1452> \{晴子}「おいたしたら、あかんやろぅ？」;;;<1452> Tu sais que c'est pas bien d'être vilaine ?
<1453> \{晴子}「しゃあない、お仕置きやなぁ…」;;;<1453> Pas le choix, je vais devoir te punir très fort...
<1454> \{観鈴}「うん、お仕置き…」;;;<1454> Oui, il faut me punir très fort...
<1455> \{晴子}「ほな、パンツ下ろそか」;;;<1455> Allez, baisse ta culotte.
<1456> \{観鈴}「うん、パンツ下ろす」;;;<1456> Oui, je dois baisser ma culotte.
<1457> \{晴子}「スカート、あげよか」;;;<1457> Soulève ta jupe.
<1458> \{観鈴}「うん、スカートあげる…」;;;<1458> Oui, je dois soulever ma jupe.
<1459> \{晴子}「どないや、恥ずかしいやろ？」;;;<1459> Hé, t'es gênée ?
<1460> \{観鈴}「うん、恥ずかしい…」;;;<1460> Oui, c'est gênant...
<1461> \{晴子}「もうあんなことしたら、あかんで」;;;<1461> Ne refais plus jamais ça, jamais.
<1462> \{観鈴}「うん、もうしない」;;;<1462> Oui, je ne le ferai plus.
<1463> \{晴子}「でも、あんたはいつもそう言って、わかっとらへん」;;;<1463> Mais bon, tu dis toujours ça, et tu retiens jamais la leçon.
<1464> \{観鈴}「うん、わかってない」;;;<1464> Oui, je ne retiens pas la leçon.
<1465> \{晴子}「だから、今日は、いつもよりきついお仕置きや」;;;<1465> C'est pourquoi aujourd'hui, je vais te punir encore plus fort.
<1466> \{観鈴}「うん、きついお仕置き」;;;<1466> Oui, me punir plus fort.
<1467> \{晴子}「指入れるけど、我慢しいや」;;;<1467> Je vais mettre mon doigt. Tiens-toi prête.
<1468> \{観鈴}「うん、我慢する」;;;<1468> Oui, je suis prête.
<1469> \{晴子}「それもお尻の穴にやで」;;;<1469> Je vais aussi le mettre dans le trou entre tes fesses.
<1470> \{観鈴}「うん、お尻の穴」;;;<1470> Oui, le trou entre mes fesses.
<1471> ………。;;;<1471> ..........
<1472> ……。;;;<1472> .......
<1473> …。;;;<1473> ....
