<0000> ［  山  路  ］／柳也;;;<0000> ［ Chemin de montagne ］/ Ryuuya
<0001> それから数日の間、山中を進んだ。;;;<0001> Nous marchâmes des jours durant dans les collines.
<0002> 追っ手の気配はまったくなかった。;;;<0002> Et ce, sans aucun signe de poursuivants.
<0003> 神奈は沢に落ちて溺れ死んだと思ってくれていればいいが、さすがにそこまで楽観はできない。;;;<0003> Idéalement, ils auraient été convaincus que Kanna était bel et bien tombée à l'eau et qu'elle s'était noyée, mais je ne pouvais pas me permettre d'être trop optimiste.
<0004> 亡骸（なきがら）が見つからない以上、執拗に探し続けるはずだ。;;;<0004> Ils risquaient de ne pas abandonner leurs recherches tant qu'ils n'auraient pas trouvé de dépouille.
<0005> あの兵士が本隊に帰りつき、俺たちのことを報告するとも考えられる。;;;<0005> Il était aussi en outre possible que \bce\u soldat eût regagné son unité et qu'il leur eût fait rapport sur notre situation.
<0006> 検問のことを考えると、街道を行くわけにはいかなかった。;;;<0006> Compte tenu des contrôles, il était impossible d'emprunter la route principale.
<0007> たとえ追っ手はなくても、敵は別にあった。;;;<0007> Poursuivant mis à part, nous devions faire face à un autre adversaire :
<0008> 盛夏だ。;;;<0008> La mi-été.
<0009> 辺り一面に蝉の合唱が響きわたっている。;;;<0009> Les cœurs des cigales se faisaient entendre venant de toutes les directions.
<0010> あたりまえだが、暑い。;;;<0010> Évidemment, il faisait chaud.
<0011> 風はそよとも吹かず、真上にある太陽は地表をこがす。;;;<0011> Il n'y avait pas le moindre vent, et le soleil, parfaitement à notre verticale, semblait prêt à carboniser le sol.
<0012> 木々の色にみずみずしさを与える陽光も、今は憎らしいかぎりだ。;;;<0012> Peu importe que le soleil donnât aux arbres leur couleur éclatante. Actuellement, je le haïssais.
<0013> \{柳也}「暑いな…」;;;<0013> Fait chaud...
<0014> \{裏葉}「柳也さま、しばしお待ちいただけますか」;;;<0014> Ryuuya-sama, pourriez-vous patienter un court instant ?
<0015> うしろから裏葉が呼びかけてきた。;;;<0015> Uraha m'interpella de derrière.
<0016> 振り向くと、すこし間が開いている。;;;<0016> Je me retournai, et vis que l'écart entre nous s'était agrandi.
<0017> \{柳也}「あ、すまない」;;;<0017> Ah, pardon.
<0018> 二人のそばに近寄ると、神奈の顔色が悪かった。;;;<0018> En m'approchant d'elles, je remarquai que Kanna n'avait pas bonne mine.
<0019> 頬といい額といい、汗が滝のように出ている。;;;<0019> De la sueur coulait à flots sur ses joues comme son front.
<0020> \{柳也}「裏葉、水はあるか？」;;;<0020> Uraha, tu as de l'eau ?
<0021> 裏葉は背から荷を降ろし、竹筒を振って中身をたしかめた。;;;<0021> Uraha posa par terre l'un des bagages qu'elle portait sur son dos, puis secoua un récipient en bambou pour s'assurer de son contenu.
<0022> \{裏葉}「こちらにすこしございますが、あと一本は空のようです」;;;<0022> Il nous en reste encore un peu dans celui-ci. Celui-là est vide.
<0023> \{柳也}「悪いが、汲んで来てくれないか？  ここを下ればすぐに沢があるはずだ」;;;<0023> Désolé, mais tu pourrais aller chercher de l'eau ? Il y a un cours d'eau un peu plus bas.
<0024> \{裏葉}「かしこまりました」;;;<0024> Très bien.
<0025> 俺に水の入った方の竹筒を渡すと、裏葉は沢筋に下りていった。;;;<0025> Elle me remit le récipient qui n'était pas vide avant de s'engager en direction de cours d'eau.
<0026> \{柳也}「神奈、大丈夫か？」;;;<0026> Kanna, ça va ?
<0027> \{神奈}「話しかけるでない。頭にひびく…」;;;<0027> Ne me parlez pas. Ça résonne dans ma tête...
<0028> \{柳也}「熱気にやられたな。ほら」;;;<0028> C'est la chaleur qui te monte à la tête. Tiens.
<0029> 竹筒をひっくり返し、神奈の頭に水をかけてやった。;;;<0029> Je retournai le récipient et en déversai le contenu sur sa tête.
<0030> \{神奈}「なにをするかっ」;;;<0030> Que faites-vous ?!
<0031> \{柳也}「体の熱を取るためだ」;;;<0031> C'est pour te rafraîchir.
<0032> \{神奈}「一言ことわってからにしろ…」;;;<0032> Dites-le \bavant\u de passer à l'acte...
<0033> 文句をつける間もなく、神奈はへなへなとその場にへたりこんだ。;;;<0033> À peine avait-elle fini de se plaindre qu'elle s'effondra mollement sur place.
<0034> \{神奈}「このまま溶けそうな心地がするぞ」;;;<0034> J'ai l'impression que je vais finir par fondre.
<0035> \{裏葉}「ただいま戻りました」;;;<0035> Me revoilà.
<0036> 竹筒をからからと鳴らして、裏葉が戻ってきた。;;;<0036> Uraha revint vers nous en agitant le tube de bambou.
<0037> \{裏葉}「神奈さま、お飲み下さいませ」;;;<0037> Kanna-sama, je vous prie de boire.
<0038> 竹筒に自ら口をつけ、それから神奈に差し出す。;;;<0038> Après en avoir elle-même bu une petite gorgée, Uraha présenta le récipient à Kanna.
<0039> 沢から汲んできたばかりの、冷たい水だ。;;;<0039> Il s'agissait d'eau fraîche, tout juste puisée dans un ruisseau.
<0040> \{神奈}「んくっんくっんくっ…はふ…」;;;<0040> \Glou glou glou\u... \bPfouah\u...
<0041> 一息で飲み干した。;;;<0041> Elle avait tout descendu d'un seul trait.
<0042> 裏葉はただ、神奈のことを心配げに見つめている。;;;<0042> Cependant, Uraha la fixait d'un air inquiet.
<0043> その顔が、夏山の風景とどこか合っていない気がする。;;;<0043> L'expression sur son visage jurait avec ce panorama montagnard et estival.
<0044> \{柳也}「…裏葉は暑くないのか？」;;;<0044> ... Uraha, t'as pas trop chaud ?
<0045> \{裏葉}「先ほどから暑くてたまりません」;;;<0045> Voilà un bon moment que je trouve cette chaleur insupportable.
<0046> \{柳也}「しかし、汗をかいてないように見えるぞ」;;;<0046> Certes, mais tu n'as pas l'air de suer.
<0047> 事実、裏葉の額には汗の玉ひとつ見受けられなかった。;;;<0047> En fait, pas la moindre goutte de sueur n'était visible sur son front.
<0048> \{裏葉}「主の見ぬ間に汗を流し、涼しげな顔をたもつのが女官のつとめでございます」;;;<0048> C'est le devoir d'une dame de compagnie de transpirer à l'abri du regard de son maître et de garder un visage posé en toutes circonstances.
<0049> \{柳也}「そんな器用な真似ができるのは、おまえだけだと思うぞ」;;;<0049> Je crois que tu dois bien être la seule à posséder ce pouvoir.
<0050> \{裏葉}「なにごとも修練でございます」;;;<0050> Comme toute chose, cela s'apprend.
<0051> こともなげに笑う。;;;<0051> Elle me sourit avec une certaine désinvolture.
<0052> どうも裏葉が人ではないと思えてくるのは気のせいだろうか。;;;<0052> Je commençais vraiment à me demander si Uraha était bel et bien humaine.
<0053> \{裏葉}「ですが、神奈さまの暑気あたりはいかがいたしましょうか？」;;;<0053> Que devrions-nous faire à propos du coup de chaleur dont Kanna-sama souffre ?
<0054> \{柳也}「いかがと言われてもなあ……」;;;<0054> Ça, je n'en ai aucune idée......
<0055> \{裏葉}「このままでは、神奈さまのご体調がととのうまで動けません」;;;<0055> On dirait que nous allons devoir attendre que Kanna-sama retrouve la forme avant que nous puissions nous remettre en route.
<0056> \{裏葉}「それに、まだ炎暑はなかばでございます。たびたびこのような事になっては…」;;;<0056> Par ailleurs, nous sommes toujours en pleine canicule. Si cela continue ainsi...
<0057> 言葉を濁したが、裏葉の言いたいことはわかった。;;;<0057> Uraha ne finit pas sa phrase, mais je me doutais de ce qu'elle avait voulu dire.
<0058> もう一度神奈の様子を見た。;;;<0058> J'évaluai à nouveau l'état de Kanna.
<0059> やはり暑苦しい。;;;<0059> Il faisait caniculaire. Cela était certain.
<0060> 薄物とはいえ、単衣（ひとえぎぬ）を数枚は重ねているはずだ。;;;<0060> Pour fines qu'elles fussent, son kimono était composé de plusieurs couches.
<0061> それに、この辺りの道は、ふもとの村人が山仕事に使うものだ。;;;<0061> En outre, ces sentiers étaient empruntés par les villageois qui vivaient au pied de la colline.
<0062> この装束でうろついていたら、あからさまに怪しい。;;;<0062> Habillée aussi richement, elle risquait d'attirer les regards.
<0063> \{柳也}「仕方ないな…」;;;<0063> Pas d'autre choix...
<0064> \{柳也}「裏葉、半刻ほどここで待ってろ」;;;<0064> Uraha, patiente ici environ une demi-heure.
<0065> \{裏葉}「どうなさるのですか？」;;;<0065> Que comptez-vous faire ?
<0066> \{柳也}「ちょっと探し物だ」;;;<0066> Je vais essayer de trouver certaines choses.
<0067> 立ちあがりかけて、ふとつけ加える。;;;<0067> Je me levai et ajoutai brusquement :
<0068> \{柳也}「裏葉、返品は受けつけないからな」;;;<0068> Uraha, ces 'choses' ne pouront pas être rendues.
<0069> \{裏葉}「はあ…」;;;<0069> D-Daccord...
<0070> 裏葉の答えを聞かず、俺は山を駈け下りた。;;;<0070> Je me mis à dévaler la pente sans prêter attention à sa réponse.
<0071> きっかり半刻後。;;;<0071> Très exactement une demi-heure plus tard...
<0072> 俺は目的の物をたずさえて、二人の元へと戻った。;;;<0072> Je revins vers elles, les objets de ma recherche entre mes mains.
<0073> \{神奈}「どこをほっつき歩いておった」;;;<0073> Où êtes-vous allé perdre notre temps comme ça ?
<0074> 神奈の悪態で迎えられた。;;;<0074> Je fus accueilli par des injures.
<0075> さっきよりは調子がいいようだが、まだ顔が上気している。;;;<0075> Elle semblait aller bien mieux qu'un peu plus tôt, mais son visage était encore rouge.
<0076> \{柳也}「ふもとに村があったんで、ちょっとな」;;;<0076> J'étais au village en bas de la colline.
<0077> \{神奈}「ことわりなく余から離れるでない」;;;<0077> Ne me quittez pas sans ma permission.
<0078> \{柳也}「大事な用だったんだ。大目に見てくれ…」;;;<0078> C'était important, alors fais-moi une faveur pour cette fois...
<0079> 言いながら、俺は持っていた布の束をばさっと開いてみせた。;;;<0079> dis-je tout en déployant la pile d'étoffe que j'avais en main.
<0080> \{神奈}「…なんだ、これは？」;;;<0080> ... Qu'est-ce ?
<0081> \{柳也}「知らないのか？」;;;<0081> Tu connais pas ?
<0082> \{柳也}「これは着物といってな、袖を通して帯を締めて使うものだ」;;;<0082> On appelle ça des 'kimonos'. Tu les enfiles en passant tes bras dans les manches et en serrant la ceinture.
<0083> \{柳也}「当世では獣（けもの）以外はたいていこれを身につけているぞ」;;;<0083> De nos jours, tout le monde en porte. Sauf les animaux.
<0084> \{柳也}「身につけないのが礼儀の場合もあるが、どんな時かは内緒だ」;;;<0084> Enfin, il y a aussi des cas dans lesquels les bonnes manières exigent de ne rien porter, mais c'est pas de ton âge.
<0085> \{神奈}「馬鹿にするでないっ」;;;<0085> Arrêtez de me prendre pour une imbécile !
<0086> \{裏葉}「まあ、新しい御衣（おんぞ）でございますか？」;;;<0086> Ooh ? Seraient-ce de nouveaux habits ?
<0087> 気の乗らない風の神奈をよそに、裏葉は目を輝かせている。;;;<0087> Contrairement à Kanna et sa mauvaise humeur, Uraha avait les yeux qui brillaient. 
<0088> 着物の生地を指でつまむと、はたと首をかしげた。;;;<0088> Après avoir senti les matérieux entre ses doigts, elle pencha la tête sur le côté.
<0089> \{裏葉}「生絹（すずし）にしては風合いがやけにごわごわと…」;;;<0089> Même pour de la soie brute, le toucher est étonnamment rugueux...
<0090> \{柳也}「麻（あさ）かなにかだろ」;;;<0090> C'est du chanvre, ou un truc comme ça.
<0091> \{裏葉}「染めが朽葉色（くちばいろ）というのは、時節がらいささか不調法では？」;;;<0091> Ne trouvez-vous pas que ce brun-roux* n'est pas vraiment approprié en cette saison ?
<0092> \{柳也}「この期におよんでまだ色にこだわるか」;;;<0092> Qu'est-ce qu'on en a à faire de la couleur dans des conditions pareilles ?
<0093> \{裏葉}「重ねを工夫して涼しげに見せればよろしいのですね」;;;<0093> Il faudrait ajouter d'autres couches pour que le tout donne une impression de fraîcheur.
<0094> \{柳也}「…重ねないでくれ、頼むから」;;;<0094> ... Je t'en supplie, pas d'autres couches.
<0095> 裏葉はまだまだ不満げだったが、顔には『早く着付けをしたい』と書いてあった。;;;<0095> Uraha avait beau se donner un air mécontent, je lisais surtout : 'j'ai hâte d'aider Kanna à les enfiler' sur son visage.
<0096> 思った通り、新しい衣の誘惑は強烈らしい。;;;<0096> Comme je le pensais, il lui était difficile de résister à la tentation de nouveaux vêtements.
<0097> \{柳也}「裏葉の分もあるからな」;;;<0097> J'en ai aussi pour toi, Uraha.
<0098> \{裏葉}「あらあらまあまあ…」;;;<0098> Oh là là, oh là là...
<0099> \{柳也}「二人で着替えてきてくれ。俺はここで見張っているから」;;;<0099> Changez-vous. Moi, je monte la garde.
<0100> \{裏葉}「承知いたしました」;;;<0100> Entendu.
<0101> \{裏葉}「ささ、神奈さまこちらへ」;;;<0101> Allez, Kanna-sama, tournez-vous par ici.
<0102> 木々の奧に神奈を連れていこうとする。;;;<0102> Elle fit signe à Kanna d'aller un peu plus loin dans les bois.
<0103> \{神奈}「余はこのままでよいっ」;;;<0103> Je suis très bien comme ça !
<0104> \{裏葉}「せっかく柳也さまがお持ちくださったのに、ご厚意を無為にされるのですか？」;;;<0104> Après tous les efforts investis par Ryuuya-sama pour se les procurer, vous voulez vraiment rejeter sa gentillesse ?
<0105> \{神奈}「余が命じたわけではないぞ」;;;<0105> Je ne lui ai jamais donné l'ordre.
<0106> \{裏葉}「裏葉とて、神奈さまの喜ぶお顔を拝見したいのでございます」;;;<0106> Moi aussi, je voulais voir votre visage se réjouir.
<0107> \{神奈}「余を着せ替えて喜ぶのはおまえだろうが！」;;;<0107> Il n'y a que vous qui vous réjouissez à l'idée que je me change !
<0108> \{裏葉}「そのような聞きわけのないことを申されますと…」;;;<0108> Si vous ne commencez pas à être plus raisonnable...
<0109> \{神奈}「…むっ」;;;<0109> ... Hmm ?!
<0110> 殺気を感じた神奈が逃げようとしたが、遅い。;;;<0110> Sentant le danger, Kanna tenta de s'enfuir. Trop tard.
<0111> \{裏葉}「えいっ」;;;<0111> Hop !
<0112> 両袖で神奈の顔をおおい、そのままはがいじめにする。;;;<0112> Elle couvrit le visage de Kanna avec ses deux manches et l'immobilisa.
<0113> 裏葉の得意技だ。;;;<0113> C'était sa technique secrète.
<0114> \{神奈}「むむーむむっ。むむ～むむむーむ…」;;;<0114> Hmmhmm-hmmhmm ! Hmmhmm~ hmmhmmhmm-hmm...
<0115> じたばたじたばた。;;;<0115> Elle jouait des pieds et des mains pour tenter de s'en dégager.
<0116> 必死で暴れているが、こうなったら逃れられるはずはない。;;;<0116> Il se débattait frénétiquement, mais dans cette situation, elle n'avait aucune chance de s'échapper.
<0117> \{裏葉}「それでは柳也さま、しばしお待ちを」;;;<0117> Sur ce, Ryuuya-sama, veuillez nous attendre un instant.
<0118> \{柳也}「ああ、しっぽりと楽しんでこいよ」;;;<0118> Ouais. Profite bien.
<0119> \{裏葉}「お心づかいありがとうございます。では」;;;<0119> Merci beaucoup pour ces gentils mots. À nous.
<0120> こうして神奈は、林の奧にずるずると引きずられていった。;;;<0120> Sans être lâchée, Kanna fut traînée dans les profondeurs de la forêt.
<0121> \{柳也}「…ほとんど山賊だな」;;;<0121> ... On dirait un bandit.
<0122> 身ぐるみ剥がしたあとに別の衣を着付けるのだから、随分親切な賊ではあるが。;;;<0122> Quoique... C'est gentil, pour un bandit, de rhabiller sa victime après l'avoir dépouillée de tous ses vêtements.
<0123> 手持ち無沙汰なまま、梢の間から空を見上げる。;;;<0123> Je restais là, sans rien faire, à regarder le ciel à travers les branches des arbres.
<0124> …平和だ。;;;<0124> ... Tellement paisible.
<0125> \{柳也}「まだか？」;;;<0125> C'est bon ?
<0126> \{裏葉}「まだでございます」;;;<0126> Pas encore.
<0127> まあそうだろうな。;;;<0127> Bah, peu importe.
<0128> ………。;;;<0128> ..........
<0129> \{柳也}「…まだか？」;;;<0129> ... C'est bon ?
<0130> \{裏葉}「今しばらくお待ちを」;;;<0130> Patientez encore un peu, s'il vous plait.
<0131> そんなに悩むことでもないだろうに。;;;<0131> Ce ne devait pas être si difficile, non ?
<0132> ……………。;;;<0132> ..........
<0133> \{柳也}「……まだか？」;;;<0133> ......... C'est bon ?
<0134> \{裏葉}「あともう一息でございます」;;;<0134> Presque.
<0135> お産じゃないんだから、そう気張らなくてもよさそうなものだが。;;;<0135> C'est pas un accouchement, pas besoin de s'appliquer à ce point...
<0136> …………………。;;;<0136> .............
<0137> \{柳也}「おい裏葉、いいかげんに…」;;;<0137> Hé, Uraha, ça commence à...
<0138> 怒鳴りかけた時、裏葉の声が困惑ぎみに答えた。;;;<0138> Uraha me répondit d'une voix confuse juste avant que je me mette à crier :
<0139> \{裏葉}「ご用意はできているのですが、神奈さまが…」;;;<0139> J'ai fini, mais Kanna-sama...
<0140> \{神奈}「このような格好などせぬ、できぬ、見せられぬっ」;;;<0140> Je ne peux pas me vêtir de cette façon. Non, je ne peux pas me montrer ainsi.
<0141> 神奈は必死で駄々をこねているようだった。;;;<0141> Kanna était en plein caprice.
<0142> 押し問答のすえ、裏葉の声が低くひびいた。;;;<0142> Après de vifs échanges, Uraha parla faiblement :
<0143> \{裏葉}「そのような聞きわけのないことを申されますと…」;;;<0143> Si vous ne commencez pas à être plus raisonnable...
<0144> \{裏葉}「えいっ」;;;<0144> Hop !
<0145> \{神奈}「むーむーむっ。むむむむ～む、むーむ…」;;;<0145> Hmm-hmm-hmm ! Hmmhmmhmmhmm~hmm, hmm-hmm...
<0146> …結局またそれかい。;;;<0146> ... Finalement, on était revenu à ça.
<0147> \{裏葉}「お待たせいたしました」;;;<0147> Désolée pour l'attente.
<0148> 涼しい顔の裏葉が、神奈をともなって現れた。;;;<0148> Le visage impassible, Uraha reparut en compagnie de Kanna.
<0149> 神奈は頬といわず耳といわず、顔中を真っ赤にしていた。;;;<0149> Kanna, par contre, était toute rouge, des joues jusqu'aux oreilles.
<0150> \{神奈}「なぜこのような格好をせねばならんのだ」;;;<0150> Pourquoi dois-je porter de tels habits ?
<0151> 粗末な袖をだらりと持ちあげ、情けない声を出す。;;;<0151> se plaignit-elle d'un ton pitoyable en soulevant mollement ses manches usées.
<0152> \{裏葉}「よくお似合いでございますわ」;;;<0152> Mais ils vous vont très bien.
<0153> \{柳也}「似合ってるぞ、神奈」;;;<0153> Ça te va bien, Kanna.
<0154> \{神奈}「そ、そうか…？」;;;<0154> V-Vraiment ?
<0155> 褒められれば、まんざらでもないらしい。;;;<0155> Après quelques compliments, elle n'avait déjà plus l'air aussi agacée.
<0156> \{柳也}「ああ。どこからどう見ても立派な田舎娘だ」;;;<0156> Ouais. T'as tout l'air d'une fille de la campagne dans toute sa splendeur.
<0157> \{柳也}「これで骨張っていてもごまかせるな」;;;<0157> Comme ça, même si t'as la peau sur les os, on y fera pas attention.
<0158> ぽかっ。;;;<0158> \bPaf\u !
<0159> とたんに鉄拳をくらった。;;;<0159> Je reçus immédiatement un coup de poing.
<0160> \{神奈}「人が気にしておることをっ」;;;<0160> Pas besoin d'insister.
<0161> \{裏葉}「神奈さまったら、おかしいんですよ」;;;<0161> Kanna-sama a tenu de bien curieux propos.
<0162> \{神奈}「馬鹿っ、それは申すでないっ」;;;<0162> Imbécile ! N'en dites rien !
<0163> \{裏葉}「『似合いもしない衣姿は柳也どのに見せられぬ』などとおっしゃって」;;;<0163> Elle m'a même dit : 'je ne peux point me montrer à Ryuuya-dono vêtue d'habits qui ne me siéent guère'.
<0164> \{裏葉}「神奈さまは可愛らしいゆえ、どのような衣でも必ずお似合いになりますのに」;;;<0164> Mais bon, Kanna-sama est tellement mignonne que peu importe ce qu'elle porte, ça lui ira.
<0165> あまりに自信たっぷりに言いきるので、神奈の方が戸惑っている。;;;<0165> Elle parlait avec tellement d'assurance que Kanna en était déconcertée.
<0166> \{柳也}「こっちの方が目立たないし、動きやすいだろ」;;;<0166> C'est moins voyant, et en plus, on y bouge plus facilement.
<0167> \{柳也}「それに、すこしは涼しいはずだ」;;;<0167> En outre, il devrait faire un plus frais, avec.
<0168> \{神奈}「………」;;;<0168> .........
<0169> \{柳也}「にらむなよ。そんなにいやか？」;;;<0169> Arrête de me regarder aussi méchamment. Ça te dérange à ce point ?
<0170> \{神奈}「……ぅ」;;;<0170> ......... uh...
<0171> 洗いざらしの袖を見下ろし、情けない声をあげる。;;;<0171> Elle posa son regard sur ses manches délavées et gémit de manière pitoyable.
<0172> \{柳也}「そういう簡素な着物の方が、おまえにはふさわしいと思うけどな」;;;<0172> Personnellement, je trouve qu'un kimono plus modeste comme celui-ci te convient mieux.
<0173> \{神奈}「どういう意味か」;;;<0173> Que voulez-vous dire ?
<0174> \{柳也}「かたくるしいのより、元気な方が可愛いってことさ」;;;<0174> T'as l'air plus énergique et plus mignonne que quand tu portes tous ces machins officiels.
<0175> \{神奈}「…妙な好みだの」;;;<0175> ... Quels drôles de goûts.
<0176> \{神奈}「仕方ないの。我慢して着てやるぞ」;;;<0176> On dirait que je n'ai pas le choix : je vais prendre mon mal en patience et les garder un peu.
<0177> 神奈がしぶしぶうなずき、衣替えはどうやら落着したようだった。;;;<0177> Kanna hocha la tête avec réticence. Cette histoire de changement de tenue semblait derrière nous.
<0178> \{裏葉}「ところで柳也さま、こちらの衣はどちらで？」;;;<0178> En passant, Ryuuya-sama. Où vous-êtes vous procuré ces habits ?
<0179> \{柳也}「…明かさないとだめか？」;;;<0179> ... Tu veux vraiment le savoir ?
<0180> 裏葉はおだやかな笑顔のままで、じっと答えを待っている。;;;<0180> Uraha attendit attentivement ma réponse avec un sourire calme.
<0181> 真相を知っていて、あえて黙っているという顔つきだ。;;;<0181> Son visage me disait qu'elle connaissait déjà la vérité.
<0182> \{柳也}「川辺で篭（かご）に入れてあったのを、こっそりとな」;;;<0182> Je les ai trouvés au bord de l'eau, puis discrètement...
<0183> \{神奈}「盗ったのかっ」;;;<0183> Vous les avez dérobés ?
<0184> \{柳也}「代わりに銭を置いてきたぞ」;;;<0184> J'ai laissé de l'argent, en échange.
<0185> この時勢に銭などもらって、うれしいかは別だが。;;;<0185> Enfin, allez savoir s'ils étaient heureux de recevoir de l'argent en ces temps difficiles...
<0186> \{裏葉}「失礼ながら、神奈さまの衣はすこしばかり丈が短うございます」;;;<0186> Je regrette de devoir vous le dire, mais les vêtements de Kanna-sama sont un peu trop courts.
<0187> \{柳也}「あつらえたわけじゃないからな、我慢してくれ」;;;<0187> C'est pas du sur-mesure, alors qu'elle fasse avec.
<0188> \{裏葉}「わたくしの衣は、逆にすこし長うございます」;;;<0188> Les miens, au contraire, sont un peu trop longs.
<0189> \{裏葉}「これは母子が身につけていた衣ではないでしょうか」;;;<0189> Appartenaient-ils à une mère et son enfant ?
<0190> \{神奈}「…余は童女（わらわめ）の装束をまとっておると申すのだな？」;;;<0190> ... Vous voulez dire que je porte les vêtements d'une petite fille ?
<0191> \{裏葉}「わたくしは母御（ははご）のものでございますね」;;;<0191> Dans ce cas, je porte quant à moi les vêtements de sa mère.
<0192> うれしそうに目を細める。;;;<0192> Elle plissa les yeux, ravie.
<0193> 神奈は怒ったようなてれくさいような、なんとも複雑な顔をしていた。;;;<0193> L'expression sur le visage de Kanna, toutefois, était complexe : simultanément furieuse et gênée.
<0194> \{裏葉}「…そうそう、神奈さまご覧くださいな」;;;<0194> ... D'ailleurs, Kanna-sama. Veuillez jeter un œil à ceci.
<0195> \{裏葉}「このようなものが、衣の間にはさまっておりました」;;;<0195> J'ai trouvé ces choses-là glissées entre les vêtements :
<0196> 裏葉が取り出したのは、丸く縫った布の玉だった。;;;<0196> Uraha exhiba des morceaux de tissus cousus en forme de balles.
<0197> \{裏葉}「きっと、洗い物をする時にまぎれたのでございましょう」;;;<0197> Elles se seront coincées entre les vêtements pendant que leur propriétaire était occupé à laver son linge.
<0198> 全部で三つあるそれを、神奈に手渡す。;;;<0198> Elle remit les trois boules à Kanna.
<0199> \{神奈}「なんだ、これは？」;;;<0199> Que sont ces choses-là ?
<0200> 三つの布玉をぐにゅぐにゅと揉みながら、不思議そうに首をかしげる。;;;<0200> Elle serra les trois boules de tissu entre ses mains tout en penchant la tête d'un air perplexe.
<0201> \{柳也}「俺に訊かれても、わからないぞ」;;;<0201> Me demande pas, j'en sais rien.
<0202> 裏葉はただ微笑んでいる。;;;<0202> Cependant, Uraha sourit.
<0203> 種明かしをしたくてうずうずしている感じだ。;;;<0203> Elle semblait mourir d'envie de nous expliquer ce qu'étaient ces boules.
<0204> \{裏葉}「お手玉でございましょうね」;;;<0204> Ce sont des balles à grain.
<0205> \{神奈}「おてだま、とな？」;;;<0205> Des 'balles à grain', c'est cela ?
<0206> \{裏葉}「やんごとなきご身分のお子が、いしなどりをするのに用います」;;;<0206> Les enfants de haute naissance s'en servent pour jongler.
<0207> \{神奈}「いしなどりとはなんだ？」;;;<0207> Que signifie 'jongler' ?
<0208> \{柳也}「女童（めらわ）のする遊びだ」;;;<0208> C'est un jeu pour fillettes.
<0209> そのぐらいなら俺も知っている。;;;<0209> Je savais au moins ça.
<0210> 地面に石を置き、いくつ宙に投げ上げられるかを競うものだ。;;;<0210> Ça se joue avec des pierres, et c'est à celui qui arrive à en maintenir le plus grand nombre possible en l'air simultanément.
<0211> \{柳也}「なるほど、布でつくれば怪我もしないってわけだな」;;;<0211> Je vois. Si on y joue avec des balles en tissu, on ne risque pas de se blesser.
<0212> 神奈がもてあそぶお手玉を、俺も横から眺めた。;;;<0212> Je jetai un coup d'œil aux balles que tâtait Kanna.
<0213> 端切れらしい粗末な布には、何度も縫いなおした跡があった。;;;<0213> Elles avaient été fabriquées à partir de chutes de tissu grossièrement cousues et recousues entre elles.
<0214> 『貴族の遊び道具』という裏葉の説明とちぐはぐで、可笑しかった。;;;<0214> Il était curieux qu'Uraha les présente comme de 'jouets pour la noblesse'.
<0215> \{裏葉}「どのような身分の者にも、子は宝でございましょうから」;;;<0215> Peu importe leur position sociale, les enfants sont tous des trésors.
<0216> 俺の顔に気づき、にっこりと笑う。;;;<0216> Elle sourit en voyant mon expression.
<0217> \{神奈}「これにはなにが入っておるのだ？」;;;<0217> Qu'est-ce qu'il y a, dedans ?
<0218> \{裏葉}「貝殻か小豆（あずき）のたぐいでございましょう」;;;<0218> Soit des coquillages, soit des azuki*, je présume.
<0219> \{神奈}「ほお、小豆か…」;;;<0219> Ooh, des azuki...
<0220> お手玉のひとつを顔の前に持ちあげ、しげしげと見つめる。;;;<0220> Elle approcha l'une des balles de son visage et l'étudia attentivement.
<0221> \{神奈}「どこからも取り出せぬぞ」;;;<0221> Par où sommes-nous censés les retirer ?
<0222> \{柳也}「取り出してどうする？」;;;<0222> Pourquoi tu voudrais les retirer ?
<0223> \{神奈}「取り出さなければ、食えぬではないか」;;;<0223> Si je ne commence pas par les sortir, comment suis-je censée les manger ?
<0224> \{柳也}「………」;;;<0224> .........
<0225> \{神奈}「なぜだまる？」;;;<0225> Pourquoi vous taisez-vous ?
<0226> \{柳也}「いや、なんでもない」;;;<0226> Nan, oublie.
<0227> \{裏葉}「神奈さま、お貸しくださいますか？」;;;<0227> Kanna-sama, pourriez-vous me les prêter un instant ?
<0228> 神奈からお手玉を受け取り、右手の中で具合をととのえる。;;;<0228> Elle reçut les balles de Kanna et les calla dans sa main droite.
<0229> \{裏葉}「このように持ちまして…」;;;<0229> On les tient comme ceci, et ensuite...
<0230> 一つずつ左手に投げる。;;;<0230> De sa main gauche, elle les lança en l'air, une par une.
<0231> ひょい…。;;;<0231> \bHop\u...
<0232> \　ひょい…。;;;<0232> \ \bHop\u...
<0233> 左手で受け取ったそれは、次が届く前に空中に投げ上げられる。;;;<0233> Elle réceptionna une balle de sa main gauche, et la relança en l'air avant de réceptionner la suivante.
<0234> 三つのお手玉がきれいな輪をえがいて舞う。;;;<0234> Les trois balles décrivaient un joli cercle.
<0235> 神奈は口をあんぐりと開けて、その様子に見入っていた。;;;<0235> Kanna la regardait faire, bouche bée.
<0236> ひとしきり見せたあと、裏葉はお手玉を両手で受け止めた。;;;<0236> Après quelque temps, Uraha attrapa les balles de ses deux mains.
<0237> \{柳也}「…お見事」;;;<0237> ... Bravo.
<0238> \{裏葉}「恐れ入ります」;;;<0238> Vous m'honorez.
<0239> 神奈はと見ると、なにやら固まっている。;;;<0239> Kanna ne détachait pas son regard des balles. Elle était comme pétrifiée.
<0240> \{神奈}「…余にもできるか？」;;;<0240> ... En suis-je moi aussi capable ?
<0241> どうやらそれが訊きたかったらしい。;;;<0241> C'était certainement ce qu'elle avait souhaité demander durant tout ce temps.
<0242> \{柳也}「そりゃ、やってみなけりゃわからないだろ」;;;<0242> Un seul moyen de savoir.
<0243> \{裏葉}「すこしばかり習えば、必ずお上手になりますとも」;;;<0243> Avec un peu d'entraînement, vous deviendrez experte en un rien de temps.
<0244> 例によって、裏葉が根拠なく請け負う。;;;<0244> Encore une affirmation sans fondement de la part d'Uraha...
<0245> \{神奈}「まことにすこしばかりでよいのか？」;;;<0245> Pensez-vous sincèrement qu'\bun peu\u d'entraînement suffira ?
<0246> \{裏葉}「はい」;;;<0246> Bien sûr.
<0247> \{神奈}「まことにまことに、すこしばかりでよいのだな？」;;;<0247> Pensez-vous sincèrement, \bsincèrement\u, qu'\bun peu\u d'entraînement suffira ?
<0248> \{裏葉}「まことにまことでございます」;;;<0248> Je le pense sincèrement, \bsincèrement\u.
<0249> \{神奈}「まことにまことにまことにまことに…」;;;<0249> Pensez-vous sincèrement, \bsincèrement\u, \bsincèrement\u, \bsincèrement\u...
<0250> \{裏葉}「くどいですわ、神奈さま」;;;<0250> Vous vous répétez, Kanna-sama.
<0251> \{神奈}「………」;;;<0251> .........
<0252> 今までにないぐらい、真剣に考えこんでいる。;;;<0252> Je n'avais encore jamais vu Kanna cogiter à ce point.
<0253> \{神奈}「…では、今すぐ余に教えるがよい」;;;<0253> ... Eh bien, sans plus attendre, enseignez-le-moi.
<0254> \{裏葉}「今からでございますか？」;;;<0254> Maintenant ?
<0255> こまったように俺の方をうかがう。;;;<0255> Uraha me regarda d'un air confus.
<0256> 神奈の暑気あたりと着物の調達で、すでに日も傾きかけている。;;;<0256> Après que nous nous fûmes arrêtés pour nous occuper du coup de chaleur de Kanna et de la recherche de vêtements, le soleil avait déjà bien entamé sa descente.
<0257> 今から出立しても、大した距離は進めないだろう。;;;<0257> Si nous nous remettions en marche, nous n'irions pas bien loin.
<0258> \{柳也}「いいさ。今日はここで泊まりにしよう」;;;<0258> C'est bon. Arrêtons-nous ici pour la journée.
<0259> \{柳也}「みんな疲れがたまってるしな。休める時は休んでおこう」;;;<0259> On est tous fatigués. Proitons-en pour nous reposer.
<0260> \{裏葉}「では神奈さま、これを」;;;<0260> Dans ce cas, Kanna-sama, tenez.
<0261> \{神奈}「うむ」;;;<0261> Bien.
<0262> 神妙な顔で、お手玉を受け取る。;;;<0262> Kanna accepta les balles avec un visage sérieux.
<0263> \{裏葉}「お座りになった方が楽でございます」;;;<0263> Il vous sera plus aisé de jouer assise.
<0264> \{神奈}「おお、そうか」;;;<0264> Ooh, je vois.
<0265> お手玉の習いがはじまった。;;;<0265> Son apprentissage de l'art de la jongle pouvait commencer.
<0266> \{裏葉}「まずは初歩の初歩でございます」;;;<0266> Commençons par les bases.
<0267> \{神奈}「ふむふむ…」;;;<0267> Hmm-hmm...
<0268> \{裏葉}「お手玉ふたつをこのように両手に持ちまして…」;;;<0268> Prenez deux balles et tenez-en une dans chaque main comme ceci.
<0269> 真面目くさった裏葉の口上を聞きながら、俺はすこし離れた木の根に腰かけた。;;;<0269> Assis sur une racine un peu plus loin, j'écoutais les consignes d'Uraha, prononcées sur un ton particulièrement sérieux.
<0270> 荷袋をほどき、包みを取り出した。;;;<0270> Je défis mes bagages et en sortis le contenu.
<0271> 油紙の中身は、幾巻かの書物だ。;;;<0271> Plusieurs documents avaient été enduits d'huile.*
<0272> 翼人に関した資料のたぐいを集めろと命じられた時、密かに抜いておいたものだ。;;;<0272> Il s'agissait de documents que j'avais secrètement gardés pour moi lorsque l'on m'avait ordonné de rassembler le plus d'informations possible concernant les Êtres Ailés.
<0273> 社殿にあった書物は、これ以外はすべて焼かれてしまっただろう。;;;<0273> À l'exception de ceux-ci, tous les livres qui se trouvaient dans le sanctuaire avaient probablement tous été réduits en cendres
<0274> 最初に手に取ったのは、古ぼけた巻物だった。;;;<0274> Le premier document que je pris entre mes mains était un makimono abîmé par le temps.*
<0275> 中は難解で、おいそれと読めるものではなかった。;;;<0275> Son contenu était abstrus, le déchiffrer n'était pas chose aisée.
<0276> 次に手に取った冊子には、表紙にこう書かれていた。;;;<0276> Le deuxième document que je pris entre mes mains portait le titre suivant :
<0277> 『翼伐記』;;;<0277> Chronique de l'extermination des Ailés.
<0278> 表現のしにくい感情が広がった。;;;<0278> Un sentiment difficile à exprimer m'envahit.
<0279> とりあえず、平易な部分を拾い読みした。;;;<0279> Pour commencer, je décidai d'en survoler les parties les plus simples.
<0280> どうやら、過去にも神奈のように幽閉された翼人がいたと書かれているらしい。;;;<0280> Apparemment, d'autres Êtres Ailés furent emprisonnés comme Kanna l'était.
<0281> 数頁飛ばすと、別の記述が目に飛びこんできた。;;;<0281> Je passai quelques pages, et un autre rapport saisit mon attention :
<0282> 『羽の者、禍（わざわい）を招く』;;;<0282> Ceux qui portent des ailes attirent les désastres.
<0283> 『禍津日（まがつひ）の神、天雲の向伏す極みまで果つ』;;;<0283> Dieux calamiteux, châtiant jusqu'aux confins où s'inclinent les nuages.
<0284> 翼人が災難を引き起こす神で、地上を消し去るという意味だ。;;;<0284> En d'autres termes, les Êtres Ailés sont des dieux, et ils annihileront le monde à force de catastrophes.
<0285> 俺の知らないはるか昔にそのような事実のあったことが、こまかな字で書かれていた。;;;<0285> Il y avait longtemps, bien avant que je ne fusse né, une telle catastrophe avait été rapportée en minuscules caractères.
<0286> だが、それが真実であるかはわからない。;;;<0286> Enfin, impossible de savoir s'il s'agissait de fait réels.
<0287> \{柳也}「ふむ…」;;;<0287> Hmm...
<0288> まあ、おいおい読み解いていくしかないか。;;;<0288> Bah, il ne me reste plus qu'à les déchiffrer petit à petit jusqu'à ce que j'en vienne à bout.
<0289> 冊子を閉じ、大きく伸びをした。;;;<0289> Je refermai l'ouvrage et m'étirai.
<0290> 慣れないことをしたので、目元がじんとしている。;;;<0290> N'ayant pas l'habitude de faire cela, mes yeux piquaient un peu.
<0291> 俺は立ちあがって、神奈たちに近づいた。;;;<0291> Je me remis debout et allai voir Kanna et Uraha.
<0292> \{柳也}「どうだ、上達したか？」;;;<0292> Alors, du progrès ?
<0293> お手玉をにぎったまま、神奈がびくっと振り向いた。;;;<0293> Surprise, Kanna se tourna vers moi, serrant les balles dans ses mains.
<0294> そのぐらい熱中していたということだろう。;;;<0294> Elle devait être très concentrée.
<0295> 対する裏葉は、なぜか疲れた顔だった。;;;<0295> À l'inverse, l'expression sur le visage d'Uraha suggérait qu'elle était épuisée.
<0296> \{神奈}「こっ、このぐらいたやすいこと」;;;<0296> C-Cela n'a rien de difficile.
<0297> \{柳也}「大きく出たな」;;;<0297> Tu sembles bien confiante.
<0298> \{柳也}「なら、ひとつ腕前を見せてくれよ」;;;<0298> Si c'est comme ça, fais-moi voir un peu.
<0299> \{神奈}「………」;;;<0299> .........
<0300> \{柳也}「どうした？」;;;<0300> Qu'y a-t-il ?
<0301> \{神奈}「…余の腕前を見たいと申すのだな？」;;;<0301> ... Vous me demandez de vous faire voir ce dont je suis capable ?
<0302> \{柳也}「そうだって言ってるだろ」;;;<0302> C'est ce que je viens de dire, oui.
<0303> \{神奈}「………」;;;<0303> .........
<0304> \{神奈}「…よかろう」;;;<0304> ... Très bien.
<0305> \{神奈}「おぬしは余の忠僕ゆえ、特に見せてつかわそう」;;;<0305> Puisque vous êtes mon fidèle serviteur, je vous offre ce spectacle.
<0306> \{神奈}「おぬしはまことに幸せ者よの」;;;<0306> J'en connais qui ont de la chance...
<0307> \{神奈}「余の手さばきを見て腰を抜かすでないぞ」;;;<0307> Essayez de ne point tomber à la renverse face à mon adresse.
<0308> \{神奈}「三つの玉が疾風（はやて）のごとくぶんぶんぶんと宙を舞うぞ」;;;<0308> Ces trois balles à grain vont bientôt danser dans les airs à la manière d'un ouragan.
<0309> \{神奈}「そもそもお手玉というものは…」;;;<0309> D'ailleurs, saviez-vous que les balles à grain...
<0310> \{柳也}「能書きはいいから早くやれ」;;;<0310> Arrête ton baratin et passe à l'action.
<0311> お手玉を右手に揃え、ものすごい形相で黙りこむ。;;;<0311> Elle prépara les balles dans sa main droite et se tut, une expression intense sur le visage.
<0312> \{神奈}「………」;;;<0312> .........
<0313> 精神を統一しているらしい。;;;<0313> Elle devait être en train de se concentrer.
<0314> なにやら嫌な脂汗をかいているようにも見えるが、名人ゆえの気取りというやつだろう。;;;<0314> De mon point de vue, elle suait à foison, mais ce devait sans doute être le propre des maîtres.
<0315> \{神奈}「えいっ…」;;;<0315> Hé...!
<0316> 裂帛（れっぱく）の気合いと共に、ひとつ目が宙を舞う。;;;<0316> Après un cri, la première balle décolla.
<0317> ぶんっ。;;;<0317> \bPlop\u !
<0318> お手玉は俺の頭を越えて、足下にぽとりと落ちた。;;;<0318> Elle passa au-dessus de ma tête et vint s'écraser à mes pieds.
<0319> 拾いあげて、神奈に手渡す。;;;<0319> Je le ramassai et le tendis à Kann.
<0320> \{神奈}「ちと手元が狂っただけだ」;;;<0320> Je me suis un tout petit peu râtée, ça arrive.
<0321> \{神奈}「次はきちんとするからよく見ておれ」;;;<0321> La prochaine sera parfaite, alors regardez bien.
<0322> \{柳也}「はいはい」;;;<0322> Oui, oui...
<0323> \{神奈}「それっ…」;;;<0323> Hop...!
<0324> ぶんぶんっ。;;;<0324> \bPlop plop\u !
<0325> \{柳也}「…すごいな。今度は二つともか」;;;<0325> ... Impressionnant. Deux d'un coup, cette fois.
<0326> もう一度、拾い集めて渡した。;;;<0326> De nouveau, je les ramassai et les lui remis.
<0327> 神奈は黙って受け取る。;;;<0327> Kanna les accepta en silence.
<0328> \{裏葉}「力まかせではいけません。ちょうど目の高さほどまで…」;;;<0328> Vous ne devriez pas y mettre toute votre force. Lancez-les à la hauteur de vos yeux.
<0329> \{神奈}「わかっておるっ」;;;<0329> Je sais !
<0330> \{神奈}「やあっ…」;;;<0330> Yaah...!
<0331> ぶんぶんぶんっ。;;;<0331> \bPlop plop plop\u !
<0332> 三つのお手玉は、はるか向こうの木の幹に次々と当たって落ちた。;;;<0332> Les trois balles allèrent rebondir contre le tronc d'un arbre au loin, avant d'atterrir par terre.
<0333> \{柳也}「………」;;;<0333> .........
<0334> もはや感想を言う気力もない。;;;<0334> Je n'avais même pas la force d'exprimer ce que je ressentais.
<0335> 神奈は自分で立ちあがり、無言のままお手玉を取ってきた。;;;<0335> Kanna se leva et, sans un mot, partit ramasser les balles.
<0336> \{神奈}「習うて間もないのだ。このぐらいできれば重畳（ちょうじょう）よの」;;;<0336> Je viens tout juste de commencer à apprendre. Il est fort remarquable que j'arrive déjà à en faire autant.
<0337> \{柳也}「自分で言うなっ」;;;<0337> Tu peux parler...
<0338> すでに『初心者だから』などという言い訳ですまされる域ではなかった。;;;<0338> À un niveau aussi pitoyable, être une débutante n'était même plus une excuse.
<0339> \{柳也}「なんというか…」;;;<0339> Comment devrais-je dire ça...
<0340> \{裏葉}「…あきれるほどにお下手でございます」;;;<0340> ... C'est terriblement mauvais.
<0341> 教えている間に疲れ果てたのだろう。血も涙もない声音で裏葉が言った。;;;<0341> dit Uraha d'une voix dénuée d'émotion. Elle devait être exténuée après avoir passé tout ce temps à tenter de lui apprendre à jongler.
<0342> \{神奈}「やかましいっ」;;;<0342> Taisez-vous !
<0343> \{神奈}「すこし習えばすぐにできると申したのは裏葉ではないかっ」;;;<0343> Ne m'avez-vous pas dit qu'un tout petit peu d'entraînement suffirait !?
<0344> 懲りずにお手玉を両手でつかむ。;;;<0344> Sans se décourager, elle plaça une balle dans chaque main.
<0345> \{柳也}「ひとつから練習した方がいいんじゃないのか？」;;;<0345> Ce serait pas mieux qu'elle commence par travailler avec une seule balle ?
<0346> \{裏葉}「何度もそう申しましたのに、聞き入れていただけません」;;;<0346> Je le lui ai dit et redit, mais elle ne voulait pas m'écouter.
<0347> \{神奈}「やかましいやかましいやかましいっ！」;;;<0347> Taisez-vous, taisez-vous, taisez-vous !
<0348> \{神奈}「だいたい、この玉が悪いのだ」;;;<0348> Et puis, de toute façon, le problème vient des balles :
<0349> \{神奈}「余の手には大きすぎるぞ」;;;<0349> Elles sont trop grosses pour mes mains.
<0350> \{裏葉}「これは童（わらわ）が使うものですので、そのようなことはございません」;;;<0350> C'est impossible, puisqu'elles sont prévues pour des enfants.
<0351> \{神奈}「では小さすぎるのだ」;;;<0351> Alors c'est qu'elles sont trop petites.
<0352> \{裏葉}「大きさはちょうどいい按配です」;;;<0352> Leur taille est parfaite.
<0353> \{神奈}「では…」;;;<0353> Alors c'est que...
<0354> \{裏葉}「重すぎも軽すぎも硬すぎも柔らかすぎも甘すぎも辛すぎもいたしません」;;;<0354> Elles ne sont ni trop lourdes, ni trop légères, ni trop fermes, ni trop molles, ni trop sucrées, ni trop épicées.
<0355> \{神奈}「ではなぜ上手くいかぬのだ」;;;<0355> Alors pourquoi n'y arrive-je pas ?
<0356> 『下手だから』としか言いようがないが、ここは黙っておくのが吉だろう。;;;<0356> J'aurais pu dire : 't'es juste pas douée', mais il valait mieux que je me tusse.
<0357> \{神奈}「あ～もうよいっ。おぬしらは下がれ、気が散るっ」;;;<0357> Aah~, assez ! Allez-vous-en, vous me déconcentrez !
<0358> 言いながら、またもお手玉をかまえる。;;;<0358> dit-elle en préparant ses balles, encore une fois.
<0359> \{柳也}「裏葉、行くぞ」;;;<0359> Uraha, partons.
<0360> \{裏葉}「はい、でも…」;;;<0360> D'accord, mais...
<0361> 未練ありげな裏葉の袖を引き、神奈から離れた。;;;<0361> Je tirai Uraha, visiblement navrée, par la manche, et l'éloignai de Kanna.
<0362> \{裏葉}「ああ神奈さまおいたわしや」;;;<0362> Aah... Kanna-sama, je suis tellement désolée...
<0363> \{裏葉}「この裏葉が不甲斐ないばっかりに～」;;;<0363> Tout est ma faute. Je suis si minable~...
<0364> 主に暇（いとま）を言い渡され、裏葉はおろおろとするばかりだ。;;;<0364> Sa maîtresse ayant pris congé d'elle, Uraha était bouleversée.
<0365> \{柳也}「不甲斐ないんじゃなくて、お前が上手すぎるんだよ」;;;<0365> T'es pas minable. Au contraire, t'es bien trop douée.
<0366> \{裏葉}「はあ…」;;;<0366> Plaît-il...?
<0367> \{柳也}「名人ってのは、案外教え下手なものだからな」;;;<0367> C'est surprenant, mais les grands maîtres sont souvent de mauvais professeurs.
<0368> 本当のことを言えば、神奈が名人級の教わり下手なのだが。;;;<0368> Si j'avais voulu être honnête, j'aurais dit que c'était Kanna qui était une grande maîtresse dans l'art de ne pas savoir apprendre.
<0369> \{柳也}「とにかく、飽きるまでひとりでやらせるのがいいだろ」;;;<0369> Quoi qu'il en soit, nous devrions la laisser seule jusqu'à ce qu'elle s'en lasse.
<0370> 俺はそう言い聞かせ、裏葉もやっと納得したようだった。;;;<0370> Ma proposition semblait avoir convaincu Uraha.
<0371> \{柳也}「俺はちょっと出かけてくるよ」;;;<0371> Je m'en vais pour un moment.
<0372> \{裏葉}「どちらに？」;;;<0372> Où ça ?
<0373> \{柳也}「村の近くの川に梁（やな）が仕掛けてあったんだ。運がよければ何か捕れるかもしれない」;;;<0373> Il y avait des filets tendus dans la rivière près du village. Avec un peu de chance, j'arriverai peut-être à attraper quelque chose.
<0374> \{裏葉}「その梁はどなたのものでしょう？」;;;<0374> À qui appartient donc ces filets ?
<0375> \{柳也}「魚はだれのものでもないさ」;;;<0375> Les poissons n'appartiennent à personne.
<0376> \{裏葉}「…たしかに、そうでございますね」;;;<0376> ... Certes.
<0377> \{裏葉}「それでは、わたくしは神奈さまの表着をつくろうことにいたします」;;;<0377> Eh bien, pour ma part, je m'en vais raccommoder la tunique de Kanna-sama.
<0378> \{柳也}「もうぼろぼろだろ。ここで捨ててもいいんだが」;;;<0378> Il est pratiquement en pièces. Tu devrais le laisser.
<0379> \{裏葉}「…なっなっ、なんという不敬をっ！」;;;<0379> ... Q-Q-Quelle atroce idée !!
<0380> \{柳也}「ああすまん。好きにしていいから」;;;<0380> Ah, désolé. Fais ce qui te chante.
<0381> 獲物を持って戻った時には、もう日が暮れかけていた。;;;<0381> Quand je revins, gibier en mains, le soleil était déjà bien bas.
<0382> 林間は別の世界のようだった。;;;<0382> La forêt semblait appartenir à un autre monde.
<0383> 年月をへた木々の肌で、刻々と光が褪せていく。;;;<0383> Année après année, l'écorce des arbres perdait peu à peu sa couleur.
<0384> 山鳥も蝉も、今は鳴りをひそめている。;;;<0384> Les faisans et les cigales avaient fini de chanter.
<0385> やけに静かだった。;;;<0385> Tout était étrangement calme.
<0386> 己の身が何時（いつ）にあるのか、わからないような心地がした。;;;<0386> Je n'arrivais même pas à déterminer pendant combien de temps j'étais parti.
<0387> やがて。;;;<0387> Mais, bientôt...
<0388> 行く手から少女の声がした。;;;<0388> J'entendis une voix de jeune fille un peu plus avant.
<0389> \{神奈}「うがあっ。なぜできぬのだっ…」;;;<0389> Ugaah ! Pourquoi j'y arrive pas...?!
<0390> \{柳也}「………」;;;<0390> .........
<0391> 幽玄もなにもあったもんじゃないな。;;;<0391> Sachons apprécier un peu de calme lorsque la nature nous en offre...
<0392> \{柳也}「戻ったぞ」;;;<0392> Je suis revenu.
<0393> \{裏葉}「お帰りなさいませ」;;;<0393> Vous revoilà.
<0394> 裏葉は困り果てた様子で、神奈を眺めていた。;;;<0394> Uraha regardait Kanna faire, un peu perdue.
<0395> \{柳也}「ずっとやってたのか？」;;;<0395> Elle a fait ça tout ce temps ?
<0396> \{裏葉}「ええ…。お止めしても、お聞きくださらないのです」;;;<0396> En effet... Je lui ai proposé d'arrêter, mais elle ne m'écoutait pas.
<0397> \{裏葉}「社殿では童遊びなど、される機会がありませんでしたので」;;;<0397> C'est qu'elle n'a jamais eu l'occasion de jouer comme une enfant, au sanctuaire.
<0398> その瞳には、母御（ははご）のようなやさしさが滲んでいるように見えた。;;;<0398> Son regard débordant de tendresse évoquait celui d'une mère.
<0399> 俺は持っていた獲物を裏葉に渡した。;;;<0399> Je lui remis le butin que je transportais.
<0400> わらひもを鰓（えら）に通した川魚、全部で八尾だ。;;;<0400> Il y avait au total huit poissons de rivière, maintenus ensemble au moyen de ficelles de paille passées dans leurs branchies.
<0401> \{裏葉}「山女（やまめ）でございますね」;;;<0401> Je vois que ce sont des saumons.
<0402> \{裏葉}「まあまあ。どれも丸丸と肥えて…」;;;<0402> Oh là là... Ils sont tous bien gras et dodus...
<0403> \{柳也}「塩をたっぷり振って、焼いてやってくれ」;;;<0403> Ajoutes-y une bonne dose de sel, puis grille-les.
<0404> \{裏葉}「よろしいのでございますか？」;;;<0404> En êtes-vous certain ?
<0405> 塩は体に必要なものだが、旅先では手に入れにくい。;;;<0405> Le sel est nécessaire à l'organisme, mais difficile à trouver en voyage.
<0406> また、追っ手のことを考えて、これまで焚き火を許したことはなかった。;;;<0406> De plus, afin de ne pas attirer l'attention de nos poursuivants, nous n'avions jusque-là pas allumé de feu de camp.
<0407> \{柳也}「塩気のない川魚ほど味気ないものはないからな」;;;<0407> Rien n'est aussi insipide que du poisson de rivière sans sel.
<0408> \{柳也}「焚火は炎を小さく、松のたぐいを焚きつけないようにしてくれ」;;;<0408> Assure-toi que la flamme reste petite, et n'utilise pas de pin.
<0409> \{裏葉}「承知いたしました」;;;<0409> Entendu.
<0410> 裏葉は嬉々として火をおこしにかかった。;;;<0410> Uraha s'activa gaiement à l'allumage du feu.
<0411> 社を出てからずっと、食事に羮（あつもの）が出せないのを気にしていたのだ。;;;<0411> Depuis notre départ du sanctuaire, nous n'avions pas encore eu l'opportunité de cuisiner.
<0412> \{柳也}「…神奈、夕餉（ゆうけ）はどうするんだ？」;;;<0412> ... Kanna, tu viendras pour le souper ?
<0413> \{神奈}「勝手に食うておれっ！  余は忙しい！」;;;<0413> Mangez tous seuls !! Je suis occupée !
<0414> あいかわらずの調子でどなる。;;;<0414> cria-t-elle sur son ton habituel.
<0415> 神奈がここまで根気強いとは思っていなかった。;;;<0415> Je n'aurais pas imaginé qu'elle fût aussi persévérance.
<0416> というより、負けずぎらいなだけか。;;;<0416> Ou peut-être simplement qu'elle avait horreur d'abandonner.
<0417> \{柳也}「…気のすむまでさせるか」;;;<0417> ... Laisons-la faire, j'imagine.
<0418> \{裏葉}「ですが、めしあがっていただかなければ、お身体にさわります」;;;<0418> Mais si elle ne mange pas, cela nuira à sa santé.
<0419> \{柳也}「匂いが立てばすぐに飛んでくるさ」;;;<0419> Elle rappliquera au quart de tour dès que ça commencera à sentir.
<0420> \{裏葉}「…うふふ。そうでございますね」;;;<0420> ... Ufufu. Effectivement.
<0421> \{柳也}「神奈は食い意地がはってるからな」;;;<0421> C'est un glouton, après tout.
<0422> \{神奈}「やかましいっ！  聞こえておるぞ！」;;;<0422> Taisez-vous ! Je peux vous entendre !
<0423> \{柳也}「怒ると手元が定まらないぞ」;;;<0423> T'énerve pas, sinon tu ne sauras plus te concentrer sur tes mains.
<0424> \{神奈}「おぬしが妙なことを申すからであろっ！」;;;<0424> Alors arrêtez de dire des bêtises !!
<0425> 火打石が打ちあわされ、薪に火が移った。;;;<0425> Un coup de silex plus tard, et le bois avait donné naissance à un feu.
<0426> 裏葉は小刀をたくみに使って魚を下ごしらえし、枯れ枝から串を切り出した。;;;<0426> Au moyen d'un canif, Uraha vida adroitement les poissons avant de tailler des branches mortes en brochettes.
<0427> 串を山女に通し、炎の周りに射す。;;;<0427> Elle embrocha les poissons et les arrangea autour du feu.
<0428> 魚の脂（あぶら）が焚き火にじゅうじゅうと落ち、香ばしい匂いがただよう。;;;<0428> La graisse du poisson grésillant au feu de bois répandit une odeur alléchante.
<0429> 案の定、神奈がのこのことやって来た。;;;<0429> Comme prévu, Kanna nous rejoignit, faisant comme si de rien n'était.
<0430> \{柳也}「お手玉はもうおわりか？」;;;<0430> Tu ne joues plus avec les balles ?
<0431> \{神奈}「暗くて手元がよう見えぬ。続きは明日にする」;;;<0431> Il fait trop sombre pour que je puisse voir mes mains. Je reprendrai demain.
<0432> すでに気持ちは魚の方に行っているようだ。;;;<0432> Elle n'avait déjà plus d'yeux que pour le poisson.
<0433> \{神奈}「ふむ。今宵の献立は鯛か」;;;<0433> Hmm. Nous avons de la dorade, ce soir ?
<0434> \{神奈}「またずいぶんと痩せこけたやつよの」;;;<0434> Je vois qu'elles sont bien maigres.
<0435> \{柳也}「こんな長細い鯛があるか。山女だ山女」;;;<0435> Est-ce que des trucs aussi longs et fins ressemblent à des dorades ? Ce sont des saumons.
<0436> \{神奈}「どちらでもよい。はように支度せい」;;;<0436> Peu importe. Hâtez-vous de préparer le repas.
<0437> \{裏葉}「こちらなど、ほどよく焼きあがってございます」;;;<0437> Celui-ci est cuit comme il faut.
<0438> いちばん大きな魚を抜き、そっと身をちぎろうとする。;;;<0438> Elle prit le plus gros des saumons et l'approcha doucement de sa bouche.
<0439> そこで俺は裏葉を止めた。;;;<0439> Je l'arrêtai.
<0440> \{柳也}「なあ、裏葉」;;;<0440> Dis, Uraha.
<0441> \{裏葉}「はい？」;;;<0441> Oui ?
<0442> \{柳也}「社殿じゃないんだから、もう毒見はしなくていいだろ」;;;<0442> On est plus au sanctuaire, tu n'as plus besoin de tout goûter.
<0443> \{裏葉}「しかしながら、これがわたくしの務めです」;;;<0443> Certes, mais cela est mon devoir.
<0444> \{柳也}「まあ、気持ちはわかるけどな」;;;<0444> Bah, je te comprends.
<0445> \{柳也}「これからはできるだけ、何事も神奈自身にさせるようにしたい」;;;<0445> Mais à partir de maintenant, j'aimerais qu'on laisse Kanna se débrouiller par elle-même autant que possible.
<0446> 俺が言うと、神奈も身を乗り出してきた。;;;<0446> En m'entendant, Kanna se pencha avec curiosité.
<0447> \{神奈}「余もそう思っておったところよ」;;;<0447> Je pensais à la même chose.
<0448> \{神奈}「このようにちっぽけな魚では、余の食べるところがなくなってしまうであろ」;;;<0448> Avec un poisson aussi petit, il ne restera plus rien pour moi après que vous l'aurez gouté.
<0449> \{柳也}「………」;;;<0449> .........
<0450> 裏葉はしばらく黙っていたが、手つかずの魚を神奈に差し出した。;;;<0450> Uraha resta muette puis, quelques instants plus tard, puis présenta le saumon à Kanna sans y avoir touché.
<0451> \{裏葉}「それでは神奈さま、こちらを」;;;<0451> Voici pour vous, Kanna-sama.
<0452> \{神奈}「うむ。大儀であった」;;;<0452> Bien. Je vous remercie.
<0453> ひったくるようにして受け取り、いきなり頭から頬張ろうとする。;;;<0453> Elle l'arracha pratiquement des mains d'Uraha et, ni une, ni deux, se prépara à le croquer à pleines dents, en commençant par la tête.
<0454> \{柳也}「骨ごと食うなよ」;;;<0454> N'avale pas les arêtes.
<0455> \{神奈}「わかっておるわ」;;;<0455> Je le sais bien.
<0456> はぐっ。;;;<0456> \bNom\u !
<0457> 腹の方から豪快に食いついた。;;;<0457> Elle mordit à pleines dents dans le ventre du poisson.
<0458> 熱かったのか、少し眉をひそめる。;;;<0458> Elle fronça légèrement les sourcils. Il devait être encore un peu trop chaud.
<0459> はぐはぐはぐっ、ごくん。;;;<0459> \bNom nom nom\u ! \bGloups\u.
<0460> \{柳也}「川魚も美味いもんだろ？」;;;<0460> Les poissons d'eau douce sont délicieux, tu ne trouves pas ?
<0461> 感想を言う暇も惜しいのだろう。神奈は無言で山女にむしゃぶりついている。;;;<0461> Kanna était trop occupée à dévorer le saumon pour exprimer ses pensées.
<0462> \{柳也}「俺たちも食おう」;;;<0462> À notre tour de manger.
<0463> \{裏葉}「はい」;;;<0463> Oui.
<0464> 三人で車座になり、焼いたばかりの山女に舌を鳴らす。;;;<0464> Nous nous assîmes tous les trois en cercle et dégustâmes les saumons fraîchement grillés.
<0465> 真ん中では温かな炎がゆらゆらと踊っている。;;;<0465> Les flammes cheleureuses dansaient entre nous.
<0466> \{裏葉}「柳也さま」;;;<0466> Ryuuya-sama.
<0467> \{柳也}「なんだ？」;;;<0467> Quoi ?
<0468> \{裏葉}「このように山辺（やまのべ）で炎を囲んでおりますと、まるで…」;;;<0468> Réunis autour du feu en pleine montagne, comme ceci, c'est comme si...
<0469> \{柳也}「姫君をさらって野に逃げたはいいが、あまりの世間知らずぶりに『やるんじゃなかった』と後悔してるどこぞの色男みたいだな」;;;<0469> C'est comme si un grand séducteur avait enlevé une princesse et s'était enfui avec elle à la campagne, mais en réalisant à quel degré celle-ci ignorait tout du monde extérieur, commençait à regretter sa décision.
<0470> \{裏葉}「たいそう野趣あふるるたとえでございますね」;;;<0470> Quelle charmante analogie pastorale.
<0471> \{柳也}「…たとえというか、ほとんどそのままだけどな」;;;<0471> Quoique ce n'est pas loin de la vérité...
<0472> \{神奈}「裏葉、おかわりを持て」;;;<0472> Uraha, donnez-m'en un autre.
<0473> \{裏葉}「はい、ただいま」;;;<0473> Bien sûr. Tout de suite.
<0474> \{柳也}「食いたい串を勝手に取っていいぞ」;;;<0474> Prends la brochette qui te fait le plus envie.
<0475> \{神奈}「まことか？  では…」;;;<0475> Je peux ? Eh bien...
<0476> ひょいひょいひょいひょいひょいっ。;;;<0476> \bPrends\u \bprends\u \bprends\u \bprends\u \bprends\u !
<0477> \{柳也}「…一度に全部取るのはやめろ」;;;<0477> ... Ne les prends pas toutes en même temps.
<0478> \{神奈}「まったくおぬしは意地汚いの」;;;<0478> Quel glouton vous faites.
<0479> \{柳也}「それはこっちの台詞だっ！」;;;<0479> Tu peux parler !!
<0480> 社殿を脱出して、十日がたった。;;;<0480> Dix jours s'étaient écoulés depuis notre évasion du sanctuaire.
<0481> あいかわらず、街道をさけて山中を進んでいた。;;;<0481> Encore maintenant, nous évitions les grandes routes et arpentions plutôt des chemins de montagne.
<0482> 暑さは増すばかりだ。;;;<0482> Il faisait de plus en plus chaud.
<0483> まとまった雨もなく、飲み水を確保するのも一苦労だった。;;;<0483> La pluie se faisait fort peu fréquente et s'approvisionner en eau potable n'était pas chose aisée.
<0484> 日中に休息をとり、涼しくなってから月の入りまで行動するようにした。;;;<0484> Nous nous reposions pendant la journée et nous nous activions lorsque les températures commençaient à retomber, puis nous arrêtions lorsque la lune disparaissait sous l'horizon.
<0485> それでも、旅は順調だった。;;;<0485> Malgré ces détails, notre voyage s'était déroulé sans encombre.
<0486> 神奈と裏葉が野宿に慣れてきたこともある。;;;<0486> Kanna et Uraha s'étaient habituées au fait de coucher à la belle étoile.
<0487> 神奈にいたっては、寝ることと食べることは社殿にいた時より快調だ。;;;<0487> Kanna, en particulier, dormait et mangeait mieux qu'à l'époque où elle résidait au sanctuaire.
<0488> 追われているという意識はすでに乏しい。;;;<0488> Nous n'avions essentiellement plus le sentiment d'être des fugitifs.
<0489> 午後の休憩中。;;;<0489> Lors de notre pause postméridienne...
<0490> 俺は社殿から持ち出した地図を広げていた。;;;<0490> Je dépliai la carte sur laquelle j'avais mis la main au sanctuaire.
<0491> 書きこんであるのは主要な街道と河川、それに寺社荘園ぐらいだ。;;;<0491> Les routes principales, les cours d'eau, les temples, les sanctuaires et les shōens* y étaient indiqués.
<0492> 土地勘のない場所では、地形を読むのもむずかしい。;;;<0492> Sans connaître la région, il était difficile d'en déterminer la topographie.
<0493> \{柳也}「ふむ…」;;;<0493> Hmm...
<0494> \{神奈}「なにをむずかしい顔をしておるのだ？」;;;<0494> Qu'est-ce qui vous donne un air aussi agacé ?
<0495> \{柳也}「このまま進むと、川につきあたる」;;;<0495> En continuant, on finira par tomber sur une rivière.
<0496> \{神奈}「渡ればよいではないか」;;;<0496> Eh bien, ne pourrons-nous pas simplement la traverser ?
<0497> こともなげに言うが、この辺りの渓谷は案外深そうだ。;;;<0497> Cela allait de soi. Seulement, les gorges étaient particulièrement profondes dans cette région.
<0498> \{柳也}「川上に迂回するか」;;;<0498> Devrions-nous faire un détour pour la traverser plus en amont ?
<0499> \{柳也}「それとも、街道に出るかだな」;;;<0499> Ou bien devrions-nous rejoindre la grande route ?
<0500> 思案していると、横から裏葉が口をはさんだ。;;;<0500> Uraha m'interrompit dans ma réflexion :
<0501> \{裏葉}「街道を進むのがよろしいかと」;;;<0501> Je pense qu'il serait plus judicieux de continuer par la grande route.
<0502> \{柳也}「川を越えれば国衙（こくが）が近い。街道は人目が多いはずだ」;;;<0502> Une fois la rivière franchie, on est plus très loin du siège du gouvernement provincial. Il y aura du monde sur la grande route.
<0503> \{裏葉}「なればこそでございます」;;;<0503> C'est précisément pour cette raison que nous devrions l'emprunter.
<0504> 意味ありげに裏葉が答えた。;;;<0504> répondit-elle sur un ton significatif.
<0505> \{裏葉}「人々が集まるところなれば、うわさもはなやかでしょう」;;;<0505> Là où les gens se rassemblent, les rumeurs vont bon train.
<0506> \{柳也}「…それもそうだな」;;;<0506> ... C'est bien vrai.
<0507> 旅の目的は、逃げることから探すことに変わっていた。;;;<0507> L'objectif de notre voyage avait changé : il ne s'agissait plus de s'enfuir, mais de trouver quelqu'un.
<0508> 問題は、神奈の母君の居所だった。;;;<0508> La question étant : où peut bien se trouver la mère de Kanna ?
<0509> 頼りはただ、『ここより南の社』という言葉だけなのだ。;;;<0509> Tout ce que nous avions comme indice était ces quelques mots : 'un sanctuaire plus au sud'.
<0510> 女子供の徒歩（かち）とはいえ、もう十日も南に進んでいる。;;;<0510> Cela faisait déjà dix jours que j'avançais en direction du sud, avec une femme et un enfant pour compagnons de route.
<0511> この辺りで情報を集める必要があった。;;;<0511> Rassembler des informations sur la région était une nécessité.
<0512> \{神奈}「決まりだ。街道に降りるぞ」;;;<0512> C'est décidé : nous rejoignons la route principale.
<0513> \{柳也}「…だからおまえが言うなっての」;;;<0513> ... C'est pas à toi de décider.
<0514> \{裏葉}「そうと決まれば、出立いたしましょう」;;;<0514> Eh bien, partons.
<0515> 俺が荷を背負いなおした時には、すっかり準備はととのっていた。;;;<0515> Je finissais à peine de charger mes bagages sur mon dos, mais elles étaient déjà prêtes à partir.
<0516> 街道ぞいは、今までになくにぎわっていた。;;;<0516> La grande route était plus animée que jamais.
<0517> さまざまな装束の人々が、老若男女を問わずひっきりなしに行き来している。;;;<0517> Il y avait un flot incessant d'hommes et de femmes de tous âges vêtus d'habits divers et variés.
<0518> \{神奈}「やけにうるさいの」;;;<0518> Qu'est-ce que c'est bruyant.
<0519> \{裏葉}「市が立っておりますね」;;;<0519> On dirait qu'un marché s'est installé ici.
<0520> \{神奈}「市とはなんだ？」;;;<0520> Qu'est-ce qu'un 'marché' ?
<0521> \{裏葉}「品々を取り引きする場でございます」;;;<0521> Il s'agit d'un lieu où l'on vend et achète toutes sortes de marchandises.
<0522> \{神奈}「ほお…」;;;<0522> Ooh...
<0523> 神奈は瞳をいっぱいに見開き、きょろきょろと辺りを見渡している。;;;<0523> Kanna laissa ses yeux écarquillés fureter dans tous les sens.
<0524> \{裏葉}「随分と大きな市のようですね」;;;<0524> Ce marché est plutôt grand, vous ne trouvez pas ?
<0525> \{柳也}「そうだな」;;;<0525> Effectivement.
<0526> 都より下ってくる産物が、主に商われているらしい。;;;<0526> On y vendait principalement des produits issus de la capitale.
<0527> ただの道ぞいにこれほどの市が立つというのは、意外な感じだった。;;;<0527> Il était surprenant qu'un marché de cette taille fût établi directement au bord de la route.
<0528> \{神奈}「見よ見よっ。土器（かわらけ）が山をなしておるぞ」;;;<0528> Regardez ! Voyez-moi cette montagne de poteries !
<0529> \{柳也}「待て」;;;<0529> Attends.
<0530> 我を忘れて駈け寄ろうとした神奈の襟首を、すんでのところで捕まえた。;;;<0530> Je saisis Kanna par la peau du cou \bin extremis\u avant qu'elle ne précipitât.
<0531> \{柳也}「いいか、大声をあげたりさわいだりするなよ」;;;<0531> Écoute-moi. Évite de crier et d'attirer l'attention sur toi.
<0532> 釘を刺すと、大真面目にうなずいた。;;;<0532> Mon avertissement la fit acquiescer d'un air très sérieux.
<0533> \{神奈}「わかっておる。余もそこまでおろかではないぞ…」;;;<0533> Je sais bien. Je ne suis point aussi sotte que vous ne l'êtes.
<0534> 言ったとたんに、別の物に気を取られる。;;;<0534> À peine avait-elle prononcé ces mots qu'autre chose saisit son attention.
<0535> \{神奈}「裏葉、あれは何だ？」;;;<0535> Uraha, qu'est-ce que cela ?
<0536> \{裏葉}「鳥梅と申しまして、疝気（せんき）のお薬でございます」;;;<0536> Cela s'appelle des 'plumes d'oiseaux'. On s'en sert comme remède destiné à apaiser les coliques.
<0537> \{裏葉}「以前、神奈さまがおいやがりになったものですわ」;;;<0537> Une fois, vous en avez essayées, et cela vous a particulièrement déplu.
<0538> \{神奈}「あの途方もなく酸っぱいやつだな」;;;<0538> Ah, c'était cette chose horriblement aigre, n'est-ce pas ?
<0539> \{神奈}「それは何だ？」;;;<0539> Et ça, c'est quoi ?
<0540> \{裏葉}「鮒鮨（ふなずし）でございますね」;;;<0540> Ce sont des funazushis.*
<0541> \{裏葉}「以前神奈さまがつまみ食いされて、ひどくお中（あ）たりになったものです」;;;<0541> Une fois, vous en avez chippés quelques-uns puis vous êtes plaintes d'un terrible mal de ventre.
<0542> \{神奈}「あの時は死ぬかと思うたぞ」;;;<0542> J'ai bien cru que j'allais y rester.
<0543> \{神奈}「では、これは？」;;;<0543> Et ceci ?
<0544> \{裏葉}「白酒（しろざさ）でございましょうか」;;;<0544> C'est du saké blanc.
<0545> \{裏葉}「以前神奈さまが度を超してめしあがり、たいそうお暴れになったあげくに…」;;;<0545> Une fois, vous en avez consommé plus que de raison, puis vous vous êtes déchaînée...
<0546> \{神奈}「…いちいちつまらぬことを申さんでよいっ」;;;<0546> ... Ces détails n'intéressent personne !
<0547> 俺はうんざりしながら、うしろを歩いていた。;;;<0547> Je fermais la marche, de plus en plus impatient.
<0548> やかましいことこの上ない。;;;<0548> Quel boucan...
<0549> \{柳也}「神奈。俺がさっき、なんて言ったか覚えてるか？」;;;<0549> Kanna. Tu te rappelles ce que je viens de te dire ?
<0550> \{神奈}「『大声をあげるな、さわぐな』であろ？」;;;<0550> Ne crie pas, n'attire pas l'attention sur toi ?
<0551> \{柳也}「わかってるならすこしは黙れ」;;;<0551> Si tu t'en souviens, alors tais-toi un peu.
<0552> \{裏葉}「よろしいではございませんか」;;;<0552> Vous devriez la laisser faire.
<0553> 涼しい顔で裏葉が言う。;;;<0553> dit Uraha sur un ton tout à fait neutre.
<0554> \{裏葉}「これほどの活気があれば、少々の騒ぎなどかき消されます」;;;<0554> Vu l'animation qui règne ici, un peu de bruit passera inaperçu.
<0555> \{神奈}「裏葉、裏葉っ。なんだこれは？  まことに珍奇な形をしておるぞっ」;;;<0555> Uraha, Uraha ! C'est quoi, ça ? Quelle drôle de forme !
<0556> \{裏葉}「瓢箪（ひさご）ですわ。酒などを入れておくのに用います」;;;<0556> C'est une gourde. On s'en sert par exemple pour conserver le saké.
<0557> 売り手の市女（いちめ）が、うさんくさそうな目で神奈を見ている。;;;<0557> La marchande examina Kanna d'un œil méfiant
<0558> \{柳也}「とにかく来い」;;;<0558> Peu importe, viens ici !
<0559> 俺は強引に神奈をひっぱって、店の前から移動させた。;;;<0559> Je tirai Kanako avec force pour l'éloigner de l'étal.
<0560> \{神奈}「そう急（せ）くでない。痛いであろ」;;;<0560> Ne soyez pas si pressé. Vous me faites mal.
<0561> \{柳也}「首に縄でもつけてやろうか…」;;;<0561> Peut-être que je devrais te passer une corde autour du cou...
<0562> \{神奈}「おぬし、口やかましいぞ。すこしは楽しまぬか」;;;<0562> Vous êtes bien acariâtre. Ne puis-je pas me divertir un peu ?
<0563> \{柳也}「あのなあ、俺たちはお尋ね者なんだっての」;;;<0563> Hé, je te rappelle que nous sommes recherchés.
<0564> \{神奈}「この人混みで、だれが余を見わけるというのか？」;;;<0564> Qui pourrait m'identifier au milieu de ette foule ?
<0565> \{神奈}「身は骨張っておるし、どこから見ても村娘のようであろ」;;;<0565> Je croyais que j'étais maigrelette et ressemblais à tout point de vue à la villageoise moyenne ?
<0566> \{柳也}「どうでもいいことを根に持つなよ」;;;<0566> Sois pas rancunière pour une petite remarque...
<0567> \{柳也}「わかった、俺が悪かったよ。おまえは可愛い。壮絶に凄絶に愛らしい」;;;<0567> Allez, j'ai dit une bêtise. T'es mignonne. Je dirais même que t'es tellement adorable que ça dépasse l'entendement.
<0568> \{柳也}「目立って目立ってしょうがないぐらい愛らしいから、大人しくしててくれ」;;;<0568> Mais être aussi adorable, ça attire l'attention, alors reste discrète.
<0569> \{神奈}「…いつものことだが、おぬしの言葉には誠意というものがないの」;;;<0569> Encore une fois, votre discours manque de bonne foi.
<0570> \{柳也}「とにかくだ、ここで目立つ行動はこまる」;;;<0570> Peu importe. Ne fais rien qui pourrait te faire remarquer.
<0571> \{柳也}「この人出なら、たしかに俺たちも目立たない」;;;<0571> Certes, on se fera difficilement remarquer au milieu de tout ce monde.
<0572> \{柳也}「でもな、それは忍び寄ってくる敵の姿も見わけにくいってことだ」;;;<0572> Mais, tu vois, ça implique aussi qu'on peinera à voir venir un ennemi qui tenterait de s'approcher discrètement.
<0573> \{柳也}「もしも不意打ちを食らったら、ひとたまりもない」;;;<0573> Si on se fait attaquer par surprise, on sera faits comme des rats.
<0574> \{柳也}「裏葉や俺が追っ手に討たれる姿、見たくないだろ？」;;;<0574> Tu n'as pas envie de les voir tuer Uraha et moi, n'est-ce pas ?
<0575> \{神奈}「おいそこの者、この白い棒杭（ぼうぐい）はなんと申すのだ？」;;;<0575> Hé, vous, là. Qu'est-ce que ces bâtonnets blancs ?
<0576> \{柳也}「…聞いちゃいねーし」;;;<0576> Elle m'écoute même pas...
<0577> \{売り子}「清白（すずしろ）だよ」;;;<0577> C'est des daikons.
<0578> \{神奈}「でたらめを申すでないぞ、無礼者」;;;<0578> Cessez vos balivernes, insolente !
<0579> \{神奈}「すずしろといえば、かゆに入れる草のこと。この図体では椀におさまらんぞ」;;;<0579> On met du daikon dans le gruau. Comment voulez-vous rentrer un objet aussi large dans le bol ?
<0580> \{売り子}「…あんた、どこの御殿の姫さまだね？」;;;<0580> ... Tu sors de quel château, princesse ?
<0581> \{神奈}「ここより十日も歩いた山の…ふむぐっ」;;;<0581> C'est à dix jours de marche d'ici, dans les collines et... Hfmgh !
<0582> \{柳也}「いやこの娘、すこしばかり頭（おつむ）が足らず難儀しておるのだ」;;;<0582> J'suis désolé, mais cette fille est un peu simple d'esprit. Quelle galère...
<0583> \{売り子}「それはお気の毒なことで」;;;<0583> C'est bien dommage.
<0584> \{神奈}「むむふむ～。ふむむむふむ～ふむむむ…」;;;<0584> Hmmhmmfhmm ! Fhmmhmmhmmfhmm~hmm, fhmmhmmhmm...
<0585> 頭の足りない娘を笑顔ではがいじめにしたまま、そそくさとその場を離れる。;;;<0585> J'immobilisai la simple d'esprit par mes bras passés sous les siens et l'éloignai précipitamment en gardant le sourire.
<0586> \{神奈}「…ぷはっ」;;;<0586> ... Pouah !
<0587> \{神奈}「だれの頭が足りんと申すかっ！」;;;<0587> Qui appelez-vous 'simple d'esprit' ?!!
<0588> \{柳也}「おまえ以外にだれがいるんだ」;;;<0588> Tu veux que ce soit qui d'autre, à part toi ?
<0589> \{柳也}「裏葉も気をつかってくれ…」;;;<0589> Uraha, toi aussi tu devrais la surveiller...
<0590> 言いかけて気づくと、通りすがりの見知らぬ親爺に話しかけていた。;;;<0590> En terminant ma phrase, je remarquai que je parlais à un vieillard qui passait par là.
<0591> \{柳也}「…いやしねーし」;;;<0591> Elle a disparu...
<0592> きょろきょろと周りを見わたすが、裏葉らしい人影は見あたらない。;;;<0592> Je regardai tout autour de moi, mais ne vis personne qui lui ressemblait.
<0593> 名が知れわたっている恐れもあるから、呼びかけてみるわけにもいかない。;;;<0593> Peut-être que son nom avait circulé. Par conséquent, il n'était pas possible de simplementl'appeler.
<0594> \{神奈}「裏葉ーっ、どこにおるかーっ！  裏葉ーっ！」;;;<0594> Uraha— ! Où êtes-vous— ?!! Uraha— !!
<0595> \{柳也}「だああっ、やめろおっ！」;;;<0595> Gaah ! Arrête !!
<0596> \{神奈}「むがーっ」;;;<0596> Mugaah !
<0597> じたばたじたばたじたばた。\shake{1};;;<0597> \bBam bam bam\u \shake{1}
<0598> \{柳也}「あばれるなっ」;;;<0598> Arrête de te débattre !
<0599> \{神奈}「うーっ」;;;<0599> Uuh !
<0600> がぶっ。;;;<0600> \bNom\u !
<0601> \{柳也}「いててっ、噛むな噛むなっ！」;;;<0601> Ouch ! Me mords pas, me mords pas !!
<0602> まさに阿鼻叫喚（あびきょうかん）である。;;;<0602> Quel enfer...
<0603> \{神奈}「…おぬしが狼藉（ろうぜき）ばかり働くからであろっ」;;;<0603> ... Vous faites n'importe quoi !
<0604> \{柳也}「いいからおまえは二度と口を開くなっ！」;;;<0604> D'accord, d'accord... Contente-toi simplement de ne plus ouvrir la bouche !!
<0605> \{柳也}「暮れてきたな…」;;;<0605> Il commence à faire sombre...
<0606> 溜息まじりに、俺はつぶやいた。;;;<0606> marmonnai-je dans un soupir.
<0607> 情報を集めるつもりが、神奈のお守りで半日おわってしまった。;;;<0607> Nous étions venus glaner des informations, mais j'avais passé la moitié de la journée à surveiller Kanna.
<0608> 裏葉はまだ現れない。;;;<0608> Uraha n'était toujours pas réapparue.
<0609> どうせそこいらで、新しい衣でも物色しているのだろう。;;;<0609> À tous les coups, elle était occupée à chercher de nouveaux vêtements.
<0610> 心配はしていないが、そろそろ合流しなければ夜になってしまう。;;;<0610> Je ne m'inquiétais pas pour elle, mais il fallait que l'on se regroupe avant la tombée de la nuit.
<0611> あれだけにぎやかだった市も、今は閑散としている。;;;<0611> Contrairement à tout à l'heure, le marché n'était plus très animé.
<0612> 市女たちが店をたたみ、ぽつりぽつりと去っていく。;;;<0612> Les commerçantes fermaient boutique et s'en allaient les unes à la suite des autres.
<0613> 夕陽が山際にせまり、喧噪も褪せていく。;;;<0613> Le soleil couchant semblait s'écraser sur les collines alentour tandis que les dernières traces de tumulte s'effaçaient.
<0614> 昼間の熱気を惜しむように、蜩（ひぐらし）が澄んだ声をひびかせている…;;;<0614> Comme pour se plaindre du départ des chaleurs diurnes, les cigales faisaient résonner leur chant cristallin.
<0615> …はずなのだが、聞こえるのは不機嫌そうな雄鶏のつぶやきばかりだ。;;;<0615> ... Du moins, c'était ce à quoi je m'attendais. En fait, tout ce que je pouvais entendre, c'étaient les râles d'un coq mécontent.
<0616> \{鶏}「こっこっこっ…」;;;<0616> Cot cot cot...!
<0617> \{神奈}「おぬしのように不細工な鳥など、聞いたこともないぞ」;;;<0617> Je n'avais jamais entendu parler d'un oiseau aussi laid que toi.
<0618> \{鶏}「こっこっこっこっ」;;;<0618> Cot cot cot cor !
<0619> \{神奈}「そのように気ぜわしいさえずりでは、売れ残るのも道理というもの」;;;<0619> Si tu fais tout ce boucan, il n'y a rien d'étonnant à ce que personne ne veuille t'acheter.
<0620> \{鶏}「こっこっこっこっこっ」;;;<0620> Cot cot cot cot cot!
<0621> \{神奈}「時鳥（ほととぎす）も仏法僧（ぶっぽうそう）ももっとおかしげに鳴くぞ」;;;<0621> Les cris des coucous et des rolles sont bien plus amusants.
<0622> \{鶏}「こっこっこっこっくけ～っ」;;;<0622> Cot cot cot cot codet~ !
<0623> ばたばたばた、かぷっ。;;;<0623> \bFlap flap flap\u... Nom\u !
<0624> \{神奈}「痛いぞ、指を噛むでない」;;;<0624> Ça fait mal ! Ne me mords pas les doigts !
<0625> \{鶏}「くけ～っ」;;;<0625> Codec~ !
<0626> \{神奈}「こら、つつくなと申すに」;;;<0626> Hé, arrête d'essayer de me picorer !
<0627> \{鶏}「くけ～こけ～っ」;;;<0627> Codec~ ! Cot~ !
<0628> \{神奈}「むかっ。鳥獣のぶんざいで余をせせら笑うとは無礼千万」;;;<0628> Grr ! Comment une bête de ton rang ose-t-elle me rire au nez ?! Quel affreux malpoli !
<0629> \{神奈}「そのふざけた尾羽（おばね）、根こそぎひん抜いてくれようぞ」;;;<0629> Je vais t'arracher chacune de tes plumes ridicules !
<0630> \{鶏}「こけこっこ～～～～～～～～～～～っ」;;;<0630> Cot cot~~~~~~~~~~~ !
<0631> 羽のある者同士、楽しげに語らっている。;;;<0631> La paire de camarades ailés discutait joyeusement.
<0632> \{店主}「頼むからやめてくれ。そいつはうちでいちばん上物の尾長なんだ」;;;<0632> Je t'en supplie, arrête ! C'est notre meilleur poulet !
<0633> 店の主もたいそう嬉しそうだ。;;;<0633> Il semblait quand même plutôt amusé.
<0634> 『頭の弱い可哀相な娘だ』と言ってはあるが、我慢もそろそろ限度だろう。;;;<0634> J'avais beau l'avoir présentée comme une 'pauvre fille un peu lente d'esprit', là, ça commençait à faire beaucoup. 
<0635> \{柳也}「こら、いいかげんにしろ」;;;<0635> Hé, ça suffit.
<0636> 神奈を鶏からひっぺがし、また歩きはじめる。;;;<0636> Je tirai Kanna pour l'écarter du coq et repris la marche.
<0637> \{神奈}「次はどれを見るのだ？」;;;<0637> Qu'allons-nous voir, ensuite?
<0638> \{柳也}「次なんてない。裏葉を探してから…」;;;<0638> Il n'y a pas 'd'ensuite'. Trouvons d'abord Uraha...
<0639> 言いかけて、か細い声が呼んでいるのに気づいた。;;;<0639> Avant même que je ne terminasse ma phrase, j'entendis une voix faible qui semblait m'appeler.
<0640> \{声}「…お武家さま」;;;<0640> ... Ô nôble guerrier.
<0641> 痩せこけた乞食が、道端にうずくまるようにしている。;;;<0641> Un mendiant aux traits émaciés était accroupi au bord de la route.
<0642> \{声}「お武家さま、どうかお慈悲でございます」;;;<0642> Ô nôble guerrier, ayez pitié.
<0643> …太刀を履いているだけで、『お武家さま』とは気前がいい。;;;<0643> M'appeler 'grand guerrier' juste parce que je porte un sabre, c'est généreux...
<0644> 俺が立ち止まったのを合図に、乞食は口上を言いはじめた。;;;<0644> Remarquant que je m'étais arrêté, le misérable reprit son discours :
<0645> \{乞食}「三日前に郷（さと）を追われ、着の身着のまま逃がれてまいりました」;;;<0645> Il y a trois jours, j'ai été chassé de mon village natal avec rien d'autre que les vêtements que j'avais sur moi.
<0646> \{乞食}「老いはてたこの身では、これより先は歩くことさえままなりませぬ」;;;<0646> Avec un corps aussi âgé, je ne peux même plus faire le moindre pas.
<0647> \{柳也}「戦か？」;;;<0647> Il y a une guerre ?
<0648> \{乞食}「わかりませぬ」;;;<0648> Je n'en sais rien.
<0649> 悲しげに首を振る。;;;<0649> Il secoua tristement la tête.
<0650> 俺は警戒をとかずに、乞食のことを念入りに見あらためた。;;;<0650> Sans baisser ma garde, je l'examinai attentivement.
<0651> 怪しい様子はないし、武器を隠しているようにも思えない。;;;<0651> Il ne me parut pas suspect, et ne semblait pas non plus dissimuler une arme.
<0652> \{乞食}「あらあらしき武者装束の一団にただ『立ち退け』とだけ命じられ、家屋敷はおろか田畑（でんぱた）も召しあげられました」;;;<0652> Une bande grossière de guerriers en armure nous a simplement ordonné de 'dégager', nous dépouillant de toutes nos terres : demeures comme champs.
<0653> \{乞食}「村の者も散り散りとなり、私のごとき身寄りもない年寄りは、ただ途方に暮れるばかりでございます」;;;<0653> Les villageois se sont dispersés, et les personnes âgées sans famille comme moi ne savent que faire.
<0654> \{神奈}「それは災難であったの」;;;<0654> C'est là une chose terrible.
<0655> 乞食さえも目新しいのだろう、神奈が身を乗り出すようにして答えた。;;;<0655> répondit-elle en se penchant en avant. J'imagine que même voir un mendiant était pour elle une nouveauté.
<0656> その顔を、乞食はまじまじと見つめ返してきた。;;;<0656> En réponse, le mendiant la dévisagea d'un regard intense.
<0657> \{乞食}「そちらの娘さまは、もしやいずれの高貴な血筋を引くお方では？」;;;<0657> Mais, cette jeune demoiselle, se pourrait-il qu'elle soit de sang noble ?
<0658> \{神奈}「おお、そなたわかるか…」;;;<0658> Ooh, alors vous vous en êtes rendu compte...?
<0659> 勢いこんで答えようとした神奈を、あわてて目で制止する。;;;<0659> D'un regard paniqué, je retins Kanna avant qu'elle ne se laissât emporter par l'excitation.
<0660> こほんと咳払いして、神奈は言いなおした。;;;<0660> Elle se râcla la gorge et se corrigea :
<0661> \{神奈}「断じてちがうぞ」;;;<0661> ... que ce n'est point du tout le cas.
<0662> \{神奈}「余はなにひとつ怪しいところのない、かわいらしい村娘であるぞ」;;;<0662> Je ne suis qu'une adorable petite villageoise qui n'a rien de suspect.
<0663> \{柳也}「………」;;;<0663> .........
<0664> \{神奈}「なにをぼさっとしておる。この者になにか取らせるがよいぞ」;;;<0664> Pourquoi restez-vous planté là, la tête dans les nuages ? Donnez quelque chose à cet homme.
<0665> 貴人の気安さで鷹揚（おうよう）に言う。;;;<0665> dit-elle du ton phlegmatique et magnanime propre à l'aristocratie.
<0666> \{柳也}「なにかって言われてもなあ…」;;;<0666> Que veux-tu que je lui donne...?
<0667> \{柳也}「扇子（かわほり）ぐらいしかないぞ」;;;<0667> J'ai rien d'autre que cet éventail.
<0668> たしなみで袖にしのばせてはいるが、開いたこともない。;;;<0668> Je l'avais toujours gardé, dans ma manche, par souci d'étiquette, mais je ne l'avais jamais ouvert.
<0669> 俺は扇子を取り出して、乞食の前に置いてやった。;;;<0669> Je le sortis et le plaçai devant le mendiant.
<0670> \{柳也}「たいした品ではないが、足しにはなるだろう」;;;<0670> Ce n'est pas grand-chose, mais peut-être vous servira-t-il.
<0671> \{乞食}「かたじけのうございます」;;;<0671> Je ne saurais vous remercier assez.
<0672> 扇子を顔の前でささげもち、深々と平伏する。;;;<0672> Il joignit les mains autour de l'éventail et se prosterna.
<0673> \{乞食}「このご恩は忘れませぬ」;;;<0673> Je n'oublierai jamais cette faveur.
<0674> \{神奈}「達者で暮らすのだぞ」;;;<0674> Portez-vous bien.
<0675> そして俺たちは乞食から離れた。;;;<0675> Nous nous éloignâmes ensuite du mendiant.
<0676> 背後では、いつまでも伏して見送る気配があった。;;;<0676> Même de dos, je sentais qu'il était bien parti pour rester prostré jusqu'à la fin des temps.
<0677> \{神奈}「よいことをしたの」;;;<0677> Nous avons fait une bonne chance.
<0678> 上機嫌の神奈が言った。;;;<0678> dit Kanna, de bonne humeur.
<0679> \{柳也}「そうとは限らないけどな」;;;<0679> Qu'est-ce que t'en sais...
<0680> \{神奈}「なにゆえだ？」;;;<0680> Pourquoi dites-vous cela ?
<0681> \{柳也}「騙（かた）りかもしれないってことさ」;;;<0681> Cet homme peut très bien être un escroc.
<0682> 俺だって、食うのに困ればだましもすれば誉めもする。;;;<0682> Même moi, si j'avais vraiment très faim, je serais prêt à distribuer des éloges en veux-tu, en voilà.
<0683> 乞食の身の上話など、信じる方が馬鹿を見るというものだ。;;;<0683> Seul un imbécile croirait à l'histoire que raconte un mendiant.
<0684> \{神奈}「ほんにおぬしはうつけよの」;;;<0684> Quel benêt vous faites.
<0685> \{神奈}「あの者が痩せ細っておったのは、相違（そうい）ないであろ」;;;<0685> Cet homme est maigre comme clou, c'est un fait.
<0686> 当然の顔で諭されて、思わずうなってしまった。;;;<0686> Elle m'avait sermonné de manière tellement naturelle que je ne pus m'empêcher de me sentir d'accord.
<0687> \{柳也}「そうか。なるほどな…」;;;<0687> Je vois. Ce n'est pas faux...
<0688> 神奈の言葉に素直に感心できたのは、これがはじめてのような気がする。;;;<0688> C'était la première fois que j'étais sincèrement impressionné par les paroles de Kana.
<0689> \{神奈}「しかし、腹が空いたぞ」;;;<0689> Quoi qu'il en soit, je commence à avoir faim.
<0690> \{柳也}「…感心したそばからこれか」;;;<0690> Et dire que je commençais à être impressionné...
<0691> \{裏葉}「神奈さまは育ちざかりでおられますゆえ」;;;<0691> C'est que Kanna-sama est encore en pleine croissance.
<0692> \{柳也}「もう『育ちざかり』って年頃でもないけどな」;;;<0692> Je crois qu'elle a passé l'âge d'être en 'pleine croissance'.
<0693> \{柳也}「どうせ育つんなら、尻でなく胸の辺りをもっとこうぷっくりと…」;;;<0693> Quitte à 'croître', elle ferait mieux de faire 'croître' sa poitrine plutôt que ses fesses...
<0694> \{神奈}「やかましいわっ」;;;<0694> Taisez-vous !
<0695> \{柳也}「自覚があるから腹が立つんだろ」;;;<0695> Y a que la vérité qui blesse.
<0696> \{神奈}「………」;;;<0696> .........
<0697> ぽかっ。;;;<0697> \bPaf\u !
<0698> \{柳也}「…いてて。無言で殴るなよ」;;;<0698> ... Aïe. Me frappe pas sans rien dire.
<0699> \{神奈}「さわいで殴ればよいと申すか」;;;<0699> Vous dites que je peux vous frapper si je l'annonce ?
<0700> \{柳也}「そんなに乱暴だから、食っても食っても胸が小振りなんだぞ」;;;<0700> C'est parce que tu es aussi brutale que rien de ce que tu manges ne va à ta poitrine.
<0701> \{神奈}「そんなわけあるかっ！」;;;<0701> Comme si !!
<0702> \{柳也}「大ありだぞ。なあ裏葉」;;;<0702> Mais si, c'est la vérité. N'est-ce pas, Uraha ?
<0703> \{裏葉}「………」;;;<0703> .........
<0704> \{柳也}「元気がないな、裏葉。どうした？」;;;<0704> T'as pas l'air en forme, Uraha. Quelque chose ne va pas ?
<0705> \{裏葉}「…驚きにならないのですね」;;;<0705> ... Vous ne semblez même pas surpris.
<0706> 突然の復帰をかるく流されて、かなりがっかりしているらしい。;;;<0706> Elle devait être déçue de mon manque de réaction vis-à-vis de sa réapparition soudaine.
<0707> \{柳也}「うわっ。裏葉おまえ、いつの間に帰ってたんだ？  ちっとも気づかなかったぞ」;;;<0707> Uwah ! Uraha ! Depuis quand t'es revenue ? Je t'avais mais alors pas du tout remarquée !
<0708> \{神奈}「ほんに裏葉は神出鬼没よの」;;;<0708> Uraha a un don pour surgir de nulle part, c'est indéniable.
<0709> \{裏葉}「まことに白々しいお心づかい、ありがとうございます」;;;<0709> Je vous remercie sincèrement pour cette feinte sollicitude.
<0710> \{柳也}「で、どこに行ってたんだ？」;;;<0710> Et donc, où étais-tu passée ?
<0711> \{裏葉}「足りない物などをあれこれと求めておりました」;;;<0711> J'étais à la recherche des biens dont nous commencions à manquer.
<0712> 裏葉は言いながら、腕にかかえた布包みを示してみせた。;;;<0712> dit-elle tout en ouvrant le paquet qu'elle tenait dans ses bras.
<0713> \{裏葉}「神奈さまにはおみやげが…」;;;<0713> Un présent pour Kanna-sama...
<0714> ふところから取り出されたのは、ころりと丸い木の実だった。;;;<0714> Elle sortit un fruit rond et lisse de son kimono.
<0715> \{裏葉}「胡桃（くるみ）でございます」;;;<0715> C'est une noix.
<0716> \{柳也}「この季節にめずらしいな」;;;<0716> C'est rare en cette saison.
<0717> \{裏葉}「さる杜（もり）に一枝だけ早成りした、縁起ものだそうです」;;;<0717> On raconte que la floraison avancée d'une unique noix dans une forêt est un bon présage.
<0718> \{柳也}「ふうん」;;;<0718> Hmm...
<0719> \{裏葉}「神奈さまの好物ですし、滋養もありますので」;;;<0719> C'est un mets fort apprécié de Kana-sama, qui par ailleurs est très nourrissant.
<0720> \{神奈}「これはまた、ずいぶんと大きいの…」;;;<0720> Ma foi, c'est qu'elle est énorme...
<0721> 言いながら胡桃を受けとり、茜色の夕空にかざす。;;;<0721> Tout en parlant, elle accepta la noix et la tint devant le ciel rougeoyant du soir.
<0722> その仕草がやけに大真面目で、俺はまたも笑ってしまいそうになる。;;;<0722> La gravité dans chacun de ses mouvements était à deux doigts de me faire éclater de rire.
<0723> \{柳也}「割ってみなけりゃ、中身はわからないだろ」;;;<0723> Vous devez la craquer, pour vraiment en connaître la taille.
<0724> \{神奈}「そうか…」;;;<0724> Je vois...
<0725> 神奈はうなずいたが、未練がましく胡桃をもてあそんでいる。;;;<0725> Kanna acquiesça, mais elle ne semblait pas prête à arrêter de jouer avec la noix.
<0726> 神奈に歩幅をあわせ、三人でならんで歩く。;;;<0726> Nous nous joignîmes à elle, nous calquant sur son rythme de marche.
<0727> 三つの影がよりそい、道に長く落ちていた。;;;<0727> Trois ombres s'étiraient longuement au sol avant de se rejoindre.
<0728> 俺は裏葉の横顔に言った。;;;<0728> Je me tournai vers Uraha, et lui dis :
<0729> \{柳也}「買い物があったにしても、だまって行くことはなかっただろ」;;;<0729> Même si tu avais des achats à faire, tu n'aurais pas dû y aller sans rien dire.
<0730> \{裏葉}「ほかに調べものもございましたので」;;;<0730> J'ai également fait quelques recherches.
<0731> \{柳也}「調べもの？」;;;<0731> Des recherches ?
<0732> 訊ねると、裏葉は俺の耳に唇をよせてきた。;;;<0732> Quand je lui demandai, Uraha approcha ses lèvres de mon oreille.
<0733> \{裏葉}「橋をわたった先に、関がもうけてあります」;;;<0733> Un poste de contrôle a été établi immédiatement au-delà du pont.
<0734> 『関』と聞いたとたん、体内に冷たい緊張が満ちるのを感じた。;;;<0734> Dès que j'entendis le mot 'contrôle', mon corps fut envahi par un frisson glacial.
<0735> \{柳也}「本当か？」;;;<0735> Tu en es certaine ?
<0736> \{裏葉}「はい、まちがいございません」;;;<0736> Oui. Cela ne fait aucun doute.
<0737> \{裏葉}「若い娘だけを選び、衣をはだけさせ、背を改めておりました」;;;<0737> Ils retiennent les jeunes filles uniquement, et défont leurs vêtements pour inspecter leur dos.
<0738> \{柳也}「そうか…」;;;<0738> Je vois...
<0739> 背中の羽をたしかめようというのだろう。;;;<0739> Ils devaient sûrement être à la recherche d'ailes qui pousseraient dans le dos.
<0740> \{柳也}「俺たちが従っていることは、知られているようだったか？」;;;<0740> Savent-ils que nous l'accompagnons ?
<0741> \{裏葉}「供の者については、さほど気にかけていない様子でした」;;;<0741> Il ne me semble pas qu'ils soient à la recherche de personnes qui l'accompagneraient.
<0742> \{裏葉}「しかしながら、神奈さまがおひとりで逃げ続けているとは思わないでしょう」;;;<0742> Toutefois, il est peu probable qu'ils s'attendent à ce que Kanna-sama soit parvenue jusqu'ici d'elle-même.
<0743> \{柳也}「そうだな」;;;<0743> En effet.
<0744> うなずいてから、今後の方針を考えてみた。;;;<0744> J'acquiesçai, et réfléchis à nos prochaines actions.
<0745> このまま街道を進むわけにはいかない。;;;<0745> La situation était telle que nous ne pouvions plus emprunter la grande route.
<0746> 今夜は野宿し、渓谷を迂回する道を探さなければならないだろう。;;;<0746> Ce soir, nous devrons dormir à la belle étoile puis trouver un chemin qui contourne la vallée.
<0747> \{柳也}「しかし裏葉、よく関に気づいたな」;;;<0747> Je dois dire, Uraha, tu t'es bien renseignée.
<0748> 俺が感心してみせると、裏葉はにっこりと微笑んでみせた。;;;<0748> Uraha répondit à mon admiration par un sourire.
<0749> \{裏葉}「ここは市が立つにはいささか不便な場所でございましょう」;;;<0749> Ce n'est pas l'endroit le plus approprié pour établir un marché, vous ne trouvez pas ?
<0750> \{裏葉}「いぶかしく思っておりましたところ、『関止めで市が移った』と小耳にはさみましたので、あるいはと」;;;<0750> En tout cas, j'ai estimé cela curieux. Or j'ai entendu quelqu'un dire : 'on a dû déplacer le marché à cause du point de contrôle, et j'ai fait le rapprochement.
<0751> こともなげに言うが、裏葉の勘と機転はやはり並大抵ではない。;;;<0751> Elle avait beau dire cela avec désinvolture, mais son intuition et sa vivacité d'esprit étaient hors du commun.
<0752> \{柳也}「わかった、助かったよ」;;;<0752> Je comprends. Ça nous aidera beaucoup.
<0753> \{柳也}「山裾までもどって、そこで飯にしよう」;;;<0753> Retournons en bas de la colline, et mangeons.
<0754> \{柳也}「神奈、行くぞ…」;;;<0754> Kanna, en route...
<0755> がりがりがりっ。;;;<0755> \bCrac crac crac\u !
<0756> \{柳也}「…なにしてるんだよ？」;;;<0756> ... Qu'est-ce que tu fiches ?
<0757> 神奈は胡桃と格闘中だった。;;;<0757> Kanna était en train de se battre avec la noix.
<0758> \{神奈}「うがあ～っ。なぜ割れぬのだっ」;;;<0758> Ugaah~ ! Pourquoi je n'arrive pas à la craquer ?!
<0759> がりがりがりがりがりっ。;;;<0759> \bCrac crac crac crac crac\u !
<0760> \{柳也}「歯で割れるかっ！」;;;<0760> La casse pas avec tes dents !!
<0761> \{裏葉}「うふふふ。栗鼠（りす）のようで愛らしいですわ」;;;<0761> Ufufufu. C'est chou, on dirait un écureuil.
<0762> \{柳也}「笑いごとじゃないだろ。だいたい裏葉がいなくなったから、俺がひどい目に…」;;;<0762> Il n'y a pas de quoi rire. Déjà, si tu savais toutes les misères qu'elle m'avait faites pendant que tu étais partie...
<0763> \{柳也}「………」;;;<0763> .........
<0764> \{柳也}「…裏葉おまえ、『市を見るなら神奈がいると邪魔だ』とか考えなかったか？」;;;<0764> Dis-moi, Uraha, ne serais-tu pas partie justement parce que tu te serais dit que surveiller Kanna dans un marché serait pénible ?
<0765> \{裏葉}「そんな不敬を思いつくのは柳也さまだけでございます」;;;<0765> Personne d'autre que vous ne pourrait être traversé par une pensée aussi irrévérencieuse.
<0766> 丸丸とふくれた布包みを胸に、涼しい顔で答えた。;;;<0766> répondit-elle impassiblement, serrant contre sa poitrine son paquet bien rond.
<0767> 山道にもどった時は、日没が近かった。;;;<0767> Quand nous eûmes regagné le sentier de montagne, le coucher de soleil se terminait.
<0768> 林の中は嫌にがらんと感じられた。;;;<0768> La forêt semblait terriblement vide.
<0769> 斜光が木々を橙色に染め、闇を迎え入れていく。;;;<0769> Des rais de lumière oblique teintaient les arbres orange comme pour y inviter les ténèbres.
<0770> 野営の場所をさだめ、背から荷を降ろした。;;;<0770> Nous trouvâmes l'emplacement où nous installerions notre campement et déposâmes nos bagages.
<0771> \{裏葉}「すぐに水を汲んでまいります」;;;<0771> Je pars sans plus attendre chercher de l'eau.
<0772> 竹筒を取り出した裏葉に、めずらしく神奈が言った。;;;<0772> Après qu'Uraha eut sorti les tubes de bambou, Kanna prononça des mots inhabituels :
<0773> \{神奈}「余も手伝おうぞ」;;;<0773> Laissez-moi vous aider.
<0774> \{柳也}「じっとしてろ。怪我でもされたらかなわん」;;;<0774> Reste là. Tu pourrais te blesser.
<0775> \{神奈}「………」;;;<0775> .........
<0776> \{神奈}「わかった」;;;<0776> Soit.
<0777> いつになく神奈は神妙な様子だった。;;;<0777> Venant d'elle, cette politesse n'était pas commune.
<0778> 俺からすこし離れたところで、言いつけられた通りにしている。;;;<0778> Comme je le lui avais demandé, elle resta sans bouger un peu à l'écart de moi.
<0779> その様子が、どこか儚（はかな）げに見えた。;;;<0779> Il y avait quelque chose de fragile dans cette scène.
<0780> \{柳也}「…神奈？」;;;<0780> ... Kanna ?
<0781> \{神奈}「ここにいるぞ」;;;<0781> Je suis là.
<0782> \{柳也}「そうか…」;;;<0782> D'accord...
<0783> 意味のない会話が、どこか照れ臭かった。;;;<0783> Parlait pour ne rien dire m'embarassait.
<0784> \{柳也}「遊ばせとくのも惜しいから、薪でもひろってくれ」;;;<0784> Au lieu de te tourner les pouces, va ramasser du bois pour le feu.
<0785> 神奈が意外そうに俺のことを見た。;;;<0785> Kanna me regarda d'un air surpris.
<0786> \{神奈}「…よいのか？」;;;<0786> ... Je peux ?
<0787> \{柳也}「ああ。ただし、俺から見えないところには行くな」;;;<0787> Ouais, à condition que tu ne quittes pas mon champ de vision.
<0788> \{柳也}「蝮（まむし）にも気をつけろよ」;;;<0788> Fais attention aux vipères.
<0789> \{神奈}「わかっておるわっ」;;;<0789> Je sais !
<0790> 快活に答え、ぱっと走り出す。;;;<0790> Elle répondit avec gaieté puis partit en courant.
<0791> 思うところあって、その背中に声をかけた。;;;<0791> Quelque chose me revint en mémoire, alors je l'interrompis :
<0792> \{柳也}「ちょっと待て」;;;<0792> Un instant.
<0793> \{神奈}「なんだ？」;;;<0793> Oui ?
<0794> \{柳也}「胡桃を置いていけ。割っといてやるから」;;;<0794> Laisse la noix ici. Je te l'ouvrirai.
<0795> 神奈はふところから胡桃を取りだし、俺のてのひらにぽとりと置いた。;;;<0795> Kanna la sortit de son kimono et la déposa sur ma paume.
<0796> \{神奈}「割るのはまかすが、食うでないぞ」;;;<0796> Je vous laisse l'ouvrir, mais ne la mangez pas.
<0797> \{柳也}「だれが食うかっ！」;;;<0797> J'ai une tête à te la manger !!?
<0798> 神奈が林の奧に走っていった。;;;<0798> Kanna décampa entre les arbres.
<0799> 薄闇の向こうで、髪に飾った響無鈴（こなれ）だけが西日にちろちろと光る。;;;<0799> À travers la pénombre, seul était visible l'éclat du soleil couchant reflété par les clochettes qui ornaient ses cheveux.
<0800> 離れるなと言ったのに、ずいぶん遠くにいる。;;;<0800> Je lui avais dit de ne pas s'éloigner, mais elle était déjà loin.
<0801> 昼間の神奈は、本当に嬉しそうだった。;;;<0801> Elle m'avait semblé apprécier grandement la journée.
<0802> あれほど多くの人や物に接したのは、はじめてだったはずだ。;;;<0802> Ç'avait dû être la première fois qu'elle avait été en contact avec autant de personnes et fait autant de nouvelles expériences.
<0803> 興奮が大きければ大きいほど、おわれば夢をつかむような心地になる。;;;<0803> Plus son excitation serait grande, plus elle se sentirait vide à la fin, comme lorsque l'on se réveille d'un rêve.
<0804> 今の神奈には、じっとしているのはつらいのだろう。;;;<0804> Actuellement, il devait lui être insupportable de rester en place.
<0805> たぶんそれは、俺も同じことだった。;;;<0805> C'était probablement la même chose pour moi.
<0806> \{柳也}「………」;;;<0806> .........
<0807> てのひらの中に、胡桃がある。;;;<0807> La noix se trouvait dans ma main.
<0808> 意識からそれ以外の事象を追い出す。;;;<0808> À l'exception de la noix, je fis le vide dans mon esprit.
<0809> すうと息を吸いこんで、とめる。;;;<0809> Je pris une grande inspiration, puis retins mon souffle.
<0810> 下手投げで胡桃を放る。;;;<0810> Ensuite, je lançai la noix en l'air.
<0811> 同時に太刀を抜き放った。;;;<0811> Au même instant, je dégainai mon sabre.
<0812> かしゅっ。;;;<0812> \bCrac\u !
<0813> かすかな音が夕闇をふるわせた。;;;<0813> Un petit bruit vint troubler le crépuscule.
<0814> 流れのままに太刀をおさめる。;;;<0814> Dans le même mouvement, je rangeai mon sabre dans son fourreau.
<0815> 胡桃は両断され、地面に落ちていた。;;;<0815> Au sol gisait la noix, nettement tranchée en deux.
<0816> \{柳也}「…ふう」;;;<0816> ... Fiou.
<0817> どうやら腕は鈍っていないらしかった。;;;<0817> Apparemment, je savais encore me débrouiller avec un sabre.
<0818> \{柳也}「見事なもんだろ、裏葉」;;;<0818> N'est-ce pas impressionnant, Uraha ?
<0819> 木立の背後に呼びかけた。;;;<0819> Je l'appelai de derrière les arbres.
<0820> 思ったとおり、鳥の子色の衣が音もなく現れた。;;;<0820> Comme je m'y attendais, une personne vêtue de la couleur d'un œuf de poule apparut sans un bruit.
<0821> \{裏葉}「…おそれいります」;;;<0821> ... Oh, je le suis.
<0822> あいかわらず、裏葉の気配はつかみにくい。;;;<0822> Encore maintenant, je peinais à déceler sa présence.
<0823> こちらが神経を研ぎ澄ませていれば、かろうじて気取れるという程度だ。;;;<0823> En dépit de mes sens affutés par la concentration, j'avais à peine remarqué qu'elle se trouvait là.
<0824> \{裏葉}「それほどの技を、どちらで？」;;;<0824> Où avez-vous appris une telle technique ?
<0825> \{柳也}「こんなものはただの座興さ」;;;<0825> Ça, c'est juste pour m'amuser.
<0826> \{柳也}「胡桃がひとつ割れたところで、今生（こんじょう）は渡れない」;;;<0826> Je vais pas aller bien loin dans le monde en sachant trancher des noix.
<0827> 裏葉は何も答えず、腰をかがめて胡桃を拾い集めた。;;;<0827> Uraha ne répondit pas et se pencha simplement pour ramasser la noix.
<0828> \{柳也}「それは神奈に渡してやってくれ」;;;<0828> Tu la donneras à Kanna.
<0829> \{柳也}「太刀を使ったことは言うなよ。『胡桃も生物だ』なんてごねられたら困る」;;;<0829> Ne lui dis pas que j'ai utilisé mon sabre. J'ai pas envie qu'elle m'importune en me disant qu'une noix compte aussi comme un être vivant.
<0830> \{裏葉}「『余を主とするかぎり、今後一切の殺生を許さぬ』、ですか」;;;<0830> 'À partir de maintenant, et tant que je serai votre maîtresse, je vous interdis d'ôter la moindre vie', n'est-ce pas ?
<0831> 神奈の言葉そのままを、裏葉が繰り返した。;;;<0831> Elle répéta mot pour mot les propos de Kanna.
<0832> \{柳也}「その誓い、俺が本当に守ると思うか？」;;;<0832> À ton avis, je tiendrai cette promesse ?
<0833> たわむれに訊ねると、裏葉の表情が変わった。;;;<0833> L'expression sur son visage changea en réaction à ma plaisanterie.
<0834> \{裏葉}「神奈さまにはかたく口止めされているのですが…」;;;<0834> Kanna-sama me tient au secret, mais...
<0835> そう前置きして、裏葉は言った。;;;<0835> Uraha continua :
<0836> \{裏葉}「社を出奔（しゅっぽん）した夜のことを覚えておいででしょうか？」;;;<0836> Vous rappelez-vous la nuit durant laquelle nous nous sommes évadés du sanctuaire ?
<0837> \{裏葉}「山中の沢筋で、柳也さまは『ここから動くな』とお命じになりました」;;;<0837> Nous nous trouvions en pleine montagne, auprès d'une gorge, et vous nous avez ordonné : 'ne bougez pas d'ici'.
<0838> \{柳也}「ああ」;;;<0838> Ouais.
<0839> \{裏葉}「あのあと、追っ手の呼び子を聞いた時、神奈さまは半狂乱でした」;;;<0839> Après cela, en entendant les sifflets de nos poursuivants, Kanna-sama s'est mise dans tous ses états.
<0840> \{裏葉}「『柳也どのが追われておる、余が出向かねば殺されてしまう』、と…」;;;<0840> Elle m'a dit : 'ils sont à la poursuite de Ryuuya-dono, si je n'y vais pas, ils vont le tuer'...
<0841> \{裏葉}「わたくしが策略だと説いても、お聞き入れくださいませんでした」;;;<0841> J'avais beau lui dire que tout cela était un stratagème, mais elle ne voulait rien entendre.
<0842> あの雨の夜。;;;<0842> Cette nuit pluvieuse...
<0843> 氷焔（ひょうえん）のような神奈の怒りを思い返していた。;;;<0843> Je me remémorais la rage de Kanna, glacée et ardente.
<0844> 俺を救いたい一心で、言いつけをやぶった神奈。;;;<0844> Elle avait enfreint les règles dans le seul but de me sauver.
<0845> 敵の命乞いを聞くことなく、太刀を振り下ろそうとした俺の姿…。;;;<0845> Et moi, sourd aux supplications de mon ennemi, alors que je m'apprêtais à abattre ma lame...
<0846> \{柳也}「そうだったのか…」;;;<0846> Ah bon, je vois...
<0847> 言葉が続かなかった。;;;<0847> Les mots ne me venaient pas.
<0848> 左腰に吊った太刀の緒が、じんじんと疼（うず）いていた。;;;<0848> Suspendue à ma hanche gauche, la lanière qui retenait mon sabre me lançait des vagues de douleur.
<0849> 裏葉は微笑み、おだやかに言葉を続けた。;;;<0849> Un sourire tranquille sur le visage, Uraha reprit :
<0850> \{裏葉}「おそれながら、柳也さまは不殺（ころさず）の誓いをお守りになるでしょう」;;;<0850> Si je puis me permettre, je pense que vous saurez tenir votre serment de ne rien tuer.
<0851> \{柳也}「なぜそう思う？」;;;<0851> Qu'est-ce qui te fait dire ça ?
<0852> \{裏葉}「あの時、『その者を斬り捨てよ』と神奈さまが命じられたなら、柳也さまはどうなさいましたか？」;;;<0852> Cette fois-là, si Kanna-sama ne vous avait pas ordonné de ne pas tuer cet homme, qu'auriez-vous fait ?
<0853> \{柳也}「………」;;;<0853> .........
<0854> \{柳也}「怒っただろうな。『人の生命をかるがるしく扱うな』って」;;;<0854> Je l'aurais énervée. 'Ne traitez point la vie humaine à la légère', disait-elle.
<0855> \{裏葉}「そうでございますよね」;;;<0855> Certainement.
<0856> \{柳也}「大人は童子に範を示してやらないとな」;;;<0856> C'est aux adultes de montrer l'exemple aux enfants, hein ?
<0857> \{裏葉}「そのとおりでございます」;;;<0857> Exactement.
<0858> いつかのように、ふたりして笑う。;;;<0858> Comme l'autre fois, le rire nous prit tous les deux.
<0859> その時、がさっと下草が鳴った。;;;<0859> À ce moment, j'entendis des bruits de pas dans l'herbe.
<0860> 振り返ると、神奈が俺たちのことを見ていた。;;;<0860> Je me retournai et vis Kanna qui nous regardait.
<0861> \{神奈}「何をしておる」;;;<0861> Que faites-vous ?
<0862> \{柳也}「ちょっと立ち話だ」;;;<0862> On bavardait.
<0863> \{神奈}「夕餉の支度はどうしたのだ。まったく益体もない…」;;;<0863> Et qu'en est-il du dîner ? Ça avance ? Vraiment, quel bon à rien vous faites...
<0864> よほど腹が減っているのかと思ったら、どこか様子がそわそわしている。;;;<0864> Je m'étais dit qu'elle devait juste avoir très faim, mais elle me paraissait quelque peu agitée.
<0865> \{柳也}「おまえこそ、薪を集めてたんじゃないのか？」;;;<0865> Et toi, tu devais pas nous trouver du bois pour le feu ?
<0866> \{神奈}「あちらに見える村が、なにやら妙な風なのだ」;;;<0866> Il semble se tramer quelque chose d'étrange dans le village que l'on peut voir de là-bas.
<0867> \{柳也}「妙な風？」;;;<0867> 'Quelque chose d'étrange' ?
<0868> 裏葉と顔を見合わせた。;;;<0868> Uraha et moi échangeâmes un regard.
<0869> 神奈に急かされて、三人で林の端に移った。;;;<0869> Pressés par Kana, nous nous déplaçâmes jusqu'à la lisière de la forêt.
<0870> \{神奈}「あれだ」;;;<0870> Par là.
<0871> ついと、細い指で示す。;;;<0871> Elle tendit alors un de ses doigts fins.
<0872> 薄闇におおわれるように、小さな山間の村が見える。;;;<0872> Au milieu de la pénombre, on pouvait voir un petit village niché dans les collines.
<0873> なにかを用意しているのか、開けた場所に足場を組んでいるのが見えた。;;;<0873> Un échafaudage avait été mis en place, ce qui suggérait que les villageois préparaient quelque chose.
<0874> \{柳也}「物見櫓（ものみやぐら）か…？」;;;<0874> Serait-ce une tour de guet ?
<0875> 神奈たちを奧に隠そうとして、裏葉の訳知り顔に気づいた。;;;<0875> Alors que je m'apprêtais à les faire reculer toutes les deux, je lus dans le regard d'Uraha que celle-ci en savait plus que nous.
<0876> \{裏葉}「あれは、祭のようですね」;;;<0876> Il doit s'agir d'un festival.
<0877> \{神奈}「祭とな？」;;;<0877> 'Un festival' ?
<0878> \{裏葉}「神さまに感謝と願いを届ける儀式でございますわ」;;;<0878> C'est une cérémonie pour transmettre nos remerciements et nos souhaits aux dieux.
<0879> \{神奈}「あの村にも社があると申すか？」;;;<0879> Y aurait-il aussi un sanctuaire dans ce village ?
<0880> 勢いこんで訊ねた神奈に、裏葉がやんわりと首を振った。;;;<0880> À la question débordant d'enthousiasme de Kanna, Uraha secoua simplement la tête.
<0881> \{裏葉}「いえ、一口に祭と言っても色々なものがございます」;;;<0881> Non. Il existe toutes sortes de festivals.
<0882> \{裏葉}「まつられる神もまたさまざまです」;;;<0882> De même, les dieux vénérés sont très variés.
<0883> \{裏葉}「あちらに見えますのは、火祭のようですね」;;;<0883> Il s'agit là d'un himatsuri.*
<0884> 村人たちは、手に手に木切れを持ち寄っている。;;;<0884> Les villageois avaient chacun un morceau de bois en main.
<0885> 男たちがそれを受けとり、櫓に運びあげる。;;;<0885> Les hommes les récupéraient puis les transportaient jusqu'au yagura*.
<0886> \{裏葉}「あの櫓の最上にて、炎を焚いて祈ります」;;;<0886> Ils allumeront ensuite un feu au sommet de ce yagura, et prieront.
<0887> \{神奈}「なにゆえにか？」;;;<0887> Pourquoi feraient-ils cela ?
<0888> \{裏葉}「ほんのわずかでも神さまに近づくため、でございましょうか」;;;<0888> Peut-être espèrent-ils se rapprocher un tant soit peu des dieux, qui sait.
<0889> \{神奈}「そうか…」;;;<0889> Ah bon...
<0890> わかったのかわからないのか、あいまいに頷く。;;;<0890> Elle acquiesça vaguement, d'un air qui disait qu'elle n'avait pas tout compris.
<0891> 夕風に乗って、囃子（はやし）の音が流れてきた。;;;<0891> Des échos de musique festive flottèrent dans la brise du soir.
<0892> 祭りがはじまったようだ。;;;<0892> Le festival devait avoir commencé.
<0893> うねるような鼓（つつみ）の拍子を、笛が追いかける。;;;<0893> Des pipeaux suivaient la cadence qu'imposaient les vibrations des tsuzumis.
<0894> 雅楽（ががく）とはおもむきの異なる、にぎにぎしく素朴な節回し。;;;<0894> Contrairement au style raffiné du gagaku*, il s'agissait là de mélodies simples et entraînantes.
<0895> 櫓の上に、ぽっと炎がともった。;;;<0895> Une flamme apparut soudainement au sommet du yagura.
<0896> またたきはじめた星を目指し、煙が昇っていく。;;;<0896> De la fumée s'élevait en direction des étoiles qui s'étaient tout juste mises à briller.
<0897> 人々の歓声が、そのあとを追う…;;;<0897> Les acclamations de la foule s'ensuivirent…
<0898> \{神奈}「ずいぶんと楽しげよの」;;;<0898> On dirait qu'ils s'amusent bien.
<0899> だれに聞かせるでもなくつぶやく。;;;<0899> murmura-t-elle à personne en particulier.
<0900> 自分とは無縁の幸せを垣間見る、隠者の口ぶりだった。;;;<0900> À l'entendre parler, on aurait dit un ermite évoquant des bonheurs qui ne la concernaient pas.
<0901> 裏葉がさりげなく目くばせしてきた。;;;<0901> Uraha me lança un regard significatif.
<0902> 仕方なく、俺も目でうなずいてみせた。;;;<0902> Je n'avais pas d'autre choix que d'acquiescer de mon propre regard.
<0903> \{裏葉}「神奈さま、もっと近くでご見物なさいませんか？」;;;<0903> Kanna-sama, souhaitiez-vous voir cela de plus près ?
<0904> \{神奈}「よいのか…？」;;;<0904> ... Je peux ?
<0905> 輝かせた瞳を、あやふやに伏せる。;;;<0905> Ses yeux brillèrent, mais elle les baissa immédiatement, hésitante.
<0906> ここまで気後れした神奈を見るのははじめてだった。;;;<0906> C'était la première fois que je la sentais aussi réservée.
<0907> \{柳也}「林から眺めるだけならな。輪の中に入るのは駄目だぞ」;;;<0907> Tu peux les regarder tant que tu restes dans la forêt. Mais je t'interdis de te joindre à la foule.
<0908> 警護担当にとっては、これが最大の譲歩だ。;;;<0908> Pour moi qui étais son garde du corps, c'était là la plus grande concession que je pouvais lui faire.
<0909> 神奈はなにか思案していたが、やがて小声で言った。;;;<0909> Kanna sembla réfléchir un peu, puis me répondit :
<0910> \{神奈}「よい。では、余を祭まで案内せよ」;;;<0910> Bien. Dans ce cas, accompagnez-moi jusqu'au festival.
<0911> \{柳也}「お供つかまつります」;;;<0911> À vos ordres.
<0912> うやうやしく頭を垂れる。;;;<0912> Je m'inclinai respectueusement.
<0913> \{柳也}「途中で暗くなるな。裏葉、手を引いてやってくれ」;;;<0913> La route sera sombre. Uraha, tiens-lui la main.
<0914> \{裏葉}「はい。では神奈さま、お手を」;;;<0914> D'accord. Dans ce cas, Kanna-samma, votre main...
<0915> 袖をととのえてから、神奈の右手をそっと握る。;;;<0915> Après avoir ajusté ses manches, elle saisit doucement la main droite de Kana.
<0916> \{神奈}「やさしすぎて、気色が悪いぞ…」;;;<0916> Vous me mettez mal à l'aise à être aussi attentionnés...
<0917> そんなつぶやきが聞こえた。;;;<0917> Je l'entendis ronchonner.
<0918> 辺りに闇が満ちるにつれて、祭の音がだんだんと近くなってきた。;;;<0918> Tandis que nous nous enfoncions dans les ténèbres, la musique du festival se faisait de plus en plus proche.
<0919> \{裏葉}「神奈さま、こちらならよく見えます」;;;<0919> Kanna-sama, cet endroit sera idéal pour regarder.
<0920> 裏葉が言った。;;;<0920> dit Uraha à Kanna.
<0921> 瞳を凝らした神奈が、思わず声をあげた。;;;<0921> Kanna, les yeux concentrés sur le spectacle, laissa échapper un cri :
<0922> \{神奈}「おお…」;;;<0922> Ooh...!
<0923> 祭りはまさに酣（たけなわ）だった。;;;<0923> Le festival battait son plein.
<0924> 燃えさかる火櫓の周りに、たくさんの村人が輪をなしている。;;;<0924> De nombreux villageois s'étaient rassemblés en cercle autour du yagura en feu.
<0925> ある者は空を仰ぎ、煙と炎の行方を追う。;;;<0925> Certains avaient les yeux rivés vers le ciel, suivant du regard les gerbes de flammes et les volutes de fumée.
<0926> ある者は一心に舞い踊り、衣の裾を滑らせる。;;;<0926> D'autres dansaient avec une telle ferveur que leurs vêtements s'agitaient frénétiquement.
<0927> 囃子はいっそう高く響く。;;;<0927> Le volume de la musique se fit plus élevé.
<0928> 炎と闇が人々をひとつに結ぶ。;;;<0928> Les flammes, les ténèbres et les hommes ne faisaient plus qu'un.
<0929> 太古から続く寿（ことほ）ぎの調べが、天に還っていく。;;;<0929> Leurs antiques chants de louange retournaient au Ciel.
<0930> \{神奈}「なにゆえにみな、あれほど楽しげなのだ」;;;<0930> Comment se fait-il qu'ils paraissaient aussi gais ?
<0931> それは素直な問いなのだろう。;;;<0931> demanda sincèrement Kanna dans un murmure.
<0932> 舞い踊る人々から視線を外さず、神奈がつぶやいた。;;;<0932> Ses yeux étaient rivés sur les villageois qui dansaient.
<0933> \{裏葉}「あの火の粉を浴びますれば、息災（そくさい）に過ごせるのだと聞きます」;;;<0933> On raconte que se couvrir des cendres de ce feu garantit la bonne santé.
<0934> \{柳也}「ああして羽目を外せば、日頃の憂（う）さもまぎれるってことさ」;;;<0934> C'est sûr, impossible de ne pas oublier ses petits tracas en se lâchant à ce point.
<0935> \{裏葉}「それだけではございません」;;;<0935> Ce n'est pas tout.
<0936> すかさず裏葉が口をはさんだ。;;;<0936> s'empressa d'ajouter Uraha.
<0937> 横目で俺をにらみつけ、『興醒めなことを言うな』と釘を刺す。;;;<0937> Elle m'avait lancé un regard noir en coin, comme pour dire : 'ne dites rien qui pourrait ruiner l'ambiance'.
<0938> \{裏葉}「みな、信じているのでございます」;;;<0938> Tous y croient.
<0939> \{裏葉}「願いは必ずや天に届くと」;;;<0939> Ils croient dur comme fer que leurs vœux gagneront le Ciel.
<0940> 願いは必ずや天に届く。;;;<0940> Leurs vœux gagneront le Ciel.
<0941> そう聞いた時、神奈の肩がびくりと震えたのがわかった。;;;<0941> À ces mots, je sentis les épaules de Kanna trembler.
<0942> \{神奈}「だれが願いを届けるのだ？」;;;<0942> Qui exaucera leurs vœux ?
<0943> たじろいだ裏葉の顔を、濁りのない瞳が覗きこむ。;;;<0943> Ses yeux impides fixaient le visage d'Uraha, prise au dépourvu.
<0944> \{神奈}「余は神になど会ったこともないぞ」;;;<0944> Je n'ai jamais rencontré de dieu.
<0945> \{神奈}「幼きころより何遍（なんべん）もためしたが、余は空など飛べぬ」;;;<0945> Depuis que je suis toute petite, combien de fois ai-je tenté de m'envoler...
<0946> \{神奈}「社殿の屋根より飛びおりた折も、木の葉ほども浮かばなかった」;;;<0946> J'ai bien tenté de sauter du toit du sanctuaire, mais je n'ai point flotté comme l'aurait fait une feuille.
<0947> \{神奈}「どんなに羽ばたいたとて、余の背羽は空（くう）を切るばかりだ」;;;<0947> Peu importe à quel point je battais, les ailes dans mon dos ne faisaient rien de plus que passer à travers l'air.
<0948> \{神奈}「余の背羽は、益体もないまがいものぞ」;;;<0948> Ces ailes me sont bien inutiles.
<0949> \{神奈}「余は願いなど、届けられぬ」;;;<0949> Des vœux ? Je ne saurais point en exaucer.
<0950> \{神奈}「届けられぬぞ…」;;;<0950> Je ne le pourrais point...
<0951> ごうと音を立て、炎が燃えさかった。;;;<0951> Le crépitement des flammes se faisaient de plus en plus intense.
<0952> 降りかかる火の粉に、笑い声がはじける。;;;<0952> Des éclats de rire fusaient sous la pluie d'étincelles.
<0953> 神奈の瞳が紅蓮（ぐれん）を映し、どこかうつろに揺らぐ。;;;<0953> Les vacillements incarnats des flammes se reflétaient dans les yeux de Kanna.
<0954> 一度は振りはらったはずの日々が、神奈を責めさいなんでいる。;;;<0954> Ces jours, qu'elle avait su tenir éloignés, la tourmentaient à nouveau.
<0955> \{裏葉}「神奈さま…」;;;<0955> Kanna-sama...
<0956> 心細げに震える背に、裏葉がそっと寄り添った。;;;<0956> Uraha vint se pencher sur ce dos qui tremblait de manière si mélancolique.
<0957> 粗末な袖で、神奈の身体を被う。;;;<0957> Elle entoura Kanna de ses manches râpées.
<0958> 嵐に迷った水鳥が、こごえた雛を羽毛でつつむように。;;;<0958> Elle l'entoura comme un oiseau aquatique égaré dans la tempête enveloppe de ses plumes ses petits frigorifiés.
<0959> \{柳也}「…祭もそろそろ佳境だな」;;;<0959> ... On arrive au finale.
<0960> 俺は言うでもなく言い、神奈に歩み寄った。;;;<0960> dis-je de manière imperceptible tout en me rapprochant de Kanna.
<0961> \{柳也}「おまえも願っておけよ、ついでだからな」;;;<0961> Tant que tu y es, toi aussi, fais un vœu.
<0962> きょとんとした顔で俺を見返す。;;;<0962> Kanna tourna son regard vide vers moi.
<0963> 何を言われたのか、とっさにはわからなかったようだった。;;;<0963> Elle semblait ne pas avoir encore assimilé ce que je venais de lu idire.
<0964> \{神奈}「余も…」;;;<0964> Moi...
<0965> \{神奈}「余も、願うてよいのか？」;;;<0965> Moi aussi, je peux faire un vœu ?
<0966> \{柳也}「あたりまえだろ」;;;<0966> Évidemment.
<0967> \{神奈}「何をささげればよいのだ？」;;;<0967> Que devrais-je offrir en échange ?
<0968> \{神奈}「余は薪など持っておらんぞ」;;;<0968> Je n'ai point apporté de bois.
<0969> \{柳也}「燃やす物なんていらない」;;;<0969> Tu n'as pas besoin de bois.
<0970> \{神奈}「あのように踊ればよいのか？」;;;<0970> Devrais-je danser à leur manière ?
<0971> \{柳也}「踊りもいらない」;;;<0971> Tu n'as pas non plus besoin de danser.
<0972> \{神奈}「では、どうすればよいのだ…」;;;<0972> Eh bien, que devrais-je donc faire...?
<0973> 途方に暮れて、俺を見返す。;;;<0973> Elle me regarda, perdue.
<0974> \{柳也}「願いを心に想えばいいんだ」;;;<0974> Tu as juste à souhaiter de tout ton cœur.
<0975> \{柳也}「それだけでいい」;;;<0975> C'est tout.
<0976> 神奈が押し黙った。;;;<0976> Kanna se tut.
<0977> 俺に教えられた通り、心をひとつにまとめようとする。;;;<0977> Comme je le lui avais enseigné, elle y mettait tout son cœur.
<0978> 神奈が何を願っているのか、俺にはよくわかった。;;;<0978> Je me doutais bien de la nature de son souhait.
<0979> 見開いたままの、あどけない瞳。;;;<0979> Ses yeux grands ouverts étaient emplis d'une innocence enfantine.
<0980> その先に、神奈の願いはたしかにあった。;;;<0980> Son souhait prit vie devant ses yeux :
<0981> 幼子（おさなご）を抱き、幸せそうに笑う母。;;;<0981> Une mère tenait son enfant, riant gaiement.
<0982> 温かな母の胸で、きゃっきゃとはしゃぐ娘子。;;;<0982> Serrée contre la chaleureuse gorge de sa mère, la petite fille gloussait.
<0983> どこにでもあるはずの、どうということはない夏祭の光景。;;;<0983> Une scène banale de festival d'été. Une scène que l'on pourrait voir n'importe où.
<0984> 神奈が瞳を逸らす。;;;<0984> Kanna détourna son regard.
<0985> 目の前のものが信じられない、そう言いたげに。;;;<0985> L'expression sur celui-ci semblait dire qu'elle refusait de croire ce qu'elle venait de voir.
<0986> 神奈の頭にぽんと手を置いた。;;;<0986> Je posai une main sur sa tête...
<0987> つややかな黒髪を、そのままくしゃっとかきまぜる。;;;<0987> ... et ébouriffai sa chevelure noire, lisse et brillante.
<0988> \{柳也}「そんな顔するな」;;;<0988> Ne fais pas une tête pareille.
<0989> \{柳也}「おまえの願いはきっとかなう」;;;<0989> Ton souhait sera certainement exaucé.
<0990> \{柳也}「きっとかなう」;;;<0990> C'est certain.
<0991> \{柳也}「そうだよな、裏葉」;;;<0991> N'est-ce pas, Uraha ?
<0992> \{裏葉}「…ええ」;;;<0992> ... Oui.
<0993> \{裏葉}「そうでございますとも…」;;;<0993> Il le sera...
<0994> 神奈を抱いたままの袖に、きゅっと力がこもる。;;;<0994> Ses manches se resserrèrent encore davantage autour de Kanna.
<0995> \{神奈}「裏葉、痛いぞ」;;;<0995> Uaraha, vous me faites mal.
<0996> \{裏葉}「………」;;;<0996> .........
<0997> \{神奈}「くすぐったいぞ…」;;;<0997> Ça chatouille...
<0998> そうだ。;;;<0998> Oui.
<0999> 神奈の願いはきっとかなう。;;;<0999> Son souhait se réalisera.
<1000> 俺たちが、かなえてみせる。;;;<1000> \bNous\u l'exaucerons.
<1001> 夜気にさらされたまま、俺たちはずっとそうしていた。;;;<1001> Exposés à l'air nocturne, nous restâmes ainsi un long moment.
<1002> 祭の炎はいつまでも、夏の夜空に照りはえていた。;;;<1002> Les flammes du festival ne cessèrent jamais d'illuminer le ciel nocturne de l'été.
<1003> 翌朝。;;;<1003> Le lendemain matin...
<1004> 日の出前に出立し、午後には峠を越えた。;;;<1004> Nous partîmes avant le lever du soleil et, l'après-midi, nous franchîmes le col.
<1005> 関のあった村から山をひとつ越し、街道を離れた。;;;<1005> Nous avions évité la grande route et contourné le village dans lequel avait été établi un point de contrôle en franchissant une montagne.
<1006> 翌日も山中をすすみ、沢合いで野営した。;;;<1006> Le jour suivant, nous avions continué à suivre le chemin de montagne et nous étions installés au bord d'un ruisseau.
<1007> さしせまった危険を察したからではない。;;;<1007> Non parce que nous aurions senti un danger imminent...
<1008> 神奈が市で目立ちすぎたので、念には念を入れてだ。;;;<1008> ... mais par simple précaution puisque Kanna se faisait trop remarquer là où il y avait du monde.
<1009> 追っ手にとって、神奈はあくまで貴人の姫君だ。;;;<1009> Pour nos poursuivants, Kana n'était rien d'autre qu'une princesse de très noble.
<1010> 山奥で野猿なみの暮らしをしているなど、思いもよらないにちがいない。;;;<1010> Aucun n'aurait pu imaginer qu'elle menait à présent une vie de singe sauvage, perdue dans les montagnes.
<1011> こちらから街道に近づかないかぎり、見とがめられる恐れはない。;;;<1011> Tant que nous restions loin de la route principale, il n'y avait aucun risque que l'on nous interroge.
<1012> 俺はそう判断していた。;;;<1012> C'étaient là mes conclusions.
<1013> 午後。;;;<1013> L'après-midi...
<1014> 俺たち三人は、櫟（くぬぎ）の木陰で涼をとっていた。;;;<1014> Nous profitions tous les trois de l'air frais à l'ombre d'un chêne.
<1015> ひさしぶりの休日だ。;;;<1015> C'était une pause bien méritée.
<1016> 森の中には、降るような蝉の声が満ちている。;;;<1016> La forêt était comme inondée par le chant des cigales.
<1017> しかし、暑いというほどではない。;;;<1017> Pourtant, il ne faisait pas chaud.
<1018> 吹き渡る風も、どこか空（うつ）ろな気配をのぞかせる。;;;<1018> On pouvait distinguer un semblant de 'vide' dans la brise qui passait là.
<1019> 夏はさかりを過ぎようとしていた。;;;<1019> Le pire de l'été était derrière nous.
<1020> それなのに、俺は汗だくだった。;;;<1020> Enfin, j'étais quand même trempé de sueur.
<1021> 朝からずっと、面白くもない書を読み続けているせいだ。;;;<1021> Et ce parce que depuis le matin, je n'avais cessé de consulter des documents fastidieux à déchiffrer.
<1022> 『願いをかなえてやる』と大口をたたいたまではいい。;;;<1022> Je pouvais \bdire\u à Kanna que j'allais 'exaucer son vœu'. Sans problème.
<1023> 母君の居場所がわからないのでは、話にならない。;;;<1023> Mais tant que j'ignorerais comment localiser sa mère, ces fanfaronnages ne valaient rien.
<1024> しかし、関が設けられている以上、街道には近づきたくない。;;;<1024> Cependant, tant qu'il y aurait des barrières, je ne voudrais pas m'approcher des routes.
<1025> となれば頼りは、俺が社殿から持ち出した文書だけだった。;;;<1025> De fait, je n'avais d'autre appui que les documents que j'avais emportés au sanctuaire.
<1026> \{柳也}「…もののけにむかひて物語りしたまはむとも、かたはらいたけ…」;;;<1026> ... Puisqu'il est impropre de communier avec les esprits...
<1027> \{柳也}「これもちがうか」;;;<1027> Ce n'est pas lui non plus.
<1028> ばさっ。;;;<1028> \bPof\u !
<1029> 放り投げた書が、地面でぱらぱらとめくれた。;;;<1029> Les documents que j'avais balancés par terre étaient éparpillés là.
<1030> 大きく伸びをしながら、視線をとなりに送る。;;;<1030> Je m'étirai et jetai un coup d'œil sur le côté.
<1031> 裏葉が身じろぎもせずに巻物をたぐり読んでいる。;;;<1031> Uraha lisait un makimono, parfaitement immobile.
<1032> \{柳也}「裏葉、なにかわかったか？」;;;<1032> Uraha, tu as trouvé quelque chose ?
<1033> \{裏葉}「いえ、これと言って」;;;<1033> Non, pas encore.
<1034> \{柳也}「そうか…」;;;<1034> D'accord...
<1035> 裏葉はつとめがら、仮名も真名も読みこなせる。;;;<1035> Uraha est capable de lire les kanas aussi bien que les kanjis.
<1036> 俺は読み書きの素養があるわけではない。;;;<1036> Contrairement à moi, qui ne savais essentiellement ni lire ni écrire.
<1037> 書状ぐらいならどうにかなるが、漢書はおおよその意味しかわからない。;;;<1037> Je pouvais me débrouiller avec de simples missives, mais quand il s'agissait de langue classique, je ne pouvais en déchiffrer que le sens général.
<1038> \{柳也}「…こいつは役に立たないし」;;;<1038> ... Celui-ci non plus ne nous servira à rien.
<1039> じろっと見た先には神奈。;;;<1039> Je jetai un coup d'œil à Kanna.
<1040> 幹にもたれかかり、だらしなく寝ほうけている。;;;<1040> Elle dormait de manière peu élégante, appuyée contre un tronc.
<1041> そのまわりには、遊びかけのおもちゃが散らばっている。;;;<1041> Le sol autour d'elle était jonché d'objets qui lui servaient de jouets.
<1042> 雛人形、竹細工、土鈴、笛、蜻蛉玉（とんぼだま）…;;;<1042> Des poupées, des confections en bambou, une clochette en céramique, un pipeau, des billes en verre... 
<1043> すべてこの前の市で、裏葉が手に入れたものだ。;;;<1043> Toutes ces choses-là avaient été acquises par Uraha lors de notre passage au marché.
<1044> 裏葉に遊び方を教わっては、夢中であれこれ試している。;;;<1044> Après qu'Uraha lui eut expliqué comment jouer avec, Kanna les avait toutes essayées avec grande passion.
<1045> 俺もとばっちりを受けている。;;;<1045> J'en étais une victime collatérale :
<1046> ここのところ、休憩のたびに人形遊びにつきあわされていたのだ。;;;<1046> Depuis, chaque fois que l'on prenait une pause, Kanna me faisait jouer à la poupée avec elle.
<1047> ちなみに俺の人形は、お姫さまにこき使われる家来の役だ。;;;<1047> Je précise que ma poupée jouait systématiquement le rôle d'un laquais exploité par une princesse.
<1048> しかも数が足りないので、俺のだけいいかげんな木っ端製だ。;;;<1048> De plus, puisque nous n'avions pas suffisamment de poupées, la mienne avait été assemblée à la va-vite au moyen de morceaux de bois.
<1049> 人形界のこととはいえ、我が身が不憫でならない。;;;<1049> Même dans le monde des poupées, j'étais pitoyable.
<1050> \{神奈}「…すう…すう…」;;;<1050> ... Zzz... Zzz...
<1051> 寝顔だけは大人しい。;;;<1051> Au moins, elle était calme lorsqu'elle dormait.
<1052> \{神奈}「まったくおぬしはうつけよの」;;;<1052> Vous êtes un véritable imbécile.
<1053> \{神奈}「…ぐう…」;;;<1053> ... Zzz...
<1054> \{柳也}「………」;;;<1054> .........
<1055> \{柳也}「けなげに立ち働く家来に対してそのふざけた寝言はなんだこらっ！」;;;<1055> Qu'est-ce que c'est que ces bêtises que tu racontes à l'égard de ton fidèle serviteur qui travaille si dur pour toi ?!!
<1056> 思わずつかみかかろうとして、冷ややかな視線に気づいた。;;;<1056> Alors que j'allais l'attraper, je sentis un regard glacial posé sur moi.
<1057> \{裏葉}「………」;;;<1057> .........
<1058> \{柳也}「すまん、ちょっと取り乱した」;;;<1058> Pardon. Je me suis laissé emporter.
<1059> \{裏葉}「お手を動かしくださいませ、柳也さま」;;;<1059> Veuillez vous remettre à la lecture, Ryuuya-sama.
<1060> \{柳也}「わかってる」;;;<1060> Je sais.
<1061> しかたなく、次の書に取りかかる。;;;<1061> Je me résignai et passai au document suivant.
<1062> \{柳也}「ぐわあっ」;;;<1062> Guwah !
<1063> 全部漢文だった。;;;<1063> Celui-là ne contenait rien que des caractères chinois.
<1064> 頭をかかえながらも、たどたどしく読みはじめる。;;;<1064> Tout en me grattant la tête, je commençai à le lire, tant bien que mal.
<1065> しばらくすると、神奈がもぞもぞと動き出す気配がした。;;;<1065> Au bout d'un moment, je remarquai que Kanna s'était mise à remuer.
<1066> \{神奈}「…ふぁーっ」;;;<1066> ... Fuwaah !
<1067> \{神奈}「よう寝たの」;;;<1067> J'ai bien dormi.
<1068> 大あくびと共に、木の根から腰をあげる。;;;<1068> Tout en poussant un grand bâillement, elle se releva de la racine sur laquelle elle était allongée.
<1069> \{裏葉}「神奈さま、お目覚めでございますか？」;;;<1069> Kanna-sama, êtes-vous réveillée ?
<1070> \{神奈}「うむ」;;;<1070> Oui.
<1071> \{神奈}「喉がかわいたぞ、水はないか？」;;;<1071> J'ai soif. On a de l'eau ?
<1072> \{裏葉}「はい、こちらに…」;;;<1072> Bien sûr. Juste ici...
<1073> \{神奈}「よいよい。自分でしようぞ」;;;<1073> Ça ira, ça ira. Je peux aller la chercher moi-même.
<1074> 立ちあがろうとした裏葉を制して、竹筒を持ちあげる。;;;<1074> Elle interrompit Uraha qui s'apprêtait à se lever et alla d'elle-même chercher un tuyau de bambou.
<1075> \{神奈}「んくっ、んくっ、んくっ…」;;;<1075> \bGlou\u, \bglou\u, \bglou\u...
<1076> \{神奈}「…ぷはぁ」;;;<1076> ... Pouah !
<1077> 美味そうに飲みきって、特大の吐息をひとつ。;;;<1077> Elle but tout d'un trait, l'air ravi, puis poussa un grand soupir.
<1078> \{神奈}「やはり夏はこれよの」;;;<1078> Rien à dire, l'eau est meilleure en été.
<1079> \{柳也}「幸せそうだな、神奈」;;;<1079> T'as l'air de t'amuser, Kanna.
<1080> 嫌味のひとつも言いたくなる。;;;<1080> J'avais envie de la taquiner.
<1081> \{神奈}「おぬしはずいぶん薄幸そうよの」;;;<1081> Et vous, vous paraissez bien malheureux.
<1082> \{神奈}「ずっと書を読んでおったのか？  柄にもないことを…」;;;<1082> Auriez-vous lu durant tout ce temps ? Cela ne vous ressemble pas...
<1083> \{柳也}「そう言うおまえは読めるのか？」;;;<1083> Tu sais lire ça, toi ?
<1084> \{神奈}「だれも教えなかったのだ。読めるはずがないであろ」;;;<1084> Personne ne me l'a jamais appris. Évidemment que non.
<1085> 意味もなく威張りながら言う。;;;<1085> dit-elle d'un ton à l'arrogance superflue.
<1086> \{柳也}「よく裏葉が放っておいたな」;;;<1086> Ça m'étonne qu'Uraha ait laissé passé ça.
<1087> 俺がそう言ったとたん、裏葉の眉がぴくっと動いた。;;;<1087> Les sourcils d'Uraha trémulèrent aussitôt.
<1088> \{裏葉}「放ってなどおきませんっ」;;;<1088> Je ne l'ai pas 'laissé passer'.
<1089> \{裏葉}「神奈さまが、『裏葉にだけは習いとうない』などとおっしゃって…」;;;<1089> C'est juste que Kanna-sama ne voulait pas me laisser l'instruire.
<1090> \{神奈}「あれは裏葉の咎（とが）であるぞ」;;;<1090> Tout cela est de votre faute.
<1091> \{裏葉}「ひどいっ。この裏葉が何をしたとおっしゃるのですっ？」;;;<1091> Quelle cruauté ! Qu'ai-je donc bien pu vous faire de mal ?!
<1092> \{神奈}「歌集の件、忘れたとは言わさぬぞ」;;;<1092> Je ne vous laisserai point dire que vous avez oublié l'affaire du recueil de wakas*.
<1093> \{裏葉}「あれは神奈さまのお心を豊かにしていただきたいがため…」;;;<1093> C'était pour enrichir votre esprit...
<1094> \{神奈}「あの教えようでどこが豊かになるかっ！」;;;<1094> Que croyiez-vous enrichir avec cette méthode ?!
<1095> \{柳也}「…なんの話だよ？」;;;<1095> ... De quoi vous parlez ?
<1096> \{裏葉}「以前、神奈さまに和歌をお教えしたおりのことでございます」;;;<1096> Une fois, j'ai tenté d'enseigner des wakas à Kanna-sama.
<1097> \{裏葉}「少々の苦労は手習いごとにつきもの。それなのに神奈さまときたら…」;;;<1097> Je sais qu'un peu de difficulté fait partie intégrante de l'apprentissage. Mais quand on voit Kanna-sama...
<1098> \{神奈}「一日に百首そらんじるのが少々の苦労と申すかっ」;;;<1098> Devoir réciter cent poèmes par jour, c'est 'un peu de difficulté' à votre avis ?!
<1099> \{裏葉}「全部で四千五百首あるのですから、ぐずぐずとはできません」;;;<1099> Il y en avait quatre mille cinq cents au total. Vous ne pouviez pas vous permettre de prendre votre temps.
<1100> 当然のように真顔で言う。;;;<1100> Uraha répondit comme si cela était l'évidence même.
<1101> 要するに以前、神奈にぶ厚い和歌集を丸暗記させたことがあるらしい。;;;<1101> En résumé, Uraha avait un jour tenté de faire apprendre par cœur un énorme recueil de poèmes à Kanna.
<1102> ためしに想像してみた。;;;<1102> J'essayai d'imaginer la chose :
<1103> 和歌を一日百首ずつ、四十五日の間ひたすら覚え続ける。;;;<1103> Cent nouveaux wakas à apprendre par cœur tous les jours pendant quarante-cinq jours.
<1104> しかも裏葉つきっきりでの手ほどき。;;;<1104> Et ce, sous la supervision permanente d'Uraha.
<1105> \{柳也}「…よく死ななかったな」;;;<1105> ... C'est un miracle que tu n'y sois pas restée.
<1106> \{神奈}「うむ、それよ」;;;<1106> Oui, je vois que vous comprenez.
<1107> \{神奈}「このままでは殺されると思うたのでな」;;;<1107> Je pensais que cela finirait par me tuer.
<1108> \{神奈}「夜中のうちに起きだして、歌集全巻をかまどに放りこんでやった」;;;<1108> Je me suis donc levée au milieu de la nuit et j'ai jeté tous les recueils de poèmes dans le kamado.
<1109> \{裏葉}「おかげで、せっかくの古今六帖一具が朝餉（あさけ）の焚きつけに」;;;<1109> Par conséquent, ce précieux ensemble de six grands classiques a finalement servi à alimenter le feu au petit-déjeuner.
<1110> \{裏葉}「あれだけのものを都合するのに、この裏葉がどれほど身をくだいたことか…」;;;<1110> Vous ne pouvez pas imaginer tout ce que j'avais dû affronter pour les recueillir...
<1111> \{神奈}「うむ。あの日の飯はまことに風流な味だったぞ」;;;<1111> Hmm. Les repas de ce jour-là furent succulents.
<1112> \{裏葉}「そのような妄言をのたもうのはこの口でございますかっ」;;;<1112> Est-ce cette bouche qui profère de telles insanités ?
<1113> 神奈の唇に小指をつっこみ、左右にびろーんと伸ばす。;;;<1113> Uraha glissa ses petits doigts dans la bouche de Kanna et l'étira vers la gauche et la droite.
<1114> \{神奈}「ひゃっ、ひゃめんかふりゃは～」;;;<1114> A-Ahhêtez ha, Uhaha~ !
<1115> \{裏葉}「和歌のひとつも詠えぬ口など、無用の長物というもの」;;;<1115> Une couche incapable de réciter des wakas ne présente aucun intérêt.
<1116> \{神奈}「むっ、むひゃをひゅうでなひ～」;;;<1116> H-He hites hoint qu'elle est inutihe~ !
<1117> \{裏葉}「いっそ縫いつけてしまいましょうか」;;;<1117> Il vaudrait mieux la coudre, non ?
<1118> 満面の笑みのまま、とてつもないことを言い放つ裏葉。;;;<1118> dit-elle tout naturellement, le visage affublé d'un large rictus.
<1119> \{神奈}「にゃにほひてほるー。ひゃほふにはすへんは～」;;;<1119> H-Hue faites-hous hlanté-là— ! Henez m'aider~ !
<1120> …助けろと言われても、俺だって命は惜しい。;;;<1120> ... Je pourrais l'aider, si je ne tenais pas à la vie.
<1121> \{神奈}「ひょっ、ひょのひゃくたいなひ～」;;;<1121> E-Eshèce he hon à rien~ !
<1122> \{裏葉}「…はっ」;;;<1122> ... Ah !
<1123> そこで裏葉が我にかえった。;;;<1123> Uraha revint à elle.
<1124> 俺の視線に気づき、つっこんだままの指をあわてて離す。;;;<1124> Remarquant mon regard, elle s'empressa de retirer ses doigts de la bouche de Kanna.
<1125> \{裏葉}「もうしわけありません。少々取り乱しました」;;;<1125> Je suis tellement désolée. Je me suis laissé emporter.
<1126> \{柳也}「いやいや、気にしなくていい」;;;<1126> Mais nan, mais nan. Ne t'en fais pas.
<1127> \{神奈}「…なぜおぬしがゆりゅすのだっ！」;;;<1127> ... Pourquoi la harhonnez-hous ?!
<1128> \{柳也}「まだ言葉が変だぞ」;;;<1128> Tu parles encore bizarrement.
<1129> \{神奈}「むぅ」;;;<1129> Grr...
<1130> 伸びてしまったほっぺたに、両手をあてて揉む。;;;<1130> Elle se massa ses joues distendues de ses deux mains.
<1131> とにかく、こいつがいると仕事がはかどらないのは確実だ。;;;<1131> En tout cas, tant qu'elle serait là, nous peinerions à progresser dans notre travail.
<1132> \{柳也}「手伝えないんなら、ひとりで遊んでろ」;;;<1132> Si t'es pas là pour nous filer un coup de main, va jouer toute seule dans ton coin.
<1133> \{神奈}「ひとりではつまらぬ」;;;<1133> C'est ennuyeux de jouer seule.
<1134> \{柳也}「おもちゃならそこにいくらでもあるだろ」;;;<1134> T'as plein de jouets là-bas, non ?
<1135> \{神奈}「飽きたぞ」;;;<1135> Je m'en suis lassée.
<1136> \{柳也}「おまえなあ」;;;<1136> Tu commences à...
<1137> 呆れていると、ふところからお手玉を取り出した。;;;<1137> Alors que je commençais à m'exaspérer, elle sortit les balles à grains de son kimono.
<1138> \{柳也}「お手玉だけは飽きないみたいだな」;;;<1138> On dirait que ces balles, elles, tu ne t'en lasses pas.
<1139> \{柳也}「下手の横好きというやつか」;;;<1139> Nulle, mais passionnée, c'est ça ?*
<1140> \{神奈}「やかましいっ」;;;<1140> Taisez-vous !
<1141> \{神奈}「ここは邪魔が多いゆえ、あちらでやることにする」;;;<1141> On me gêne trop ici, je vais aller faire ça là-bas.
<1142> 裏葉の方をじろりと見てから、向こうの木まで歩いていく。;;;<1142> Après avoir jeté un regard tranchant à Uraha, elle s'en alla vers un arbre un peu plus loin.
<1143> ううう、と悲痛な声が聞こえたが、気にしないことにしよう。;;;<1143> Je pouvais l'entendre geindre, mais je décidai de ne pas y prêter attention.
<1144> そんなこんなで。;;;<1144> Ainsi...
<1145> 何の成果もないまま、夕方になってしまった。;;;<1145> Le soir tomba sans que nos recherches eussent porté le moindre fruit.
<1146> 南の社の場所はおろか、俺たちがいた社のことさえどこにも書かれていなかった。;;;<1146> Non seulement l'emplacement du sanctuaire méridional n'était mentionné nulle part, mais même celui duquel nous étions partis n'était mentionné nulle part.
<1147> なぜそこまでして翼人のことを隠す必要があるのか。;;;<1147> Avaient-ils besoin d'en faire autant pour dissimuler l'existence des Êtres Ailés ?
<1148> それさえわからなかった。;;;<1148> Je n'en savais rien.
<1149> 代わりにわかったのは、翼人という存在がいかに謎めいたものであるかだった。;;;<1149> Tout ce que j'avais appris, c'était que ces Êtres Ailés étaient une énigme.
<1150> 同じ書の中で、扱いがまったく正反対の場合さえあった。;;;<1150> Ils pouvaient être traités de manières diamétralement opposées au sein d'un même ouvrage :
<1151> 人に知恵と知識をさずけた、貴（たっと）ぶべき神。;;;<1151> - Des dieux vénérables apportant la sagesse aux hommes
<1152> かつて地上に災厄をもたらし、人により掃討された悪鬼。;;;<1152> - Des esprits malfaisants qui jadis apportaient maintes calamités sur terre, finalement exterminés par les hommes.
<1153> 最後にあたった古い書物には、こんな記述があった。;;;<1153> La dernière archive que j'avais consultée contenait la description suivante :
<1154> 『鳳翼不老不死以其羽記天命』;;;<1154> Ailes de phénix, éternelles et immortelles, leur plumage est ordre des dieux.
<1155> \{柳也}「不老不死、か…」;;;<1155> Immortelles, hein...
<1156> 思わず、神奈の方を見た。;;;<1156> Par réflexe, je me tournai vers Kanna.
<1157> 地面に落ちたお手玉を拾い集め、また空中に投げている。;;;<1157> Elle ramassait les balles tombées par terre. Ensuite, elle les lança de nouveau en l'air.
<1158> ここまで根気強い奴だとは思っていなかった。;;;<1158> Je ne l'avais pas imaginée aussi persévérante.
<1159> \{神奈}「うがあっ。なぜうまくゆかぬっ」;;;<1159> Ugaah ! Pourquoi je n'y arrive point ?!
<1160> …ここまで不器用だとも思っていなかったが。;;;<1160> ... Je ne l'avais pas non plus imaginée aussi maladroite.
<1161> \{裏葉}「柳也さま、こちらはすべて終わりました」;;;<1161> Ryuuya-sama, j'ai tout lu de mon côté.
<1162> 俺のとなりで、裏葉が巻物のひもを結びながら言った。;;;<1162> me dit Uraha alors qu'elle nouait la ficelle d'un makimono.
<1163> 何の成果もなかったことは、横顔を見ればわかった。;;;<1163> L'expression sur son visage suffit à me faire comprendre que ses recherches avaient été vaines.
<1164> \{柳也}「『ここより南の社』だけじゃな…」;;;<1164> 'Un sanctuaire plus au sud'... On va pas aller loin, avec ça...
<1165> 俺がつぶやくと、裏葉が問いかえしてきた。;;;<1165> marmonnai-je. Uraha me posa une question :
<1166> \{裏葉}「仮にでございます」;;;<1166> Un doute me taraude :
<1167> \{裏葉}「南の社の翼人が母君だったとして、今もそちらにおられるでしょうか？」;;;<1167> Supposons que l'Être Ailé du sanctuaire sud soit la mère de Kanna. Y est-elle encore ?
<1168> \{裏葉}「神奈さまは年ごとに社を移っておいででした」;;;<1168> Sachant que Kanna-sama change de sanctuaire tous les ans...
<1169> \{裏葉}「とすると、神奈さまの母君も居所を移っているのでは？」;;;<1169> ... sa mère ne déménagerait-elle pas de même ?
<1170> それは俺も考えていたことだ。;;;<1170> J'y avais déjà réfléchi.
<1171> だが…。;;;<1171> Sauf que...
<1172> \{柳也}「おそらく、それはないと思う」;;;<1172> Je ne pense pas que ce soit le cas.
<1173> \{裏葉}「なぜでございましょう？」;;;<1173> Pourquoi donc ?
<1174> \{柳也}「勘というやつだ」;;;<1174> C'est mon intuition qui me le dit.
<1175> ずっと胸に引っかかっていることがある。;;;<1175> Quelque chose m'avait pincé au cœur durant tout ce temps :
<1176> 衛士が打ち明けた最後の言葉だ。;;;<1176> Les derniers mots de ce que m'avait raconté, non sans hésitation, ce garde au sanctuaire :
<1177> 『母親は人心と交わり、悪鬼と成り果てた』;;;<1177> Lorsque la mère prit connaissance de la nature humaine, elle se transforma en démon.
<1178> 悪鬼と呼ばれるほどの存在を、連れ回すことなどできるだろうか？;;;<1178> Une créature que l'on qualifie de 'démon', peut-on la forcer à déménager ?
<1179> そもそも、悪鬼とは何のことなのだろうか？;;;<1179> Et, avant ça, qu'entendait-il par 'démon' ?
<1180> 黙りこんだ俺を見て、裏葉がそっとつぶやいた。;;;<1180> En réaction à mon silence, Uraha ajouta tout bas :
<1181> \{裏葉}「勘でございますか…」;;;<1181> Votre intuition, hmm...
<1182> \{柳也}「何か言いたそうだな」;;;<1182> T'as quelque chose à dire ?
<1183> \{裏葉}「いえ」;;;<1183> Non.
<1184> \{裏葉}「柳也さまの勘は、いつもお確かですから」;;;<1184> Votre intuition est toujours juste.
<1185> 例によって真顔で答える。;;;<1185> répondit-elle avec son sérieux caractéristique.
<1186> \{柳也}「とりあえず、俺の勘が当たっているとしてだ」;;;<1186> Pour l'instant, supposons que mon intution soit correcte.
<1187> \{柳也}「南の社のありかがわからないことには、どのみち動きようがない」;;;<1187> Sans connaître l'emplacement de ce sanctuaire au sud, on ne peut pas faire grand-chose.
<1188> \{裏葉}「そうでございますね…」;;;<1188> Effectivement...
<1189> そう答えたきり、考えこんでしまう。;;;<1189> répondit-elle en réfléchissant.
<1190> \{柳也}「せめて神奈が何か覚えていればな…」;;;<1190> Si seulement Kanna pouvait se rappeler quelque chose...
<1191> これほど話が早いことはない。;;;<1191> Ce serait la solution la plus rapide.
<1192> だが、謎を知るはずの本人に、鶏ほどのもの覚えもないのだ。;;;<1192> Seulement, celle qui devait nous aider à percer ce mystère avait la même mémoire qu'un poulet.
<1193> 溜息をつく。;;;<1193> Je poussai un soupir.
<1194> お手玉に興じる神奈を、しばし眺める。;;;<1194> Pendant un moment, je regardai Kanna jouer avec les balles à grains.
<1195> \{神奈}「おぬしはまた逸れるかっ」;;;<1195> Encore en train de vous en aller ?!
<1196> 三つ目のお手玉を手に、何やらこんこんと説教をしている。;;;<1196> Elle semblait être en train de sermonner les trois balles dans ses mains.
<1197> \{神奈}「他のふたつの玉はいい具合に舞うというに、なぜおぬしだけそう不器用なのだ」;;;<1197> Les deux autres tournent bien, alors pourquoi toi seule est aussi maladroite ?
<1198> \{神奈}「まったくおぬしはぐずでのろまよの。柳也」;;;<1198> Quel abruti tu fais, Ryuuya.
<1199> \{柳也}「…お手玉にまで俺の名をつけるのはやめろっ！」;;;<1199> ... Arrête de donner mon nom à une balle !!
<1200> \{神奈}「やかましいぞっ！  気が散るではないか」;;;<1200> Taisez-vous !! Vous me déconcentrez !
<1201> \{柳也}「いいからちょっと来いっ！」;;;<1201> Peu importe. Viens là !!
<1202> 俺が呼ぶと、ぶつぶつ不平をこぼしながらやって来た。;;;<1202> À mon appel, elle vint à ma rencontre, non sans grogner en route.
<1203> \{神奈}「何用か？」;;;<1203> Que me voulez-vous ?
<1204> \{神奈}「夕餉にはまだ早いであろ」;;;<1204> Il est encore trop tôt pour le souper.
<1205> \{柳也}「食うことしか頭にないのか」;;;<1205> Tu penses à rien d'autre qu'à manger, hein ?
<1206> \{柳也}「母君と別れた時のこと、なにか覚えてないか？」;;;<1206> Tu te souviens du moment où tu as quitté ta mère ?
<1207> 訊ねたとたんに、嫌な顔をした。;;;<1207> Quand elle entendit ma question, son visage se déforma immédiatement en une grimace.
<1208> \{神奈}「覚えていないと再三申しておるであろ」;;;<1208> Je vous ai déjà dit et répété que non, je ne m'en souvenais point.
<1209> \{柳也}「母君のことでなくてもいい。何でもいいから覚えてないか？」;;;<1209> Si ce n'est pas à propos de ta mère, ça me va aussi. N'importe quoi. Tu ne te souviens vraiment de \brien\u ?
<1210> 顎に手をあてて、しばし考え込む。;;;<1210> Elle pinça son menton entre ses doigts et réfléchit quelques instants.
<1211> \{神奈}「…何でもと言われてもの」;;;<1211> ... 'N'importe quoi', vous dites ?
<1212> \{柳也}「最初にいた社の様子とか、旅の道のりとか、何かないか？」;;;<1212> Quelque chose à propos du premier sanctuaire que tu as fréquenté, ou bien concernant des chemins que tu as empruntés ?
<1213> 藁にもすがる思いで、しつこく訊きなおす。;;;<1213> J'insistai, désespéré de m'accrocher à ce faible espoir.
<1214> 神奈はやっと、何かを思いだしたようだった。;;;<1214> Elle sembla enfin avoir pensé à quelque chose :
<1215> \{神奈}「幼きころは、社を移るのはまことにつらい旅であった」;;;<1215> Quand j'étais toute petite, le trajet à chaque déménagement était pénible.
<1216> \{神奈}「乗りたくもない牛車（ぎっしゃ）に詰められ、歩くことも許されぬ」;;;<1216> On m'entassait dans la charrette à bœufs et je n'avais même pas le droit de marcher.
<1217> \{柳也}「そりゃそうだろ」;;;<1217> Ça se comprend.
<1218> 徒歩（かち）で旅する貴人など、聞いたこともない。;;;<1218> Je n'ai jamais entendu parler d'un noble voyageant à pied.
<1219> \{神奈}「牛にも乗させてもらえなんだぞ」;;;<1219> Je faisais la route dans une charrette à bœufs.
<1220> \{柳也}「…乗ってどうするんだよ？」;;;<1220> ... Et donc ?
<1221> \{神奈}「車の中は地獄のように蒸し暑いのだ」;;;<1221> La chaleur y était infernale.
<1222> \{神奈}「せめて涼もうと衣を脱いでおったらな、見つかって大さわぎよ」;;;<1222> Quand j'ai défait mes vêtements pour me rafraîchir, on m'a surprise et ça a fait tout un remue-ménage.
<1223> \{柳也}「おまえ、本当に貴人か？」;;;<1223> Dis-moi, t'es vraiment une noble ?
<1224> 幼い頃のこととはいえ、まともな女子（めのこ）のすることではない。;;;<1224> Toute jeune qu'elle fût à l'époque, ce n'était pas un comportement approprié pour une fille bien élevée.
<1225> \{神奈}「それにな」;;;<1225> Aussi...
<1226> \{神奈}「随身（ずいじん）の男が礼儀知らずの大うつけでの」;;;<1226> Mes gardes étaient tous des rustres sans manières.
<1227> \{神奈}「余が従わぬと、『おまえも金剛に封ずるぞ』などと脅してな」;;;<1227> Ils me menaçaient en disant : 'si vous n'obéissez pas, on vous enfermera dans le kongō'.*
<1228> \{柳也}「…金剛に封ずる？」;;;<1228> ... Dans le kongō ?
<1229> \{神奈}「聞きわけのない翼人は、昔からそうするものと決まっておるそうな」;;;<1229> Je pense que c'est le sort qu'ils réservent aux Êtres Ailés qui leur désobéissent depuis fort longtemps.
<1230> \{神奈}「あのころはもの知らずだったゆえ、それは脅えたものぞ」;;;<1230> En ces temps, j'étais ignorante, et par conséquent, effrayée.
<1231> 遠い目をして言う。;;;<1231> dit-elle, le regard lointain.
<1232> \{神奈}「それはそうと、金剛とはなんだ？」;;;<1232> Au fait, qu'est-ce que ce 'kongō' ?
<1233> \{柳也}「今でも充分もの知らずだっての」;;;<1233> Ignorante, tu l'es toujours...
<1234> \{裏葉}「金剛とは宝石でございます」;;;<1234> Le kongō est un joyau.
<1235> \{裏葉}「この世でもっとも硬く、また美しいものと伝え聞いております」;;;<1235> On dit que c'est la chose la plus dure au monde, mais également la plus belle.
<1236> \{柳也}「金剛か…」;;;<1236> Le 'kongō', hein...
<1237> 話には聞くが、実物を見たことはもちろんない。;;;<1237> J'en avais déjà entendu parler, mais sans avoir l'occasion de le voir de mes propres yeux.
<1238> 神奈を大人しくさせるなら、そのぐらい持ち出さないと駄目だろう。;;;<1238> Pour réussir à calmer Kanna, c'est le minimum...
<1239> \{神奈}「して、どうやって余をそれに封じるのだ？」;;;<1239> Et donc, de quelle manière comptaient-ils m'y enfermer ?
<1240> \{柳也}「そりゃ俺が知りたいぞ」;;;<1240> Moi aussi, j'aimerais bien le savoir...
<1241> \{柳也}「………」;;;<1241> .........
<1242> \{柳也}「おまえのように大食らいで聞きわけのない翼人は、こうしてくれるっ」;;;<1242> Voilà ce qu'on fait aux Êtres Ailés gloutons qui n'obéissent pas !
<1243> \{神奈}「こっ、こらやめんかっ。うあああぁぁぁ…」;;;<1243> H-Hé, arrêtez ! Uwaaaaaa...
<1244> あっという間に小さくなり、金剛に吸い込まれる神奈。;;;<1244> En moins de temps qu'il ne faut pour le dire, Kanna est rétrécie puis aspirée dans le kongō.
<1245> 呪文ひとつで出し入れ自由。;;;<1245> On peut l'en libérer et l'y remettre au moyen d'une incantation.
<1246> かさばらず、持ち運びも手軽。;;;<1246> Compact, facile à transporter.
<1247> この上なく便利だ。;;;<1247> On ne fait pas plus pratique.
<1248> 翼人警護者の間で大人気まちがいなしの逸品だ。;;;<1248> L'outil de choix pour tous ceux qui escortent des Êtres Ailés.
<1249> \{神奈}「…余はおぬしが今、この上なく無礼なことを考えておるような気がするぞ」;;;<1249> ... Pourquoi ai-je l'impression que vous nourrissez actuellement des pensées fort insolentes ?
<1250> \{柳也}「気のせいだろ」;;;<1250> C'est juste ton imagination.
<1251> \{神奈}「………」;;;<1251> .........
<1252> ぽかっ。;;;<1252> \bPaf\u !
<1253> \{神奈}「なにゆえおぬしから先に殴ってくるかっ」;;;<1253> Pourquoi donc m'avez-vous frappée ?!
<1254> \{柳也}「すまん。殺気を感じたんで手が動いてしまった」;;;<1254> Pardon. J'ai senti une aura meurtrière, alors ma main a bougé toute seule.
<1255> \{神奈}「こっ…」;;;<1255> E-Espèce...
<1256> その時、いきなり裏葉が叫んだ。;;;<1256> À ce moment-là, Uraha cria sans prévenir.
<1257> \{裏葉}「…柳也さまっ！」;;;<1257> ... Ryuuya-sama !!
<1258> \{柳也}「なんだよ、いきなり」;;;<1258> Quoi encore ? Tu m'as fait peur, tu sais ?
<1259> \{裏葉}「南の社というのは、神社とはかぎらないのでは？」;;;<1259> Ce 'sanctuaire au sud', peut-être pourrait-il s'agir d'un autre édifice qu'au sanctuaire shinto, non ?
<1260> \{柳也}「ああ？」;;;<1260> Hein ?
<1261> \{裏葉}「貴人を衆目から隠すには、襤褸（ぼろ）をかつがせましょう？」;;;<1261> Pour cacher une noble aux regards de tous, faut-il la charger de haillons ?
<1262> \{裏葉}「あるいは、袈裟（けさ）などを…」;;;<1262> Ou bien, d'un kesa...?*
<1263> \{柳也}「袈裟？」;;;<1263> 'Kesa' ?
<1264> 神社ではなく寺院に隠すという意味か？;;;<1264> Cherche-t-elle à dire qu'ils ne l'auraient pas cachée dans un sanctuaire shinto, mais dans un temple bouddhiste ?
<1265> 俺がわからずにいると、裏葉はするりと立ち上がった。;;;<1265> Sans attendre que je fusse plus hébété, Uraha se remit debout.
<1266> 地面に放ったままの絵地図を広げなおし、俺の目前にかかげる。;;;<1266> Elle déplia la carte dessinée laissée par terre et la brandit devant moi.
<1267> \{裏葉}「この辺りが神奈さまの社、こちらが都でございます」;;;<1267> Là, c'est le sanctuaire dans lequel Kanna-sama a vécu, et là, c'est la capitale.
<1268> \{裏葉}「斑鳩（いかるが）を越えて、さらに南に下りますと…」;;;<1268> En franchissant l'Ikagura* puis en descendant plus au sud...
<1269> 裏葉の指が、地図の一点を示した。;;;<1269> Uraha désigna un point sur la carte.
<1270> \{裏葉}「ここに金剛がございます」;;;<1270> ... Le kongō se trouve ici.
<1271> 正しくはそれは、広大な山群そのものを表していた。;;;<1271> Ce point représentait en fait une large chaîne de montagnes.
<1272> 俺は二の句がつげなかった。;;;<1272> Je fus stupéfait.
<1273> 裏葉が辿り着いた答えが、それほど突拍子もないものだったからだ。;;;<1273> La conclusion qu'elle avait atteinte était pour le moins saugrenue.
<1274> 『意に従わない翼人は金剛に封じる』;;;<1274> Les Êtres Ailés désobéissants se font enfermer dans le kongō.
<1275> 金剛とは何のことか？;;;<1275> Que désigne le kongō ?
<1276> 悪鬼を封ずるほどの力を持つ『社』とはどこなのか？;;;<1276> Où se trouve le 'sanctuaire' qui possède le pouvoir de sceller les démons ?
<1277> \{裏葉}「…ここが真言の霊山」;;;<1277> ... Cette montagne est sacrée pour les Shingons :*
<1278> \{裏葉}「高野山、金剛峰寺でございます」;;;<1278> C'est le Temple Kongō du Mont Kouya.
<1279> その晩は、なかなか寝つけなかった。;;;<1279> Cette nuit-là, j'eus bien du mal à trouver le sommeil.
<1280> 何の気配もしないのに、心がざわついておさまらない。;;;<1280> Je ne ressentais rien de particulier, mais mon cœur était particulièrement agité.
<1281> やがて、妙な夢を見た。;;;<1281> Je fis un curieux rêve :
<1282> 神奈がひどく真剣な顔つきで、俺を覗きこんでいる。;;;<1282> Kanna m'y dévisageait d'un air grave.
<1283> 背後に月がある。;;;<1283> Derrière elle, la lune.
<1284> 濡れたような唇のあたりが、妙になまめかしい…;;;<1284> Ses lèvres humides m'y paraissaient étrangement sensuelles.
<1285> \{神奈}「…柳也どの」;;;<1285> ... Ryuuya-dono.
<1286> 俺の名をささやいている。;;;<1286> Elle chuchotait mon nom.
<1287> \{神奈}「柳也どの…柳也どのっ」;;;<1287> Ryuuya-dono... Ryuuya-dono !
<1288> 眼を開けると、本当に神奈の顔があった。;;;<1288> Quand j'ouvris les yeux, la vraie Kanna se trouvait juste devant moi.
<1289> ほのかな月光の下でも、頬が上気しているのがわかった。;;;<1289> Le faible clair de lune me suffisait pour remarquer ses joues empourprées.
<1290> \{柳也}「…なんだよ」;;;<1290> ... Quoi encore ?
<1291> 木の幹に寄りかかったまま、俺はそう訊いた。;;;<1291> lui demandai-je en m'adossant à un tronc d'arbre.
<1292> \{神奈}「柳也どのに、見てほしいものがあるのだ」;;;<1292> Il y a une chose que je souhaite vous montrer.
<1293> \{神奈}「まだ、ちと恥ずかしいが…」;;;<1293> Je dois dire que c'est quelque peu embarrassant, mais...
<1294> \{神奈}「見てくれるか？」;;;<1294> Regarderez-vous ?
<1295> ほっそりとした神奈の指が、着物の襟元に触れる。;;;<1295> Ses doigts fins effleurèrent le col de son kimono.
<1296> そして、神奈は言った。;;;<1296> Ensuite, elle ajouta :
<1297> \{神奈}「ではゆくぞっ」;;;<1297> J'y vais !
<1298> \{柳也}「………」;;;<1298> .........
<1299> \{柳也}「それは何だ？」;;;<1299> C'est quoi, ça ?
<1300> 神奈がふところから取り出したものを指し、俺は訊いた。;;;<1300> l'interrogeai-je en montrant ce qu'elle avait sorti de son kimono.
<1301> \{神奈}「お手玉だぞ」;;;<1301> Des balles à grains.
<1302> \{柳也}「…念のために訊くけどな。おまえはこれから何をするつもりだ？」;;;<1302> ... C'était pour être sûr. Et qu'est-ce que tu comptes faire avec eux ?
<1303> \{神奈}「だからお手玉だと申しておるであろうが」;;;<1303> Mais, je viens de vous dire que ce sont des balles à grain.
<1304> \{神奈}「さっきな、三つきちんと舞ったのだぞ」;;;<1304> Tout à l'heure, j'ai réussi à en maintenir trois en l'air.
<1305> \{柳也}「………」;;;<1305> .........
<1306> \{神奈}「その目は疑っておるな」;;;<1306> Je lis le doute dans vos yeux.
<1307> \{神奈}「まことだぞ、まことに三つきれいに回せたのだっ…」;;;<1307> C'est la vérité. j'ai réellement réussi à en faire tourner trois...!
<1308> \{柳也}「………」;;;<1308> .........
<1309> \{柳也}「……」;;;<1309> ......
<1310> \{柳也}「………」;;;<1310> .........
<1311> \{柳也}「おやすみ…」;;;<1311> Bonne nuit...
<1312> \{神奈}「寝るでないっ！」;;;<1312> Ne dormez pas !!
<1313> \{柳也}「寝かせろっ！  こっちはさっき寝ついたばかりなんだ」;;;<1313> Laisse-moi dormir !! Je venais de m'endormir quand tu m'as réveillé !
<1314> \{神奈}「ええいっ、寝るでない寝るでない寝るでないっ！」;;;<1314> Héé ! Ne dormez pas, ne dormez pas, ne dormez pas !!
<1315> \{神奈}「主が秘芸を見せてやると申しておるのだ。ひれ伏して拝見するのが臣下の務めというものであろっっ！」;;;<1315> Votre Maître s'apprête à vous révéler son art. N'est-ce pas votre devoir de domestique de vous prosterner et de l'admirer ?!!!
<1316> \{柳也}「無茶苦茶言うなああっっ！」;;;<1316> Dis pas n'importe quoi !!!!!
<1317> 深夜の森に絶叫がこだまする。;;;<1317> Mon cri résonna dans la forêt endormie.
<1318> まさに悪夢のようだった。;;;<1318> On aurait dit un cauchemar.
<1319> このままでは埒（らち）があかないと思ったのだろう。神奈が最終手段に出た。;;;<1319> Sentant que son approche ne mènerait à rien, Kanna recourut à une stratégie plus radicale :
<1320> \{神奈}「では、余はおぬしに命ずるぞっ…」;;;<1320> Dans ce cas, je vous ordonne de...
<1321> \{柳也}「わああっ。待て待てっ！」;;;<1321> Waaah ! Attends, attends !!
<1322> 俺はあわてて神奈の口をふさいだ。;;;<1322> Je m'empressai de couvrir sa bouche.
<1323> 例の不殺の誓いだけでも大変なことになっているのだ。;;;<1323> Avoir prêté serment de ne pas tuer était déjà assez pénible comme ça.
<1324> この上、妙な誓いを増やされてはたまらない。;;;<1324> Je n'aurais pas supporté d'assumer une drôle de promesse supplémentaire.
<1325> \{神奈}「ふむむ～。ふむうむ～むむむうむぐむう…」;;;<1325> Fhmmfhmm~... Fhmmmmmhmm~ hmmhmmhmmmmmhmmghmmmmm...
<1326> じたばたじたばた。;;;<1326> \bCrac boum zwing\u.
<1327> あばれる神奈を押さえつけていると、何だか空しくなってきた。;;;<1327> Pendant que je la maintenais immobile, je fus pris d'un sentiment de vacuité.
<1328> 眠気など、もうとっくに失せてしまっている。;;;<1328> Toute trace de somnolence avait quitté mon corps.
<1329> \{柳也}「…はいはい、わかったよ」;;;<1329> ... D'accord, d'accord. Je veux bien.
<1330> \{柳也}「見てやるから、早めに済ませてくれ」;;;<1330> Je te regarderai, mais fais vite.
<1331> ぱっと手を離しながら、俺は言った。;;;<1331> lui dis-je en la libérant sans prévenir.
<1332> 神奈が俺をぎろりとにらみつける。;;;<1332> Kanna me lança un regard noir.
<1333> が、文句よりも先にお手玉を披露したいらしい。;;;<1333> Cependant, elle semblait pour l'instant plus encline à me montrer son talent pour la jongle qu'à lister ses doléances.
<1334> \{神奈}「よいか？  よ～く見ておるのだぞ」;;;<1334> Vous êtes prêts ? Regardez bien~.
<1335> 言いながら、俺の前にぺしゃりと座りこむ。;;;<1335> dit-elle en s'asseyant devant moi.
<1336> 神奈がお手玉を持って構えた。;;;<1336> Kanna prépara les balles et se mit en position.
<1337> ぴんと背筋を伸ばした姿勢は、なかなか堂に入っている。;;;<1337> Avec son dos parfaitement droit, elle donnait l'air d'être une experte.
<1338> \{神奈}「それっ」;;;<1338> Hop !
<1339> ひょい…ひょい…ひょ…。;;;<1339> \bFouish\u... \bFouish\u... \bFouish\u...
<1340> \{神奈}「…あう」;;;<1340> ... Ah.
<1341> 失敗した。;;;<1341> Ce fut un échec.
<1342> 二つ目を投げるのが早すぎて、右手がついていかないのだ。;;;<1342> La deuxième balle avait été lancée trop tôt, si bien que sa main droite ne put suivre.
<1343> \{神奈}「さっきはできたのだ」;;;<1343> J'ai réussi, à l'instant.
<1344> \{神奈}「もう一度するから、よく見ておれ」;;;<1344> Je vais recommencer, alors regardez bien.
<1345> \{柳也}「ああ、何度でもやってくれ」;;;<1345> Vas-y, autant de fois que tu veux.
<1346> お手玉を拾い集め、もう一度かまえなおす。;;;<1346> Elle ramassa les balles et adopta la même posture.
<1347> \{神奈}「…それっ」;;;<1347> ... Hop !
<1348> お手玉は山なりに宙を舞い、右手へと渡る…;;;<1348> La balle dessine un cercle, passe par sa main droite...
<1349> \{神奈}「むっ…」;;;<1349> Hm...
<1350> だが、左手が動かなかった。;;;<1350> Mais sa main gauche ne bouge pas.
<1351> \{柳也}「今度は溜めすぎだな」;;;<1351> Cette fois, t'as été trop lente.
<1352> \{神奈}「嘘ではないっ。さっきは本当にできたのだぞ！」;;;<1352> Je n'ai pas menti ! J'ai vraiment réussi, juste avant !
<1353> \{柳也}「だれも嘘だなんて言ってないだろ」;;;<1353> Personne n'a dit que tu as menti.
<1354> \{柳也}「落ち着けって。気を静めてやらないと、名人でもできないぞ」;;;<1354> Pour commencer, détends-toi. S'il n'est pas calme, mais un maître n'y arriverait pas.
<1355> \{神奈}「うむ。わかった」;;;<1355> Soit.
<1356> \{神奈}「…すう…はあ」;;;<1356> Inspire... Expire...
<1357> 大きく息を吸い、そして吐く。;;;<1357> Elle prit une grande inspiration, puis souffla.
<1358> \{神奈}「ゆくぞ」;;;<1358> J'y vais.
<1359> \{柳也}「ああ」;;;<1359> Ouais.
<1360> \{神奈}「…今度こそ」;;;<1360> ... Cette fois, c'est...
<1361> つぶやいて、お手玉を宙に放った。;;;<1361> Encore une fois, les balles à grains s'envolèrent.
<1362> ひとつ、ふたつ、みっつ……。;;;<1362> Une, deux, trois......
<1363> お手玉は不器用ながらも、たしかに輪を描いていた。;;;<1363> Les mouvements étaient maladroits, mais les balles bougeaient en cercle.
<1364> \{神奈}「ほら、できたであろっ！」;;;<1364> Tenez ! Vous voyez que j'y arrive !!
<1365> だが、喋ったとたんに輪が崩れた。;;;<1365> Toutefois, ce cercle se brisa aussitôt qu'elle se mit à parler.
<1366> お手玉が神奈の指先をかすめ、地面にぽとりと落ちた。;;;<1366> Les balles lui échappèrent des mains et vinrent s'écraser au sol.
<1367> \{神奈}「…あ」;;;<1367> ... Ah.
<1368> 視線が宙を泳ぐ。;;;<1368> Son regard était vague.
<1369> 夢中でお手玉を拾い、もう一度投げようとする。;;;<1369> Elle ramassa les balles, l'air à moitié endormi, puis se prépara à les lancer à nouveau.
<1370> そこで、俺の視線に気づいた。;;;<1370> C'est là qu'elle remarqua mon regard.
<1371> \{神奈}「さっきはもっと回せたのだっ」;;;<1371> Tout à l'heure, j'ai encore mieux jonglé !
<1372> 噛みつくように言う。;;;<1372> me dit-elle avec agressivité.
<1373> \{柳也}「それだけできれば大したもんさ」;;;<1373> Que tu arrives à faire ça, c'est déjà formidable.
<1374> \{神奈}「慰めなどいらぬ」;;;<1374> Je n'ai point besoin que vous me consoliez.
<1375> \{柳也}「慰めで言ってるわけじゃない」;;;<1375> Je disais pas ça pour te consoler.
<1376> \{柳也}「そこまでできるようになったのは、おまえが頑張ったからだろ」;;;<1376> Si t'as réussi à en faire autant, c'est grâce à tes efforts.
<1377> 言いながら、自然と笑みがこぼれてしまう。;;;<1377> En lui disant ces mots, un sourire se dessina spontanément sur mon visage.
<1378> 神奈の様子がおかしかったからじゃない。;;;<1378> Non pas parce que Kanna me faisait rire...
<1379> 最初の時のことを思い出したからだ。;;;<1379> ... mais parce que je me remémorais la première fois qu'elle avait essayé de jongler.
<1380> 石つぶてかなにかのように、勢いよく宙を飛んだお手玉。;;;<1380> Les balles avaient fendu l'air comme des roches, tant elle les avait lancées avec force.
<1381> あれから毎日、神奈は手習いを繰り返していた。;;;<1381> Depuis, Kanna s'était entraînée tous les jours.
<1382> ここまで上手になるとは考えてもいなかった。;;;<1382> Je n'aurais jamais imaginé qu'elle réussirait à atteindre ce niveau.
<1383> \{柳也}「あきらめが悪いってのは、すごいことだな」;;;<1383> Ta manière de ne jamais savoir quand abandonner, ça m'oppresse.
<1384> \{神奈}「誉められておるのか、けなされておるのか、わからぬ」;;;<1384> Je ne saurais dire si vous me complimentez ou me dénigrez.
<1385> 困ったようにつぶやく。;;;<1385> marmonna-t-elle, perplexe.
<1386> \{柳也}「誉めてるんだって」;;;<1386> Je te complimente.
<1387> \{柳也}「何にせよ、よくやったな。神奈」;;;<1387> Quoi qu'il en soit, bravo, Kanna.
<1388> 頭にぽんと手を置いてやった。;;;<1388> Je posai une main sur sa tête.
<1389> やわらかな髪の感触が、たしかに伝わってくる。;;;<1389> Ses cheveux étaient si doux au toucher...
<1390> \{神奈}「………」;;;<1390> .........
<1391> \{神奈}「もっと、上手になりたいぞ」;;;<1391> Je veux encore continuer à m'améliorer.
<1392> \{柳也}「毎日続ければ、きっと達人になれるさ」;;;<1392> Si tu t'entraînes tous les jours, tu finiras forcément par devenir une experte.
<1393> \{神奈}「大げさよの」;;;<1393> Vous exagérez.
<1394> \{柳也}「本当だって」;;;<1394> Je dis la vérité.
<1395> 戸惑った神奈が、やがてぎこちなく微笑んだ。;;;<1395> Son expression perplexe finit par se déformer en un sourire gauche.
<1396> \{神奈}「…余のお手玉、また見てくれるか？」;;;<1396> ... Me regarderez-vous encore jongler ?
<1397> \{柳也}「ああ、俺でよければいつでも見てやるよ」;;;<1397> Ouais. Je serai toujours là pour te regarder faire.
<1398> \{柳也}「ただし、夜中はもう駄目だぞ。裏葉が心配するからな」;;;<1398> Mais pas pendant la nuit. Uraha risque de s'inquiéter.
<1399> 俺の言葉に、こくりと頷く。;;;<1399> En réponse, Kanna acquiesça.
<1400> \{神奈}「わかった」;;;<1400> Soit.
<1401> \{柳也}「じゃあな。おやすみ」;;;<1401> Allez, sur ce, bonne nuit.
<1402> 神奈の後ろ姿が、闇の奧に戻っていった。;;;<1402> Kanna se retourna et disparut de nouveau dans les ténèbres.
<1403> ひとりになると、虫の音がいやに淋しく感じられた。;;;<1403> Maintenant que j'étais seul, les chants des insectes me paraissaient terriblement tristes.
<1404> \{柳也}「………」;;;<1404> .........
<1405> まあいい、寝よう。;;;<1405> Bah, peu importe. Dormons.
<1406> 木の幹に背中を預け、太刀を抱えたまま目をつぶる。;;;<1406> Je m'adossai contre le tronc d'un arbre puis fermai les yeux, mon sabre collé à moi.
<1407> やわらかな眠気が波のように満ちてきた。;;;<1407> Je fus pris d'une douce somnolence, pareille à une vague.
<1408> これならすぐに熟睡できそうだった。;;;<1408> J'étais parti pour bien dormir.
<1409> \{裏葉}「おはようございます、柳也さま」;;;<1409> Bonjour à vous, Ryuuya-sama.
<1410> \{柳也}「…ぐをあっ！」;;;<1410> ... Guoh !!
<1411> 今度は裏葉の顔が真正面にあった。;;;<1411> Cette fois, c'était le visage d'Uraha qui était juste devant moi.
<1412> \{裏葉}「お二人で、楽しそうでございましたね～」;;;<1412> On dirait que vous vous êtes bien amusés, tous les deux~.
<1413> 地獄の底から響いてくるような、重苦しい声音で言う。;;;<1413> dit-elle d'une voix terrible qui semblait résonner depuis les profondeurs de l'enfer.
<1414> \{裏葉}「裏葉はひとりで寂しゅうございました」;;;<1414> Je me sentais abandonnée, toute seule.
<1415> \{柳也}「見てたんなら、来ればよかったのに」;;;<1415> Si tu nous as vus, t'aurais pu nous rejoindre.
<1416> \{裏葉}「お呼びくださるのをずっと待っておりましたのに…」;;;<1416> C'est que, tout ce temps, j'ai attendu que vous m'appeliez...
<1417> \{裏葉}「神奈さまのお手さばきを間近で拝見したかったのに～」;;;<1417> J'aurais tellement voulu voir de près les talents de Kanna-sama pour la jongle~...
<1418> よよよ、と泣き崩れる。;;;<1418> Elle fondit en larmes.
<1419> 単にうらやましかっただけのようだった。;;;<1419> Elle était jalouse, c'est tout.
