<0000> ［  霊  山  ］／柳也;;;<0000> [Montagne sacrée] / Ryuuya
<0001> 月光が、降りそそいでいた。;;;<0001> La lune abreuvait la terre.
<0002> 名もない森の隅々まで、淡い光が満ちていた。;;;<0002> Sa pâle radiance s'engouffrait dans les moindres recoins d'une forêt sans nom.
<0003> 俺は思いだしていた。;;;<0003> Des souvenirs me revinrent en mémoire :
<0004> 蒸し暑い社殿の夜。;;;<0004> Des souvenirs d'une nuit étouffante au sanctuaire.
<0005> 神奈がつぶやいた言葉。;;;<0005> Les mots que Kanna m'avait murmurés :
<0006> 『逢いたい…』;;;<0006> Je veux la rencontrer...
<0007> すべてはあの夜からはじまった。;;;<0007> Tout avait commencé cette nuit-là.
<0008> あれからちょうど、一月が過ぎようとしていた。;;;<0008> Un mois s'était écoulé.
<0009> 霊峰高野山。;;;<0009> La montagne sacrée, Kouya.
<0010> 金剛峰寺のふところに、俺たちはいた。;;;<0010> Nous avions pénétré dans le Temple Kongō.
<0011> \{神奈}「寺などどこにもないではないか」;;;<0011> Où peut bien se trouver le temple ?
<0012> \{神奈}「どこまで行っても見たような森ばかりだ」;;;<0012> Peu importe où porte mon regard, je ne vois rien que de la forêt.
<0013> \{神奈}「景色がかわらず退屈だぞ」;;;<0013> Toujours le même paysage. C'est d'un ennui.
<0014> \{柳也}「…だまって歩け」;;;<0014> ... Tais-toi et marche.
<0015> 金剛峰寺とは、高野山にある幾百もの寺院をまとめて指す名だ。;;;<0015> Le 'Temple Kongō', c'était le terme sous lequel on désignait l'ensemble des centaines de temples bouddhistes présents sur le Mont Kouya.
<0016> 高野山そのものも、同じように金剛峰寺と呼びならわす。;;;<0016> De fait, le Mont Kouya lui-même est généralement appelé 'Temple Kongō'.
<0017> \{柳也}「もう高野の領内に入っているはずだ」;;;<0017> Je pense que l'on est déjà sur le territoire Kouya.
<0018> 警護の者がいても不思議はない。;;;<0018> Il ne serait pas étonnant de tomber sur des patrouilles.
<0019> \{神奈}「さっきから同じところを回っている気がするぞ」;;;<0019> J'ai l'impression que l'on tourne en rond depuis un bon moment.
<0020> \{柳也}「気のせいだ、だまって歩け」;;;<0020> C'est ton imagination. Tais-toi et marche.
<0021> \{神奈}「…むぅ」;;;<0021> Hmm...
<0022> さっきから同じ会話を何度もしている。;;;<0022> Voilà déjà un moment que nous réitérions sans cesse cet échange.
<0023> 俺も何かおかしいと思いはじめていた。;;;<0023> Je commençais moi-même à douter.
<0024> 山中で道に迷うのは、周りの景色に頼りすぎるためだ。;;;<0024> Quand on se perd dans les montagnes, c'est parce que l'on se fie trop au paysage environnant.
<0025> ここまで俺は、月を頼りに歩いてきた。;;;<0025> Cependant, jusqu'ici, c'était la lune qui avait guidé mes pas.
<0026> 方角を間違えるはずはないのだ。;;;<0026> Nous ne pouvions pas nous diriger dans la mauvaise direction.
<0027> だが、何かが微妙におかしい。;;;<0027> Seulement, quelque chose me dérangeait :
<0028> 夏の夜にはめずらしく、月は冴え渡っている。;;;<0028> Pour une nuit d'été, la lune était inhabituellement claire.
<0029> 満月にはほんの少し満たない月。;;;<0029> On aurait dit une pleine lune.
<0030> しんがりを歩いていた裏葉が、不意に立ちどまった。;;;<0030> Uraha, qui fermait la marche, s'arrêta brusquement.
<0031> \{柳也}「どうした、裏葉」;;;<0031> Qu'y a-t-il, uraha ?
<0032> \{裏葉}「柳也さま、これを」;;;<0032> Ryuuya-sama, regardez ça.
<0033> 見ると、太い杉の幹に麻縄が巻かれていた。;;;<0033> Je regardai, et vis qu'une corde de chanvre était enroulée autour du tronc épais d'un cèdre.
<0034> そこから等間隔に、白い紙が垂らされている。;;;<0034> Des feuilles de papier blanc y étaient suspendues à intervalles réguliers.
<0035> \{柳也}「注連縄（しめなわ）か」;;;<0035> Serait-ce un shimenawa ?*
<0036> \{裏葉}「結界が張られているようですわ」;;;<0036> On dirait qu'un kekkai a été établi.
<0037> \{神奈}「結界とは何だ？」;;;<0037> Qu'est-ce qu'un kekkai ?
<0038> \{裏葉}「不浄なものを入れぬための、仕切（しきり）のようなものでございます」;;;<0038> Il s'agit d'un système pour empêcher que les impuretés ne pénètrent, une sorte de cloison.
<0039> \{神奈}「不浄なものとは、どのようなものだ？」;;;<0039> Qu'entend-on par 'impure' ?
<0040> \{柳也}「鬼とか怨霊とか大食らいの翼人とかだな」;;;<0040> Les onis, les onryōs, les Êtres Ailés gloutons, \bet cetera\u...
<0041> \{神奈}「だれが大食らいかっ！」;;;<0041> Qui appelez-vous un 'glouton' ?!!
<0042> \{柳也}「おまえだなんて一言も言ってないぞ」;;;<0042> J'ai même pas dit que c'était toi.
<0043> \{裏葉}「おしずかに」;;;<0043> Silence.
<0044> 鋭い声でたしなめられ、あわてて口をつぐむ。;;;<0044> Réprimandé par sa voix cinglante, je me tus immédiatement.
<0045> 裏葉は身じろぎもせずに、行く手の闇を見つめている。;;;<0045> Parfaitement immobile, Uraha regardait attentivement les ténèbres devant nous.
<0046> 息さえも止めているようだった。;;;<0046> On aurait dit qu'elle avait cessé de respirer.
<0047> やがてするりと袖を持ち上げ、一方を指さした。;;;<0047> Enfin, sa manche se leva, et elle désigna une direction.
<0048> \{裏葉}「こちらでございます」;;;<0048> Par ici.
<0049> \{柳也}「わかるのか？」;;;<0049> Tu connais l'endroit ?
<0050> \{裏葉}「何とはなしにでございますが」;;;<0050> C'est mon... intuition.
<0051> うっすらと微笑む。;;;<0051> Elle sourit légèrement.
<0052> 思わず神奈と顔を見合わせた。;;;<0052> Par réflexe, Kanna et moi échangeâmes un regard.
<0053> 裏葉の行動には今も謎が多い。;;;<0053> Les actions d'Uraha étaient toujours aussi insondables.
<0054> しかし、信じられると思った。;;;<0054> Mais je lui faisais confiance.
<0055> 裏葉の導きで、月光の森を進んでいく。;;;<0055> Guidés par Uraha, nous pénétrâmes plus avant dans la forêt au clair de lune.
<0056> 途中、いくつかの注連縄を見つけた。;;;<0056> En chemin, nous aperçûmes d'autres shimenawas.
<0057> 月はある時は左に見え、ある時は右に見えた。;;;<0057> La lune apparaissait parfois à notre gauche, parfois à notre droite.
<0058> 俺の感覚に従えば、同じ場所を堂々巡りしているようにしか思えない。;;;<0058> Mes sens me suggéraient que nous tournions en rond.
<0059> その時不意に、月が雲に隠れた。;;;<0059> Tout à coup, la lune disparut derrière un nuage.
<0060> 森の様子が変わった。;;;<0060> La forêt semblait s'être transformée :
<0061> 人が入ったことのない、原生林のようだった。;;;<0061> Elle devint telle une forêt vierge qu'aucun humain n'aurait encore pénétrée.
<0062> ねじくれた木々の枝が、行く手をふさいでいる。;;;<0062> Des branches difformes entravaient notre progression.
<0063> 湿り気を帯びた靄（もや）が、綿屑のようにたなびいている。;;;<0063> Une brume humide flotte dans l'air, pareille à des flocons de coton.
<0064> さっきまで歩いていた森とは、まったくおもむきが違った。;;;<0064> Rien à voir avec la forêt que nous avions traversée jusqu'alors.
<0065> \{神奈}「薄気味が悪いぞ…」;;;<0065> Cet endroit me met mal à l'aise...
<0066> 神奈の声が、嫌にゆがんで響いた。;;;<0066> L'air semblait tordre sa voix.
<0067> 頭の奧に、ひどい圧迫感がある。;;;<0067> J'avais l'impression que quelque chose m'écrasait l'intérieur du crâne.
<0068> 自分がまっすぐに立っているのか、それさえわからない。;;;<0068> Je n'étais même plus certain d'être capable de continuer à me tenir droit.
<0069> \{柳也}「どういうことだ…？」;;;<0069> Que se passe-t-il ?
<0070> \{裏葉}「結界の只中（ただなか）に入ったのでございましょう」;;;<0070> Nous sommes à l'intérieur du kekkai.
<0071> \{柳也}「結界の、只中？」;;;<0071> À l'intérieur du kekkai ?
<0072> 足を踏み出してみた。;;;<0072> Je fis un pas en avant.
<0073> 濡れた羊歯（しだ）が足にからみつき、ひどく歩きにくい。;;;<0073> Des fougères humides s'accrochèrent à mes jambes, gênant ma marche.
<0074> \{柳也}「どっちに進めばいいんだ」;;;<0074> Par où devrions-nous continuer ?
<0075> つぶやいた時。;;;<0075> murmurai-je. À ce moment-là...
<0076> ひとすじの匂いが、鼻先をかすめていった。;;;<0076> Une odeur chatouilla mon nez.
<0077> 鈍った頭がぴんと警報を発した。;;;<0077> Mon esprit engourdi fut immédiatement mis en alerte.
<0078> この匂いだけは間違えようがなかった。;;;<0078> Cette odeur ne pouvait être qu'une chose :
<0079> 何かが焼ける匂い。;;;<0079> Une odeur de brûlé.
<0080> 錆びた鉄と松明、汗で濡れた革と麻、そして血の匂い。;;;<0080> Du fer rouillé et des torches, du cuir et du lin trempés de sueur, et le parfum du sang.
<0081> \{柳也}「とまれ、声を立てるな」;;;<0081> Ne bougez pas. Et ne dites rien.
<0082> \{神奈}「いきなりどうしたのだ？」;;;<0082> Qu'est-ce qui vous prend tout à coup ?
<0083> \{柳也}「この先で戦（いくさ）をしている…」;;;<0083> Des gens se battent plus loin...
<0084> 靄の向こうから、甲高い音が聞こえる。;;;<0084> Des sons aigus se faisaient entendre au-delà de la brume.
<0085> きん…かっ…;;;<0085> \bCling\u... \bClang\u...
<0086> 刀と刀が切り結ぶ音だ。;;;<0086> C'étaient les sons de fer que l'on croise.
<0087> \{柳也}「近い…いや、遠いのか？」;;;<0087> C'est tout près... Nan, est-ce loin ?
<0088> 音までの距離が、まったくわからない。;;;<0088> J'étais incapable d'estimer la distance qui nous séparait de l'origine de ces bruits.
<0089> こんなことは初めてだった。;;;<0089> Ça ne m'était encore jamais arrivé.
<0090> 裏葉と神奈が、左右から俺に身を寄せてきた。;;;<0090> Uraha et Kanna se rapprochèrent et se positionnèrent à ma gauche et à ma droite.
<0091> この二人に不安を悟られてはいけない。;;;<0091> Je ne pouvais pas laisser ces deux-là s'inquiéter.
<0092> それなのに、どうするべきなのか考えがまとまらない。;;;<0092> Sauf que je n'arrivais pas à trouver un moyen d'empêcher que cela se produise.
<0093> その時だった。;;;<0093> À ce moment...
<0094> 目前の闇が、どろりと溶け落ちた。;;;<0094> Les ténèbres qui nous faisaient face se dissipèrent progressivement.
<0095> 空間そのものが引き裂かれたような、強烈な違和感が襲った。;;;<0095> Un malaise intense m'envahit, comme si l'espace lui-même avait été déchiré.
<0096> つぶりかけた眼を、無理にこじ開ける。;;;<0096> Je me forçai à rouvrir les yeux...
<0097> 人影が見えた。;;;<0097> ... et je vis des hommes.
<0098> ぬらりと光る、刃物の切っ先も。;;;<0098> ... Et l'éclat de leur lames.
<0099> \{柳也}「走れっ！」;;;<0099> Courrez !!
<0100> 裏葉と神奈の背を押すように、靄の中に送り出す。;;;<0100> À deux doigts de les y pousser, je les exhortai à retourner dans la brume.
<0101> \{柳也}「裏葉、神奈を護れっ」;;;<0101> Uraha, protège Kanna !
<0102> \{裏葉}「はいっ」;;;<0102> Oui !
<0103> 裏葉がふところから短刀を引き抜いたのが見えた。;;;<0103> Uraha dégaineune dague de son kimono.
<0104> 同時に、俺も抜刀する。;;;<0104> Au même moment, je dégaine mon sabre.
<0105> 現れた人影は…三つ。;;;<0105> Des individus surgissent face à nous... Trois au total.
<0106> どれも身の丈六尺近い大男だ。;;;<0106> Chacun de ces hommes est un colosse de six pieds de haut.
<0107> 灰色の僧衣に、黒鞘の長太刀。;;;<0107> Robes de moine grises, longues lames rangées dans des fourreaux noirs...
<0108> すっぽりと被った頭巾（ずきん）から、鋭い眼だけが覗いている。;;;<0108> Sous les capuches qui recouvrent l'entièreté de leur visage, seuls sont visibles leurs regards perçants qui nous épient.
<0109> \{柳也}「高野の武者法師か…」;;;<0109> Ce doivent être des moines guerriers de Kouya...
<0110> 金剛峰寺全山を守護する、僧形（そうぎょう）の荒くれ者たち。;;;<0110> Ces voyous en habits de moine sont responsables de la sécurité du Mont-Temple Kongō.
<0111> 勇猛で名高く、山岳で戦うのに慣れている。;;;<0111> Ils sont célèbres pour leur bravoure et leur aptitude pour le combat en montagne.
<0112> おまけに、死んでさえ仏の加護があると信じている。;;;<0112> De plus, ils pensent que même après la mort, ils bénéficient de la protection des bouddhas.
<0113> できればまともには斬り結びたくない相手だ。;;;<0113> En somme, ce ne sont pas le genre de personnes que l'on souhaite avoir comme adversaire.
<0114> 武装は薙刀（なぎなた）が二人、太刀が一人。;;;<0114> Deux portent des naginatas. Le troisième porte une longue épée.
<0115> \{僧兵}「田舎侍風情（ふぜい）が、どうやってここに入り込んだのだ」;;;<0115> Comment un cul-terreux samouraï tel que vous a pu s'introduire ici ?
<0116> 薙刀をたずさえた一人が、頭巾ごしの野太い声で言った。;;;<0116> dit l'un de ceux qui portaient un naginata d'un ton agressif à travers son capuchon.
<0117> \{柳也}「浮かれて夜道を歩いてたら、野狐に化かされたらしい」;;;<0117> Je me baladais gaiement dans la nuit, puis je crois que j'ai été trompé par un kitsune.*
<0118> \{柳也}「いや、どちらかというと野狸かな」;;;<0118> Nan, plutôt un tanuki.*
<0119> \{僧兵}「何をっ…」;;;<0119> Qu'est-ce que...!
<0120> いきり立った僧兵が、ずいっと歩を進めた。;;;<0120> Agacé, le moine guerrier s'avança.
<0121> 俺は刀を中段にかまえた。;;;<0121> Je positionne mon sabre au niveau des mon ventre.
<0122> 掌の中で太刀を返し、刀背（むね）を上向ける。;;;<0122> Ensuite, je le retourne dans la paume de ma main, afin que le dos de la lame soit tourné vers le haut.
<0123> 不殺の誓いというやつだ。;;;<0123> J'applique mon serment de ne pas ôter de vie.
<0124> 乱戦になれば怪しいが、やれるところまでは峰打ちでしのぐ。;;;<0124> Difficile de prédire ce qu'il se passerait en cas de mêlée générale, mais, autant que possible, j'essaierai de frapper avec le dos de mon sabre.
<0125> 相手を見据えたまま、呼吸を落ち着ける。;;;<0125> Je dévisage mes adversaires et stabilise ma respiration.
<0126> 全身の力を抜く。;;;<0126> Mon corps entier se détend.
<0127> 微風になびく絹のように、己をゆるやかに保つ。;;;<0127> Mon être entier s'assouplit, devenant pareil à de la soie battue par une douce brise.
<0128> ふっと、気が乱れた。;;;<0128> En un instant, l'air est perturbé.
<0129> \{僧兵}「どうりやぁあぁあぁあぁ～～」;;;<0129> Dohryaaaaaaaa~~ !
<0130> 薙刀の僧兵が打ちかかってきた。;;;<0130> Le guerrier armé d'un naginata se précipite sur moi.
<0131> 森の中では薙刀を振り回すわけにはいかない。;;;<0131> Dans une forêt, il est impossible d'agiter un niginata à sa guise.
<0132> 太刀では防ぎにくい踝（くるぶし）を確実に狙ってくる。;;;<0132> Il visera certainement mes chevilles, certain que je ne saurai pas les défendre avec un sabre, 
<0133> 地面を蹴り、斜め前に跳んだ。;;;<0133> Mes pieds poussent contre le sol. Je fais un bond de côté.
<0134> 俺の足があった場所を、三日月型の刃が空しく刈りとる。;;;<0134> Une lame en forme de croissant fauche en vain l'endroit où se trouvaient mes jambes.
<0135> そのまま一気に間合いをつめる。;;;<0135> Sans marquer d'arrêt, je réduis d'un seul mouvement la distance qui nous sépare.
<0136> 長柄物と戦うなら、勝法はひとつ。;;;<0136> Face à ceux qui utilisent des armes longues, il n'y a qu'un seul moyen de gagner :
<0137> 相手の懐（ふところ）に入ってしまえば、穂先にある刃は無力だ。;;;<0137> Au corps à corps, l'extrémité de lame est impuissante.
<0138> 不意をつかれた僧兵の眼が、驚愕で歪む。;;;<0138> Les yeux du moine-guerrier, pris au dépourvu, se déforment sous l'effet de la stupéfaction.
<0139> 刀の峰で、その胴を薙ぎ払った。;;;<0139> Le dos de ma lame rencontre alors son torse.
<0140> …ざすっ。;;;<0140> ... \bFwish\u !
<0141> \{僧兵}「ぐふぅ…」;;;<0141> Argh...
<0142> 巨体ががっくりと膝をつき、地面に崩れ落ちた。;;;<0142> Le colosse s'effondre à genoux puis s'étend par terre.
<0143> 残った僧兵たちの間に、ざわりと風が起こる。;;;<0143> Une vague d'agitation parcourt les moines guerriers restants.
<0144> \{僧兵}「存外腕が立つぞ」;;;<0144> C'est qu'il se démerde, l'autre.
<0145> \{僧兵}「小癪（こしゃく）な田舎侍がっ」;;;<0145> Saleté de cul-terreux !
<0146> \{僧兵}「こやつ、吾妻者ではないぞ」;;;<0146> C'est pas un type d'Azuma*.
<0147> 俺の身なりを食い入るように見つめ、言った。;;;<0147> Ils étudient attentivement mon accoutrement, puis disent :
<0148> \{僧兵}「うぬは何奴ぞ？  名を名乗れ」;;;<0148> Qui es-tu ? Dis-nous ton nom !
<0149> あいにくだが、こっちは育ちが悪い。;;;<0149> Malheureusement pour eux, je ne suis pas du genre bien élevé.
<0150> 何も褒美が出ないのでは、名を教えてもつまらない。;;;<0150> Je n'ai aucun intérêt à décliner mon nom si je n'ai rien à y gagner.
<0151> \{柳也}「名乗るほどのものじゃない」;;;<0151> Mon nom n'a rien d'intéressant.
<0152> \{僧兵}「何だと？」;;;<0152> Hein ?
<0153> \{柳也}「参るっ」;;;<0153> En garde !
<0154> 相手が鼻じろんだ一瞬の隙に、次の行動を起こした。;;;<0154> Sentant qu'ils sont encore hésitants, je passe à l'action.
<0155> 狙いは敵の前衛、二人目の薙刀使いだ。;;;<0155> Ma cible : le second utilisateur de naginata, positionné plus en avant.
<0156> \{僧兵}「…でえいっ！」;;;<0156> ... Haa !!
<0157> 一閃目の突きを、横に跳ね飛びかわす。;;;<0157> D'un pas de côté, j'esquive son assaut.
<0158> そのまま回り込むように死角を狙う。;;;<0158> Profitant de l'élan que cela me donne, je pivote pour me retrouver hors de son champ de vision.
<0159> 敵もついてこようとするが、立木が邪魔して薙刀を回せない。;;;<0159> Mon ennemi tente de se retourner, mais les arbres l'empêchent de manier son naginata.
<0160> だが、今度の敵はもっと利口だった。;;;<0160> Cependant, celui-ci est plus malin que le précédent :
<0161> 俺が間合いに入った瞬間、ためらうことなく薙刀を捨てた。;;;<0161> Dès que je me suis approché, il a jeté son naginata sans hésiter.
<0162> そのまま腰の太刀を探る。;;;<0162> L'instant suivant, il tente de saisir le sabre accroché à sa hanche.
<0163> 抜く手も早い。;;;<0163> Il la dégaine très rapidement.
<0164> 俺は刀を振るわなかった。;;;<0164> Seulement, je n'ai pas levé mon sabre.
<0165> 勢いにまかせ、敵に肩口からぶつかっていく。;;;<0165> Au contraire, je profite de mon élan pour le charger et lui asséner un coup d'épaule.
<0166> 次の瞬間。;;;<0166> L'instant d'après...
<0167> \{僧兵}「ううっ…」;;;<0167> Uuu...!
<0168> 俺の太刀の柄が、僧兵の鳩尾（みぞおち）にめり込んでいた。;;;<0168> ... j'enfonce la garde de mon sabre dans le creux de son ventre.
<0169> 苦悶の表情を浮かべ、敵が地面にうずくまる。;;;<0169> Le visage tordu de douleur, mon adversaire s'écroule et se retrouve au sol, plié en deux.
<0170> 残りは一人。;;;<0170> Encore un.
<0171> 太刀を大げさに振りかぶったまま、おろおろと辺りを見回している。;;;<0171> Le dernier homme brandit son arbre dans un mouvement exagéré et regarde un peu dans tous les sens, l'air secoué.
<0172> 一呼吸のうちに仲間がやられたのが、まだ信じられないらしい。;;;<0172> Il n'arrive sans doute pas à assimiler le sort que ses camarades ont rencontré en si peu de temps.
<0173> \{僧兵}「うっ…」;;;<0173> Uh...!
<0174> \{僧兵}「うあああああぁっ…」;;;<0174> Uwaaaaaah...!
<0175> やぶれかぶれの足取りで、真正面から斬りかかってきた。;;;<0175> Il s'élance dans un assaut désespéré, les jambes tremblantes, et frappe...
<0176> 刀で受ける必要もなかった。;;;<0176> Je n'ai même pas besoin de parer.
<0177> 相手の太刀を体ごと受け流す。;;;<0177> J'esquive son sabre comme son corps
<0178> すれちがいざま、首筋を峰で打ちつけた。;;;<0178> En passant, je lui frappe la nuque du dos de mon sabre.
<0179> \{柳也}「…せいっ」;;;<0179> ... Ha !
<0180> 最後の僧兵は、悲鳴をあげる間もなく昏倒した。;;;<0180> Le dernier moine-guerrier s'effondre inconscient avant même d'avoir le temps de gémir.
<0181> …ぶんっ。;;;<0181> ... \bFouish\u !
<0182> いつもの癖で太刀をふるい、ついてもいない血糊（ちのり）を払い落とした。;;;<0182> Par réflexe, je secoue mon sabre pour en faire tomber le sang qui ne s'y trouve pas.
<0183> そして太刀を鞘におさめた。;;;<0183> Cela fait, je le rengaine.
<0184> \{柳也}「ふう…」;;;<0184> Fiou...
<0185> 溜めていた息を吐き出す。;;;<0185> Je peux enfin souffler.
<0186> 三人の僧兵たちは、毛皮を取られた熊のように地面にうずくまっている。;;;<0186> Les trois moine-guerriers sont recroquevillés par terre comme des ours qu'on aurait dépouillés de leur fourrure.
<0187> しばらくまともには動けないだろう。;;;<0187> Ils ne pourront pas bouger avant un bon moment.
<0188> \{柳也}「こりゃ、できすぎだな」;;;<0188> J'crois que j'en ai fait un peu trop.
<0189> 僧兵たちを一瞥（いちべつ）し、俺はその場を離れた。;;;<0189> Après leur avoir jeté un dernier, je quitte la scène.
<0190> 神奈たちが向かったはずの闇を駈ける。;;;<0190> Je fends les ténèbres en direction de là où sont censées se trouver Kanna et Uraha.
<0191> 足下の草が泥のようにまとわりつき、ひどく走りにくい。;;;<0191> L'herbe sous mes pieds colle comme de la boue, rendant la marche particulièrement difficile.
<0192> 裏葉は『ここは結界の只中だ』と言った。;;;<0192> Uraha avait dit que nous nous trouvions dans un kekkai.
<0193> 空間そのものを封じこめる呪術があると聞く。;;;<0193> J'avais effectivement entendu parler d'une magie capable d'emprisonner l'espace lui-même.
<0194> 法師や陰陽師（おんみょうじ）があやつる力だ。;;;<0194> Les prêtres bouddhistes et les onmyōjis* possédaient ce pouvoir.
<0195> 靄はぶ厚くたちこめ、行く手が見通せない。;;;<0195> Une épaisse brume vint entraver ma vision.
<0196> どこに向かって走っているのか、まったくわからない。;;;<0196> Je n'avais pas la moindre idée de la direction dans laquelle j'avançais.
<0197> 熱にうかされた時に見る、悪夢のようだった。;;;<0197> C'était comme un de ces cauchemars que l'on fait quand on a de la fièvre.
<0198> やがて。;;;<0198> Bientôt...
<0199> まったくだしぬけに、人の気配を感じた。;;;<0199> D'un coup, je sentis une présence.
<0200> 背後からだった。;;;<0200> Quelqu'un était derrière moi.
<0201> 太刀を抜きざま、体ごと振り向く。;;;<0201> Je dégainai mon sabre et me retournai brutalement.
<0202> 靄が切れ、視界に森が戻った。;;;<0202> La brume se dissipa. La forêt était de nouveau visible.
<0203> だれもいない。;;;<0203> Personne.
<0204> いや、違う。;;;<0204> Ou presque.
<0205> 神奈と裏葉の後ろ姿が、寄り添うように立っている。;;;<0205> Kanna et Uraha se tenaient là, de dos, pratiquement collées l'une à l'autre.
<0206> 二人の僧兵が、その行く手をふさいでいた。;;;<0206> Deux moine-guerriers bloquaient leur chemin.
<0207> \{僧兵}「そこな女、高野は女人禁制ぞ」;;;<0207> Vous, là ! Les femmes sont interdites sur le mont Kouya !
<0208> 無骨な手が伸び、神奈の袖をつかもうとする。;;;<0208> Dans un mouvement brusque, il tenta d'attraper la manche de Kanna.
<0209> \{神奈}「余に触れるでない、無礼者っ！」;;;<0209> Ne me touchez pas, fieffé coquin !!
<0210> 澄みわたった声が、一瞬その場を圧する。;;;<0210> Sa voix claire, limpide, envahit l'espace pendant un instant.
<0211> 僧兵がぎくりと腕をとめた。;;;<0211> Effrayé, le guerrier fut interrompu dans son mouvement.
<0212> \{僧兵}「手荒をするでない」;;;<0212> Ne sois pas si brutal.
<0213> もう一人の僧兵が、威厳のある声で仲間を制した。;;;<0213> Le second moine-guerrier réprimanda son compagnon d'une voix autoritaire.
<0214> 目前の少女の顔を凝視する。;;;<0214> Il dévisagea la jeune fille qui lui faisait face.
<0215> \{僧兵}「そっ、そなたはまさか…」;;;<0215> T-Tu ne serais pas...
<0216> \{裏葉}「神奈さま、お早くっ！」;;;<0216> Kanna-sama, vite !!
<0217> 短刀を目前でかまえたまま、裏葉が神奈を背でかばう。;;;<0217> Sa dague tenue face à elle, Uraha vint s'interposer entre Kanna et le guerrier.
<0218> ためらっている暇はなかった。;;;<0218> Pas le temps d'hésiter.
<0219> \{柳也}「神奈備命が随身柳也、参るっ！」;;;<0219> Moi, Ryuuya, garde de Kannabi no Mikoto, vous salue !!
<0220> 太刀を上段に振りかぶり、大声で叫んだ。;;;<0220> Je brandis son sabre au-dessus de ma tête et criai à tue-tête.
<0221> 敵の注意をこちらに引きつけるためだ。;;;<0221> Je voulais attirer leur attention vers moi.
<0222> そのまま地を蹴り、敵中に飛びこむ。;;;<0222> Sans m'arrêter, je bondis vers mes ennemis.
<0223> 二人の僧兵が、てんでに剣を抜いた。;;;<0223> Les deux moine-guerriers dégainent leurs sabres.
<0224> 柄尻に独特の装飾がほどこされた、直刃（すぐは）の剣だった。;;;<0224> Leurs lames sont droites et chacune des deux gardes est ornée d'un motif unique.
<0225> \{柳也}「せあっ！」;;;<0225> Seya !!
<0226> 気合いと共に、一撃目を放つ。;;;<0226> Poussant un cri de guerre, j'assène un premier coup.
<0227> …きんっ。;;;<0227> ... \bCling\u !
<0228> 刃金（はがね）と刃金が交わり、青白い火花が散った。;;;<0228> Mon acier rencontre leur acier, faisant voler des étincelles.
<0229> \{僧兵}「…ふんっ」;;;<0229> ... Hmmph !
<0230> もう一人の僧兵が、袈裟懸けに斬りつけてきた。;;;<0230> Le second guerrier se prépare à frapper en diagonale, de mon épaule vers ma hanche.
<0231> 大きく上体を逸らしてかわす。;;;<0231> Je fais pivoter le haut de mon corps et esquive.
<0232> すかさず最初の僧兵が間合いに入ってくる。;;;<0232> Le premier guerrier ne se fait pas attendre : il a déjà réduit l'écart entre nous deux.
<0233> …きん…かっ…きん！;;;<0233> ... \bCling\u... \bClang\u... \bCling\u !
<0234> \{柳也}「くっ…」;;;<0234> Ugh...!
<0235> 鍔迫合（つばぜりあい）では向こうに分がある。;;;<0235> Nos lames croisées, l'avantage est de leur côté.
<0236> 鎬（しのぎ）を滑らし、刀身を引き剥がした。;;;<0236> Je laisse donc glisser ma lame pour me libérer.
<0237> \{僧兵}「でえいっ」;;;<0237> Teei !
<0238> 間髪を入れずに、真横からの突きが迫る。;;;<0238> L'autre me charge sans me laisser le moindre instant de répit.
<0239> 後ろに跳ね退き、これをかわした。;;;<0239> Je saute en arrière pour l'esquiver.
<0240> \{僧兵}「…できるな、ぬし」;;;<0240> ... Tu te débrouilles, dis-donc.
<0241> 頭巾の下からうなり声が聞こえた。;;;<0241> Je l'entends maugréer sous son capuchon.
<0242> 俺も呼吸を整え、太刀を握りなおした。;;;<0242> Je prends une grande inspiration et réajuste mes mains autour de mon sabre.
<0243> …手強い。;;;<0243> ... Ils sont forts.
<0244> 額を汗が伝うのがわかった。;;;<0244> Mon front sue à grosses gouttes.
<0245> 背後にはまだ神奈たちの気配があった。;;;<0245> Je sais que Kanna et Uraha sont encore derrière moi.
<0246> \{柳也}「うしろを見るな、走れっ」;;;<0246> Ne vous retournez pas ! Courez !
<0247> 僧兵たちに相対したまま叫ぶ。;;;<0247> Je hurle sans tourner le dos aux moine-guerriers.
<0248> ためらった足音が動き、俺から遠ざかっていく。;;;<0248> Je peux entendre des pas hésitants s'éloigner.
<0249> \{僧兵}「ぬしは神奈備命を追え。結界を越えられたら終（しま）いぞ」;;;<0249> Poursuis Kannabi no Mikoto. Si elle franchit le kekkai, il sera trop tard !
<0250> 年長らしい僧兵が、もう一人に伝えた。;;;<0250> Le plus âgé des deux donne un ordre au second.
<0251> \{柳也}「させるかあっ！」;;;<0251> Tu peux rêver !!
<0252> 去りかけた僧兵に、斜め後ろから斬りかかる。;;;<0252> Je ne le laisse pas s'éloigner et l'attaque d'un coup oblique.
<0253> \{僧兵}「邪魔立てするなっ」;;;<0253> Laisse-moi passer !
<0254> 振り向きざまの突きを、太刀で受け払った。;;;<0254> Il se retourne à temps, et dévie mon sabre qui l'attaque dans le dos.
<0255> 二対一での激しい切り結びが続く。;;;<0255> Mon deux contre un reprend dans une série furieuse de chocs métalliques.
<0256> さっきの僧兵たちとは、明らかに格がちがう。;;;<0256> Ces deux-là sont clairement d'un tout autre calibre que les guerriers précédents.
<0257> このままでは勝算は薄い。;;;<0257> Dans cette situation, mes chances de victoire sont minces.
<0258> となれば…;;;<0258> Si c'est ainsi...
<0259> 構えを上段に移した。;;;<0259> Je déplace ma garde vers le haut.
<0260> ざっ、ざっ、ざっ…;;;<0260> \bZah\b ! \bZah\b ! \bZah\b...!
<0261> にじり足のまま、真横に動く。;;;<0261> Sans lever mes pieds du sol, je me déplace latéralement.
<0262> 二人の僧兵も、俺に合わせて位置を変える。;;;<0262> Les deux guerriers viennent alors se placer face à moi.
<0263> 俺たちの頭上で、木々の枝がざわめく。;;;<0263> Les branches au-dessus de nos têtes bruissent bruyamment.
<0264> 狙いの位置に達した時。;;;<0264> J'ai atteint la position que je souhaitais.
<0265> 一気に勝負に出た。;;;<0265> Ce mouvement décidera si je perds ou si je gagne...
<0266> \{柳也}「であっ…」;;;<0266> Hah...!
<0267> 空気ごと両断するように、力任せに太刀を振るう。;;;<0267> J'abats mon sabre de toutes mes forces, comme si je voulais fendre l'air en deux...
<0268> だが、俺の刃は何も捉えず、切っ先が土を引っ掻いた。;;;<0268> ... mais ma lame ne rencontre aucune matière et se contente de gratter le sol.
<0269> 次の瞬間、頭が無防備になった。;;;<0269> L'instant suivant, ma tête est devenue complètement indéfendable.
<0270> この隙を敵が見逃すはずがなかった。;;;<0270> Mes ennemis ne pourront pas laisser passer cette occasion.
<0271> \{僧兵}「覚悟おっ」;;;<0271> Prépare-toi à mourir !
<0272> 直刃の剣が上段に振りかぶられた。;;;<0272> Il brandit son sabre...
<0273> …がすっ。\shake{1};;;<0273> ... \bBam\u ! \shake{1}
<0274> 鈍い音が、俺の頭上ではじけた。;;;<0274> Un bruit sourd retentit au-dessus de ma tête.
<0275> 僧兵は動きを止めていた。;;;<0275> Le moine-guerrier avait cessé de bouger.
<0276> 必殺のはずの剣は、頭上に張り出した太い枝に食いこんでいた。;;;<0276> Juste au-dessus de sa tête, sa lame, prétendument fatale, s'était enfoncée dans une grosse branche.
<0277> …だしゅっ。;;;<0277> ... \bSwing\u !
<0278> 俺の太刀の峰が、がら空きになった僧兵の胴を横なぎにした。;;;<0278> Le dos de \bma\u lame, en revanche, en profite pour frapper son torse, désormais entièrement à découvert.
<0279> \{僧兵}「ぬかった、わ…」;;;<0279> Flûte...
<0280> 呪文のようにうめき、片膝をつく。;;;<0280> Dans un gémissement qui rappelle une incantation, il fléchit un genou...
<0281> 肩からもんどり打って、地面に巨体を沈めた。;;;<0281> ... avant de s'étaler au sol de tout son long.
<0282> 主を失った直刃剣だけが、枝にぶら下がっていた。;;;<0282> Son sabre, privé de son maître, était toujours coincé dans une branche.
<0283> 残ったのは、年長の僧兵だった。;;;<0283> Il ne reste que le plus âgé des deux.
<0284> 俺の長太刀と、相手の直刃剣。;;;<0284> Mon long sabre contre sa lame droite.
<0285> それぞれの切っ先を二尺ほど離し、静かに正対する。;;;<0285> Nous nous faisons face, calmement, nos deux lames espacées d'à peine deux pieds à leurs extrémités.
<0286> 油断なくかまえたまま、僧兵は低くつぶやくように言った。;;;<0286> Sans baisser la garde, il murmure d'une voix grave :
<0287> \{僧兵}「うぬらは、なにをたくらんでおる」;;;<0287> Que mijotez-vous ?
<0288> \{僧兵}「八百比丘尼には会わせまいぞ」;;;<0288> Je ne vous laisserai pas rencontrer Yaobikuni.*
<0289> …やおびくに？;;;<0289> ... 'Yaobikuni' ?
<0290> 思う間もなく、間合いを詰めてきた。;;;<0290> Avant même que je puisse réfléchir, il se jette sur moi.
<0291> 体躯に似合わない、氷を滑るような踏みこみ。;;;<0291> Ses pas sont fluides comme s'il glissait sur de la glace, ce qui est inattendu pour un physique comme le sien.
<0292> 小細工が通用する相手ではない。;;;<0292> La sournoiserie ne fonctionnera pas sur lui.
<0293> ただ、速い方が勝つ。;;;<0293> Mais la victoire reviendra au plus rapide des deux.
<0294> \{僧兵}「ぬんっ…」;;;<0294> Là...!
<0295> \{柳也}「せあっ…」;;;<0295> Seya...!
<0296> 次の瞬間。;;;<0296> L'instant d'après...
<0297> 心臓を狙った直刃剣は、俺の左袖を突き通していた。;;;<0297> Sa lame avait visé mon cœur. Elle transperça ma manche gauche.
<0298> 対する俺の長太刀は、敵の脇腹を捉えていた。;;;<0298> En revanche, mon sabre avait atteint son flanc.
<0299> 剣技に優劣はなかった。;;;<0299> Je n'étais pas meilleur bretteur que lui.
<0300> 最初から急所を狙わなかった分、俺の方が速かった。;;;<0300> N'ayant pas cherché à toucher ses points vitaux, j'ai été plus rapide.
<0301> それだけのことだ。;;;<0301> Tout simplement.
<0302> \{僧兵}「ごふっ…」;;;<0302> Kof...!
<0303> にごった咳とともに、僧兵が地面に横たわった。;;;<0303> Dans une toux rauque, le moine-guerrier s'effondre au sol.
<0304> \{僧兵}「ごふっごふっ…」;;;<0304> Kof ! Kof...!
<0305> 苦悶の表情を浮かべながら、体を返して仰向けになる。;;;<0305> Il se retourne et s'allonge sur le dos. Je peux lire sa douleur sur son visage.
<0306> 肋骨の下とはいえ、臓腑（ぞうふ）をまともに打ちつけられたのだ。;;;<0306> J'ai beau avoir manqué les côtés, ses entrailles ont pris un sacré coup.
<0307> 息をするのもつらいはずだ。;;;<0307> Respirer doit lui être pénible.
<0308> なのに、僧兵は俺に訊いた。;;;<0308> Mais cela ne l'empêcha pas de me poser une question :
<0309> \{僧兵}「…なにゆえに、情（なさけ）をかけた？」;;;<0309> ... Pourquoi m'accordes-tu ta pitié ?
<0310> 真剣な声音に、驚愕がこめられていた。;;;<0310> De l'étonnement se mêle à sa voix grave.
<0311> 自分が斬られていないことが、よほど不思議だったらしい。;;;<0311> Il semblait se demander par quel miracle je ne l'avais pas tué.
<0312> \{柳也}「情をかけたわけじゃない」;;;<0312> Je ne t'accorde aucune pitié.
<0313> 俺はそう答えた。;;;<0313> Telle est ma réponse.
<0314> 僧兵の眼が、かすかに笑ったように見えた。;;;<0314> Un soupçon d'hilarité se dessine derrière ses yeux.
<0315> 頭巾の向こうの唇が、何かを唱える。;;;<0315> Sous son capuchon, je l'entends commencer à réciter quelque chose :
<0316> 読経とも呪詛ともつかない、虻（あぶ）の羽音めいたうなり声。;;;<0316> Cela ne sonne pas comme un sutra ou une malédiction, mais plutôt comme les battements d'ailes du taon.
<0317> \{僧兵}「闇を見るぞ」;;;<0317> Je vois les ténèbres.
<0318> \{柳也}「何だと…？」;;;<0318> Qu'est-ce que...?
<0319> 訊ねかけた時。;;;<0319> Dès que j'eus posé cette question...
<0320> …ずきん。;;;<0320> ... \bDing\u.
<0321> 鋭い頭痛に襲われた。;;;<0321> ... Je fus pris d'un violent mal de tête.
<0322> 頭の奥の、いちばん深いところ。;;;<0322> Un mal de tête qui venait du plus profond de mon crâne.
<0323> 汚泥のように、何かが浮かびあがってくる。;;;<0323> Comme si quelque chose s'apprêtait à émerger des profondeurs infernales de mon esprit.
<0324> これは…;;;<0324> C'est...
<0325> そうだ。;;;<0325> Je sais.
<0326> 今と同じ光景を、俺は見たことがある。;;;<0326> J'ai déjà vu ça.
<0327> 真っ青に晴れた空。;;;<0327> Un ciel bleu, parfaitement dégagé.
<0328> 蝉の声だけが響く山道。;;;<0328> Un chemin de montagne, le chant des cigales comme seul fond sonore.
<0329> 童子の頃の俺。;;;<0329> Je n'étais qu'un petit enfant.
<0330> 踏みにじられた祈り。;;;<0330> Des prières piétinées.
<0331> 血だまりの中に転がる、老僧の屍。;;;<0331> Le cadavre d'un vieux moine gisant dans une mare de sang.
<0332> 泣きじゃくる俺。;;;<0332> Moi, qui pleure.
<0333> 血塗られた刃。;;;<0333> Une lame maculée de sang.
<0334> 殺されるはずだった俺。;;;<0334> J'aurais dû être celui qui s'est fait tuer.
<0335> 殺せるのに、殺さなかった。;;;<0335> J'aurais dû me faire tuer, mais on ne m'a pas tué.
<0336> そして、ひとりになった俺…;;;<0336> Je me suis alors retrouvé seul...
<0337> 突然の殺気が、俺を現実に引き戻した。;;;<0337> Un sentiment de danger soudain me ramena à la réalité.
<0338> もう一人の僧兵が、枝に食いこんだままの剣を抜き取るところだった。;;;<0338> L'autre moine-guerrier avait déjà dégagé son sabre de la branche dans laquelle il s'était coincé.
<0339> そのまま打ちかかってくる。;;;<0339> Il avait immédiatement attaqué.
<0340> \{僧兵}「食らえっ…」;;;<0340> Prends ça...!
<0341> だが、僧兵の足元はまだおぼつかない。;;;<0341> Mais ses pas étaient hésitants.
<0342> 一撃目をなんなく受け流した。;;;<0342> J'esquive aisément son premier assaut.
<0343> 返す刀で敵の眉間（みけん）を狙った。;;;<0343> L'instant suivant, je vise entre ses deux yeux.
<0344> だが、その瞬間。;;;<0344> C'est alors que je remarque...
<0345> 自分が真剣を振ったことに気づいた。;;;<0345> ... que je ne retenais pas mon coup.
<0346> そのまま太刀を振り抜けば、僧兵は即死する。;;;<0346> Quand mon sabre entrera en contact avec mon adversaire, celui-ci mourra sur le coup.
<0347> 『余を主とするかぎり、一切の殺生を禁ずる』;;;<0347> Tant que je serai votre Maître, je vous interdits d'ôter la moindre vie.
<0348> \{柳也}「くっ…」;;;<0348> Ugh...!
<0349> 両腕をねじ曲げるようにして、無理に太刀筋を変えた。;;;<0349> Je tords mes deux bras pour forcer mon sabre à changer de trajectoire.
<0350> 馬鹿げた行動だった。;;;<0350> Quelle bêtise...
<0351> 一瞬の気の迷い。;;;<0351> Un moment d'égarement.
<0352> それが命取りになることを、俺は知りぬいていたはずなのに。;;;<0352> Ça me sera fatal. Je le sais.
<0353> 太刀の刃は僧兵の肩口を撫で、そのまま空を斬った。;;;<0353> La lame de mon sabre effleura son épaule puis partit trancher l'air.
<0354> ひきかえに、俺の体勢は大きく崩れた。;;;<0354> Le prix de cette erreur fut mon équilibre.
<0355> 自分から敵に背中をさらすことになった。;;;<0355> Mon dos fut exposé à mon ennemi.
<0356> \{僧兵}「ふんっ…」;;;<0356> Hmph...!
<0357> 絹と肉が裂ける、嫌な音がした。;;;<0357> Il y eut un bruit désagréable, comme celui de la soie et de la chair qui se déchirent.
<0358> 灼（や）けるような衝撃が、背を斜めに走り抜けた。;;;<0358> Une douleur brûlante traversa mon dos en diagonale.
<0359> それで相手との間合いがわかった。;;;<0359> Cela me permit de comprendre la distance qui nous séparait.
<0360> 振り向きざまに太刀を振るう。;;;<0360> Je me retourne, et frappe.
<0361> \{柳也}「…せりゃあぁぁあっ！」;;;<0361> ... Zeryaaaaa !!
<0362> 渾身の気合いとともに、僧兵の肩口に刀背を叩きこんだ。;;;<0362> Poussé par l'entièreté de ma force, le dos de ma lame vint frapper son épaule.
<0363> \{僧兵}「ぐおあっ…」;;;<0363> Guwoah...!
<0364> 僧兵は白目を剥き、その場に昏倒した。;;;<0364> Le moine-guerrier roula des yeux et s'effondra sur place.
<0365> だが、殺してはいないはずだ。;;;<0365> \bA priori\u, je ne l'avais pas tué.
<0366> 不殺の誓い。;;;<0366> Le serment de ne pas prendre la vie.
<0367> 俺と神奈が交わした、破ることのできない誓い。;;;<0367> Le serment indestructible que Kanna et moi avions échangé.
<0368> 背中が焼けるように熱い。;;;<0368> Mon dos me brûle. On aurait dit qu'il était en feu.
<0369> 立っていられなくなった。;;;<0369> Je ne peux même plus me tenir debout.
<0370> 神奈たちを追わなければ。;;;<0370> Il faut que je rattrape Kanna et Uraha.
<0371> 必死でそう思っても、意識が遠のいていく…;;;<0371> Cette pensée m'obsède, mais n'empêche pas ma conscience de s'éloigner...
<0372> ………。;;;<0372> ..........
<0373> 聞き慣れた声がした。;;;<0373> J'entendis une voxi familière.
<0374> \{神奈}「裏葉、こちらだっ！  はようせいっ」;;;<0374> Uraha, par ici !! Dépêchez-vous !
<0375> \{裏葉}「…柳也さま、しっかりなさいませっ」;;;<0375> ... Ryuuya-sama, s'il vous plait, tenez-bon !
<0376> …また戻ってきたのか、こいつらは。;;;<0376> ... Ah, on dirait qu'elles sont revenues.
<0377> 俺の言うことはちゃんと守れと、あれほど言ったのに…;;;<0377> Après leur avoir tant répété de suivre mes consignes...
<0378> \{神奈}「柳也どの、柳也どのっ！  りゅう…」;;;<0378> Ryuuya-dono, Ryuuya-dono !! Ryuu...
<0379> \{裏葉}「神奈さま、邪魔でございますっ」;;;<0379> Kanna-sama, vous me gênez !
<0380> 絹を破っている音がする。;;;<0380> J'entends qu'on déchire de sa soie.
<0381> 俺の止血をするつもりなのだろう。;;;<0381> Quelqu'un doit vouloir arrêter mon hémorragie.
<0382> 目を開けた。;;;<0382> J'ouvris les yeux.
<0383> 神奈の顔が真正面にあった。;;;<0383> Le visage grave de Kanna était juste devant le mien.
<0384> \{柳也}「…だれも、殺さなかったぞ」;;;<0384> ... Je n'ai tué... personne.
<0385> \{神奈}「柳也どの、無事かっ」;;;<0385> Ryuuya-dono ! Vous allez bien ?!
<0386> \{柳也}「見た目ほどの怪我じゃない」;;;<0386> Ma blessure n'est pas aussi grave qu'elle en a l'air.
<0387> \{柳也}「心配、するな…」;;;<0387> Ne t'inquiète pas... pour moi...
<0388> 自分の言葉とはうらはらに、血の気が引いていくのがわかる。;;;<0388> J'ai beau dire ça, je sens bien le sang quitter mon visage.
<0389> そうだ、こんなことをしている場合ではないのだ。;;;<0389> C'est vrai. Ce n'est pas le moment.
<0390> \{柳也}「手当ては、あとでいい…」;;;<0390> Vous me soignerez plus tard...
<0391> \{柳也}「逃げろ。とどめを刺してあるわけじゃ、ないんだ…」;;;<0391> Fuyez. Je ne les ai pas achevés...
<0392> 二人の僧兵が、すぐ向こうの地面に転がっている。;;;<0392> Les deux moine-guerriers étaient étendus par terre, un tout petit peu plus loin.
<0393> 今にもむくりと動き出すような気がした。;;;<0393> Ils semblaient prêts à se relever d'un instant à l'autre.
<0394> \{裏葉}「神奈さま、お手をお貸しくださいっ」;;;<0394> Kanna-sama, s'il vous plait, aidez-moi !
<0395> 裏葉が着物の袖をまくった。;;;<0395> Uraha retroussa les manches de son kimono.
<0396> 神奈もそれにならう。;;;<0396> Kanna fit de même.
<0397> 二人の指が、俺の狩衣の襟にかけらた。;;;<0397> Leurs doigts vinrent se poser sur le col de ma tunique.
<0398> 女手ふたつで、ずるずると引きずられていく俺。;;;<0398> Traîné par terre par deux femmes...
<0399> かなり情けないぞ…;;;<0399> Quelle indignité...
<0400> \{柳也}「馬鹿、俺はあとでいいって…」;;;<0400> Imbéciles... Je vous ai dit de faire ça plus tard...
<0401> 年長の僧兵が、必死に体を起こそうとしているのが見えた。;;;<0401> Je vis que le moine-guerrier le plus âgé était en train d'essayer de se relever, non sans peine.
<0402> \{僧兵}「…待てっ、そこより先には行かせぬっ」;;;<0402> ... Attendez ! Je ne peux pas vous laisser continuer !
<0403> 俺に向かって、何かを必死に呼びかけている。;;;<0403> Il criait désespérément quelque chose dans notre direction.
<0404> \{僧兵}「八百比丘尼を解き放つ気か？…」;;;<0404> Vous comptez libérer Yaobikuni...?
<0405> また『やおびくに』か。;;;<0405> Encore ce 'Yaobikuni' ?
<0406> 何のことだよ、それは。;;;<0406> Qu'est-ce que c'est que ce truc ?
<0407> \{僧兵}「ぬしらも、無事ではすまぬのだぞ…」;;;<0407> Vous ne vous en tirerez pas indemnes...
<0408> とっくに無事ではすんでないさ…;;;<0408> Mais je ne suis déjà plus indemne...
<0409> そこで、気が遠くなった。;;;<0409> C'est à ce moment-là que je perdis connaissance.
<0410> 羽音が聞こえた。;;;<0410> J'entends un battement d'ailes.
<0411> 輝く翼を広げた鳥。;;;<0411> Un oiseau a déployé ses ailes radieuses.
<0412> ふわりと舞いあがる。;;;<0412> Il s'envole délicatement.
<0413> 俺を残して。;;;<0413> Me laissant derrière.
<0414> 決してたどりつけない所。;;;<0414> Partant pour une destination inaccessible.
<0415> はるかな高みへ。;;;<0415> Très loin, très haut.
<0416> 俺は後を追おうとして…;;;<0416> J'essaie de le suivre...
<0417> そして、夢だと気づいた。;;;<0417> ... et je réalise que je suis en train de rêver.
<0418> ゆっくりと目を開いた。;;;<0418> J'ouvre doucement les yeux.
<0419> 深い森の中だった。;;;<0419> Je suis au cœur de la forêt.
<0420> さやさやと鳴る梢。;;;<0420> Les branches bruissent doucement.
<0421> たなびく霞（かすみ）に、陽光がけむっている。;;;<0421> Le soleil brille de manière indistincte à travers la brume.
<0422> 辺りは静まりかえっている。;;;<0422> Le silence est absolu.
<0423> 清浄な空気の芯に、かすかに水の匂いがする。;;;<0423> Dans l'air pur, je perçois une infime odeur d'eau. 
<0424> ここは…;;;<0424> Cet endroit...
<0425> 極楽浄土、というやつだろうか？;;;<0425> Serait-ce qu'on appelle le paradis ?
<0426> 人の気配はない。;;;<0426> Pas le moindre signe de présence humaine...
<0427> \{裏葉}「お目覚めでございますか」;;;<0427> Êtes-vous réveillé ?
<0428> \{柳也}「………」;;;<0428> .........
<0429> 人じゃないのか、こいつは。;;;<0429> Elle compte comme un humain, elle ?
<0430> \{柳也}「おはよう」;;;<0430> Salut.
<0431> やわらかな草の上に、俺は体を横にして寝かされていた。;;;<0431> J'étais par terre, allongé sur l'herbe tendre.
<0432> じくじくする痛みが背中を這いまわっていた。;;;<0432> Une douleur lancinante parcourait mon dos.
<0433> そうか。;;;<0433> Ah, oui.
<0434> 僧兵に斬られたんだった。;;;<0434> Un moine-guerrier m'avait tranché.
<0435> 裏葉と神奈に、ここまで引きずられて…;;;<0435> Uraha et Kanna m'avaient tiré jusqu'ici.
<0436> \{柳也}「…血の痕（あと）は消したかっ？」;;;<0436> ... Vous avez effacé les traces de sang ?!
<0437> \{裏葉}「はあ」;;;<0437> Plaît-il ?
<0438> きょとんとした顔で、こちらを見返す。;;;<0438> Elle m'adressa un regard hébété.
<0439> \{柳也}「追っ手に血をたどられたら…」;;;<0439> Si nos poursuivants remontent les traces de sang.
<0440> 上体を起こそうとしたとたん、激痛が走った。;;;<0440> J'essaye de me redresser, mais mon corps est transpercé par une douleur intense.
<0441> \{柳也}「あつっ」;;;<0441> Aïe !
<0442> \{裏葉}「ご無理をなさらずに」;;;<0442> Ne vous forcez pas.
<0443> \{裏葉}「まだ傷が閉じたばかりです」;;;<0443> Votre blessure vient à peine de se fermer.
<0444> \{柳也}「しかし…」;;;<0444> Mais...
<0445> \{裏葉}「ここなら心配はございません」;;;<0445> Vous n'avez pas besoin de vous inquiéter pour le moment.
<0446> \{裏葉}「すでに結界を越えております」;;;<0446> Nous avons déjà franchi le kekkai.
<0447> 昨夜の斬り合いが、断片として頭に戻ってきた。;;;<0447> Les combats de la nuit derrière me revinrent en mémoire par fragments.
<0448> 『ぬしは神奈備命を追え。結界を越えられたら終（しま）いぞ』;;;<0448> Poursuis Kannabi no Mikoto. Si elle franchit le kekkai, il sera trop tard !
<0449> 僧兵さえ、ここには入れないということか。;;;<0449> Donc même les moine-guerriers ne peuvent venir jusqu'ici.
<0450> あらためて自分のなりを見てみた。;;;<0450> Je pris le temps de m'inspecter :
<0451> 狩衣は脱がされていた。;;;<0451> On a défait ma tunique.
<0452> 上体に真っ白な布が幾重にも巻かれている。;;;<0452> La moitié supérieure de mon corps est recouverte de plusieurs couches de charpie.
<0453> 慎重に体を起こした。;;;<0453> Je me redressai prudemment.
<0454> 首を巡らすと、木々の向こうになだらかな山陵があった。;;;<0454> Je tournai la tête, et distinguai une montagne aux pentes douces derrière les arbres.
<0455> 山頂の近くで、なにかが光ったように見えた。;;;<0455> Quelque chose brillait près du sommet.
<0456> \{裏葉}「神奈さまの母君は、あそこにおられます」;;;<0456> La mère de Kanna-sama se trouve là-bas.
<0457> 俺の視線を追って、裏葉が静かに言った。;;;<0457> dit doucement Uraha en suivant mon regard.
<0458> \{柳也}「なぜそう思う？」;;;<0458> Qu'est-ce qui te fait dire ça ?
<0459> \{裏葉}「勘でございます」;;;<0459> Mon intuition.
<0460> しれっとした顔で言う。;;;<0460> répondit-elle le visage impassible.
<0461> \{柳也}「そうか」;;;<0461> Si tu le dis.
<0462> \{柳也}「裏葉の勘はいつもたしかだからな」;;;<0462> Ton intuition ne s'est jamais trompée.
<0463> それ以上深く尋ねるのはやめておいた。;;;<0463> Je décidai de ne pas la questionner davantage.
<0464> \{柳也}「神奈は？」;;;<0464> Où est Kanna ?
<0465> \{裏葉}「泉で水を汲んでおられます」;;;<0465> Kanna-sala est partie chercher de l'eau à la source.
<0466> \{柳也}「泉？」;;;<0466> Il y a une source ?
<0467> \{裏葉}「あちらにございます」;;;<0467> Par là.
<0468> 地面を探ると、右側に俺の太刀があった。;;;<0468> Je tâtai le sol et trouvai mon sabre posé à ma droite.
<0469> 鞘ごと杖にして、立ちあがる。;;;<0469> Employant mon fourreau comme canne, je me relevai.
<0470> 裏葉が手を貸そうとしたが、手を振って断った。;;;<0470> Uraha voulut m'aider, mais je lui fis signe d'arrêter.
<0471> \{柳也}「大したことはないさ」;;;<0471> Je ne vais pas si mal.
<0472> 痛みに歪みそうになる顔を、あわてて笑顔にする。;;;<0472> Mon visage était à deux doigts de se tordre de douleur, mais je forçai un sourire.
<0473> 指、手首、腕、脚、どこも普通に動かせる。;;;<0473> Mes doigts, mes poignets, mes bras, mes pieds... Tout bouge normalement.
<0474> 背骨の髄（ずい）に刃は受けていない。;;;<0474> Le coup n'avait pas atteint la moelle.
<0475> 傷口さえ開かなければ、どうにか歩けそうだ。;;;<0475> Tant que la blessure ne s'ouvrait pas, je devrais à peu près réussir à marcher.
<0476> \{裏葉}「柳也さま、泉で傷口を清めた方がよろしいかと」;;;<0476> Ryuuya-sama, peut-être serait-il préférable que vous nettoyiez votre blessure à la source ?
<0477> \{柳也}「手伝ってくれるか？  手取り足取りって感じで」;;;<0477> Tu m'y aiderais ? Et tout doucement, d'accord ?
<0478> \{裏葉}「ご自分でどうぞ」;;;<0478> Veuillez y aller seul.
<0479> つれない返事が返ってきた。;;;<0479> répondit-elle froidement.
<0480> \{柳也}「これでも一応、怪我人なんだがな」;;;<0480> Tu sais, je suis blessé, hein...
<0481> \{裏葉}「わたくしは衣（ころも）をつくろっておきますので」;;;<0481> C'est que j'ai des habits à repriser.
<0482> 見ると、裏葉は俺の狩衣を膝の上に広げていた。;;;<0482> Je vis alors que ma tunique était étendue sur ses genoux.
<0483> 背中と袖の布地がばっくりと裂けてしまっていた。;;;<0483> Le tissu du dos et des manches était complètement déchiré.
<0484> \{裏葉}「上等な仕立てが、こんなになってしまって…」;;;<0484> Une confection si raffinée, réduite à cela...
<0485> \{柳也}「衣にはやさしいんだな」;;;<0485> Quels égards pour des vêtements...
<0486> \{裏葉}「衣の破れ目は、放っておいてもふさがりませんので」;;;<0486> Ces trous ne se refermeront pas d'eux-mêmes.
<0487> \{柳也}「………」;;;<0487> .........
<0488> 泉はすぐ近くにあった。;;;<0488> La source n'était pas bien loin.
<0489> 木々に隠された鏡のように、水面が空を映していた。;;;<0489> Tel un miroir caché dans les arbres, la surface de l'eau reflétait le ciel.
<0490> そのほとりに、神奈は立っていた。;;;<0490> Kanna se tenait sur la berge.
<0491> \{神奈}「あっ…」;;;<0491> Ah...!
<0492> 俺に駈け寄ろうとして、ためらったのがわかった。;;;<0492> Elle hésita, ne sachant pas si elle devait courir à ma rencontre.
<0493> \{柳也}「元気そうだな」;;;<0493> T'as l'air en forme.
<0494> 俺が近づくと、小声で訊いてきた。;;;<0494> M'étant rapproché, elle me demanda d'une petite voix :
<0495> \{神奈}「もう歩いてよいのか？」;;;<0495> Vous arrivez déjà à marcher ?
<0496> \{柳也}「傷口を洗いに来ただけだ」;;;<0496> Je suis juste venu nettoyer la plaie.
<0497> \{神奈}「余でよければ、手伝うぞ」;;;<0497> Si cela ne vous dérange pas, je peux vous y assister.
<0498> \{柳也}「いや、一人でできる」;;;<0498> Nan, je peux le faire tout seul.
<0499> 袴のまま、泉に歩み入る。;;;<0499> Sans défaire mon hakama, je marchai dans la source.
<0500> 水は痛いほどに冷たく、膝までの深さがあった。;;;<0500> L'eau glaciale m'arrivait jusqu'aux genoux.
<0501> 凍み入るような感触が、起き抜けの頭をひきしめてくれる。;;;<0501> Une sensation glaçante parcourut mon corps, réveillant mon esprit encore assoupi.
<0502> \{柳也}「裏葉のところにもどれ。傷口を洗ってる間は太刀が使えないから」;;;<0502> Retourne voir Uraha. Je ne peux pas manier le sabre pendant que je nettoie ma plaie.
<0503> 俺がそう言っても、神奈は岸辺を離れようとしなかった。;;;<0503> En dépit de mes consignes, Kanna ne quitta pas la berge.
<0504> \{神奈}「殿方も、人前で肌をさらすのは恥ずかしいものなのか？」;;;<0504> Vous aussi, exposer votre corps dénudé vous embarrasse ?
<0505> \{柳也}「そりゃ恥ずかしいさ」;;;<0505> Bien sûr que ça m'embarrasse.
<0506> 恥ずかしいわけではなく、神奈には傷口を見せたくなかった。;;;<0506> Non, ça ne me faisait pas honte. Je ne voulais simplement pas qu'elle vît ma blessure.
<0507> 背中に刻まれた刀傷は他にもいくつかある。;;;<0507> Ce n'était pas la seule estafilade que comptait mon dos.
<0508> すべて戦場から逃げ出す時に受けたものだ。;;;<0508> Chacune m'avait été infligée pendant que je fuyais un champ de bataille.
<0509> …やっぱり俺も恥ずかしいだけか。;;;<0509> ... Finalement, je crois que je suis quand même embarrassé.
<0510> \{神奈}「そうなのか」;;;<0510> Ah bon ?
<0511> \{神奈}「余と同じよの…」;;;<0511> Tout comme moi...
<0512> うつむき加減につぶやいてから、ふっと顔を上げた。;;;<0512> marmona-t-elle la tête la tête baissée, avant de la relever brutalement.
<0513> \{神奈}「柳也どの」;;;<0513> Ryuuya-dono.
<0514> \{柳也}「なんだよ、あらたまって」;;;<0514> Quoi, encore ?
<0515> \{神奈}「余は柳也どのに『だれも殺めるな』と命じたが」;;;<0515> Je vous ai ordonné de ne plus ôter de vie, n'est-ce pas...
<0516> \{神奈}「今思えば、あれは余の…」;;;<0516> Maintenant que j'y pense, cet ordre, c'était une...
<0517> \{柳也}「それ以上は言うな」;;;<0517> Arrête-toi là.
<0518> 『不殺の誓いは、余の過ちであった』;;;<0518> Cet ordre, c'était une erreur de ma part.
<0519> その言葉だけは、言わせたくなかった。;;;<0519> Je ne voulais pas l'entendre prononcer ces mots.
<0520> 『人を殺してもかまわない』なんて、この少女にだけは絶対に言わせたくなかった。;;;<0520> Je ne voudrais jamais que cette fille me dise que tuer est une option.
<0521> たとえそのために、俺が傷を重ねることになっても。;;;<0521> Et ce, même si le prix à payer est de nouvelles cicatrices.
<0522> \{柳也}「昨夜はちょっと油断しただけだ。次からはちゃんと…」;;;<0522> Cette nuit, j'ai été négligent, c'est tout. La prochaine fois, c'est sûr...
<0523> \{神奈}「強がりを申すな！」;;;<0523> Arrêtez de jouer au dur !
<0524> 叫ぶと同時に、神奈はなぜか瞳を見開いた。;;;<0524> Allez savoir pourquoi, mais ses yeux s'écarquillèrent en même temps qu'elle cria.
<0525> 自分の語勢の激しさに、自分で驚いているように見えた。;;;<0525> Elle sembla surprise par l'intensité de sa propre voix.
<0526> \{神奈}「いや、すまぬ」;;;<0526> Non, veuillez m'excuser.
<0527> \{神奈}「ただな。余は…」;;;<0527> Toutefois, je...
<0528> \{神奈}「…社殿を出た晩のことを覚えておるか？」;;;<0528> ... Vous rappelez-vous la nuit durant laquelle nous sommes partis du sanctuaire ?
<0529> \{柳也}「ああ」;;;<0529> Ouais.
<0530> \{神奈}「あの折、先に言いつけを破ったのは余の方であった」;;;<0530> Cette nuit-là, je fus la première à briser ma parole.
<0531> \{柳也}「そのことはもういいさ」;;;<0531> C'est du passé, n'en parlons plus.
<0532> \{神奈}「あの時は、柳也どのが殺されてしまうと思うたのだ」;;;<0532> Cette nuit-là, j'ai pensé que vous alliez vous faire tuer.
<0533> \{神奈}「だがな、今は…」;;;<0533> C'est pourquoi, maintenant...
<0534> \{神奈}「…あの時とは、ちがう心持ちなのだ」;;;<0534> ... Je n'ai plus la même mentalité que cette nuit-là.
<0535> \{神奈}「これは主として申しておるのではないぞ」;;;<0535> Je veux vous ordonner, en tant que maître.
<0536> \{神奈}「余は…」;;;<0536> Je...
<0537> \{神奈}「………」;;;<0537> .........
<0538> \{神奈}「なんと申せばいいのか、よくわからん」;;;<0538> Je ne sais pas comment le formuler exactement.
<0539> \{神奈}「ただな、ただ…」;;;<0539> Mais, mais...
<0540> \{神奈}「柳也どのに死なれたら、余は…」;;;<0540> Si jamais vous mouriez, je...
<0541> \{神奈}「余は…」;;;<0541> Je...
<0542> そこから先に、言葉は進めない。;;;<0542> Elle ne finit jamais sa phrase.
<0543> 水の中に立っていると、あどけない顔がちょうど正面にある。;;;<0543> Je me tenais debout dans l'eau de la source, et son visage innocent était juste devant moi.
<0544> 波紋のように揺らぐ瞳に、俺は笑いかけてやった。;;;<0544> Je ne pus m'empêcher de sourire en voyant ses yeux trembler à la manière d'ondelettes à la surface de l'eau.
<0545> \{柳也}「俺が死なないようにするなんて、簡単さ」;;;<0545> Donc tu veux que je ne meure pas ? Rien de plus simple.
<0546> \{柳也}「神奈が俺に『死ぬな』と命じればいい」;;;<0546> Tu n'as qu'à me donner l'ordre : 'ne meurs pas'.
<0547> \{柳也}「俺は忠臣だからな」;;;<0547> Je suis ton fidèle serviteur.
<0548> \{柳也}「主の言いつけは何でも守るぞ」;;;<0548> Qu'importent tes commandements, je m'y tiendrai.
<0549> \{神奈}「では、余はおぬしに命ずる…」;;;<0549> Eh bien, par la suivante, je vous ordonne...
<0550> いつもの調子で言いかけ、途中で止めた。;;;<0550> Elle commença à énoncer la phrase habituelle, puis s'interrompit à mi-chemin.
<0551> 何かを考える。;;;<0551> Elle réfléchissait.
<0552> そして、ゆっくりとこう言いかえた。;;;<0552> Elle reprit, cette fois plus lentement :
<0553> \{神奈}「これは命ではなく、余の願いである」;;;<0553> Ce n'est pas un ordre, mais mon souhait.
<0554> \{神奈}「柳也どの」;;;<0554> Ryuuya-dono.
<0555> \{神奈}「死なないでほしい」;;;<0555> S'il vous plait, ne mourrez pas.
<0556> \{柳也}「ああ」;;;<0556> J'essaierai.
<0557> \{柳也}「約束する」;;;<0557> Je te le promets.
<0558> 主従の誓いではない。;;;<0558> Ce n'était pas un serment passé entre un maître et son servant.
<0559> 神奈の心からの願い。;;;<0559> C'était son souhait, et il venait du fond de son cœur.
<0560> 俺と神奈が交わした、はじめての約束。;;;<0560> La première promesse que nous échangeâmes.
<0561> これは…なんだろう？;;;<0561> Qu'est-ce... Qu'est-ce que cette sensation ?
<0562> ずっと昔に忘れたと思っていた、温かく包まれるような感覚。;;;<0562> Je fus pris d'une sensation chaleureuse et réconfortante que je croyais avoir oubliée depuis fort longtemps.
<0563> それは俺の中で、常に闇と隣り合ってきた…。;;;<0563> Une sensation qui avait toujours subsisté, coexistant avec l'obscurité en moi...
<0564> と、神奈がぼそっと言った。;;;<0564> C'est alors que Kanna murmura :
<0565> \{神奈}「なにか、話せ」;;;<0565> Dites quelque chose.
<0566> \{柳也}「はっ？」;;;<0566> Hein ?
<0567> \{神奈}「間が持たぬではないか…」;;;<0567> On dirait que vous avez perdu votre langue...
<0568> うつむき加減のまま、怒ったように言う。;;;<0568> dit-elle fâchée, la tête légèrement baissée.
<0569> \{柳也}「そうか、なら…」;;;<0569> Ah bon ? Eh bien...
<0570> \{柳也}「つまらない話だけど、聞いてくれるか？」;;;<0570> J'ai une histoire à te raconter, du genre barbante. Tu veux l'entendre ?
<0571> \{神奈}「なんなりと申せ」;;;<0571> Dites toujours.
<0572> いつもの笑顔に導かれて、俺は話しはじめた。;;;<0572> Invité par son sourire habituel, je pris la parole :
<0573> \{柳也}「俺は親の顔を知らない」;;;<0573> Je ne me souviens pas du visage de mes parents.
<0574> \{神奈}「…なにゆえに？」;;;<0574> ... Pourquoi cela ?
<0575> \{柳也}「たぶん、捨てられたんだろうな」;;;<0575> Ils m'ont abandonné, ou quelque chose comme ça.
<0576> \{柳也}「道端で泣いてたところを、雲水に拾われたんだ」;;;<0576> Un unsui m'a trouvé qui pleurait au bord du chemin, et m'a pris avec lui.
<0577> 言葉にしてみると、それはひどく色褪せて感じられた。;;;<0577> À voix haute, ça semblait terriblement distant.
<0578> 神奈はしばらく無言だったが、やがてそっと訊いてきた。;;;<0578> Kanna resta muette quelque temps, puis me demanda :
<0579> \{神奈}「雲水とはなんだ？」;;;<0579> Qu'est-ce qu'un 'unsui' ?
<0580> \{柳也}「旅の坊主のことさ」;;;<0580> C'est un bonze itinérant.
<0581> \{柳也}「行脚僧（あんぎゃそう）って言えば聞こえはいいけど、乞食みたいなもんだ」;;;<0581> On les appelle 'pélerins', mais ce ne sont ni plus ni moins que des mendiants.
<0582> \{柳也}「二人きりで、色々な土地を旅した…」;;;<0582> À deux, nous avons voyagé dans toutes sortes d'endroits...
<0583> 育ての親、と言えるほどの存在ではない。;;;<0583> Je n'irais pas jusqu'à l'appeler mon 'père adoptif'.
<0584> ただ厳しい人だった、としか覚えていない。;;;<0584> Je me souviens seulement qu'il était sévère.
<0585> どうして俺を助けてくれたのかもわからない。;;;<0585> Pourquoi m'avait-il sauvé ? Je n'en sais rien.
<0586> 経を唱える時以外、無駄口はいっさい開かなかった。;;;<0586> À l'exception de la récitation de sutras, c'était un homme de peu de mots.
<0587> 法名（ほうみょう）さえ、最期まで教えてもらえなかった。;;;<0587> Il ne m'a même pas révélé son nom posthume avant de me quitter.*
<0588> \{柳也}「俺が五つかそこらの夏だ」;;;<0588> C'était durant l'été de mon cinquième anniversaire :
<0589> \{柳也}「峠道で山賊に襲われてさ」;;;<0589> On s'est fait attaquer par des bandits alors qu'on passait une montagne.
<0590> \{柳也}「雲水は一太刀で殺された」;;;<0590> Il est mort en un coup de sabre.
<0591> 神奈が瞳を見開いた。;;;<0591> Kanna écarquilla les yeux.
<0592> 激しい風が吹き渡り、泉の水面を乱していった。;;;<0592> Un vent furieux passa, troublant la surface de l'eau.
<0593> \{柳也}「その雲水は、斬られたあとも祈ってたよ」;;;<0593> Après avoir été frappé, le bonze s'est immédiatement mis à prier :
<0594> \{柳也}「『自分を殺す者が浄土に行けますように』ってさ」;;;<0594> Que l'homme qui m'a tué puisse aller au paradis.
<0595> \{柳也}「それでいて自分は、血まみれになって死んだ」;;;<0595> Puis il est mort, recouvert de son propre sang.
<0596> \{柳也}「『刀の錆にするほどもない』って、俺は殺されなかったけどな…」;;;<0596> Les bandits ne m'ont pas tué. Ils ont dit que ça ne valait pas la peine de 'rouiller leurs sabres'
<0597> そして俺は、また道端に見捨てられた。;;;<0597> Ainsi, je m'étais de nouveau retrouvé abandonné en bord de route.
<0598> 殺される価値さえない、ちっぽけな子供だった。;;;<0598> Un enfant sans importance. Même le tuer ne présentait aucun intérêt.
<0599> あれからずっと、俺はひとりだった。;;;<0599> Depuis ce jour, j'ai toujours été seul.
<0600> 生き抜くためならなんでもやった。;;;<0600> Je faisais tout ce qui était en mon pouvoir pour survivre.
<0601> 太刀を盗み、戦に加わった。;;;<0601> J'ai volé un sabre, puis j'ai participé à des guerres.
<0602> 人も殺した。;;;<0602> J'ai tué des hommes.
<0603> 祈りが神に届くなんて、考えたこともなかった。;;;<0603> Pas une seule fois ai-je pensé que les dieux étaient sensibles à nos prières.
<0604> 目の前にいる、この少女に出会うまでは。;;;<0604> ... Jusqu'à ce que je rencontre la fille qui me fait face actuellement.
<0605> 神奈はただすんなりとたたずみ、俺のことを見つめていた。;;;<0605> Kanna se tenait là, immobile, et me regardait, c'est tout.
<0606> そして、こう言った。;;;<0606> Enfin, elle parla :
<0607> \{神奈}「その山賊はさぞ悔やんだであろうな」;;;<0607> Ce bandit a certainement regretté son geste.
<0608> \{柳也}「へっ？」;;;<0608> Hein ?!
<0609> \{神奈}「立派な高僧を殺めてしまったのだから、悔やむのが当然であろ？」;;;<0609> Après avoir tué un bonze aussi vertueux, on ne peut qu'avoir des remords, non ?
<0610> \{柳也}「立派な高僧だったかは、かなり怪しいけどな」;;;<0610> 'Vertueux', ça, j'en doute.
<0611> \{神奈}「なにを怪しむことがある？」;;;<0611> Qu'est-ce qui vous fait douter ainsi ?
<0612> \{神奈}「雲水どのの祈りが通じたからこそ、山賊は柳也どのを殺さなかったのではないか」;;;<0612> Vous n'avez pas été tué. N'est-ce point la preuve que les prières de cet unsui ont été exaucées ?
<0613> \{柳也}「いや…」;;;<0613> Nan...
<0614> 説明しようとして、思わずたじろいだ。;;;<0614> Je voulus lui expliquer, mais je me sentis hésiter.
<0615> 神奈の瞳が深い。;;;<0615> Je me noyais dans ses yeux.
<0616> つむぎだす言葉に、一片の疑いも持っていない者の瞳。;;;<0616> Dans les yeux de quelqu'un qui ne nourrissait pas le moindre doute.
<0617> \{柳也}「そうか…」;;;<0617> Si tu le dis...
<0618> 思いもかけない感情が、闇の奧を照らすのを感じた。;;;<0618> Je sentis des émotions que je n'aurais jamais imaginées illuminer les profondeurs des ténèbres en moi.
<0619> そうだ。;;;<0619> Ah, oui...
<0620> 間違っていたのは、俺の方かもしれない。;;;<0620> Peut-être m'étais-je trompé.
<0621> あの時俺は、たしかに救われていたのかもしれない、と…;;;<0621> Peut-être m'a-t-il réellement sauvé....
<0622> \{柳也}「もっと早く、それに気づいていればな…」;;;<0622> Pourquoi ne m'en suis-je pas réalisé plus tôt...?
<0623> 知らず、言葉がこぼれ落ちた。;;;<0623> Sans que je m'en rendisse compte, les mots étaient sortis à voix haute.
<0624> \{柳也}「俺はきっと、別の道を歩いてたのに」;;;<0624> J'aurais peut-être pris une autre voie dans la vie.
<0625> \{神奈}「それは困るぞ」;;;<0625> Cela me troublerait.
<0626> \{柳也}「なんで？」;;;<0626> Pourquoi ?
<0627> \{神奈}「それでは余は、柳也どのと逢えぬではないか」;;;<0627> Parce que dans ce cas, je ne vous aurais point rencontré.
<0628> \{柳也}「そうだったな」;;;<0628> Tu marques un point.
<0629> \{柳也}「俺もな、神奈に逢えてよかったと思ってるよ」;;;<0629> Moi aussi, je suis content de t'avoir rencontrée.
<0630> \{神奈}「柳也どの…」;;;<0630> Ryuuya-dono...
<0631> 言葉が途切れる。;;;<0631> Elle ne continua pas sa phrase.
<0632> そのまま黙りこむ。;;;<0632> Elle resta muette.
<0633> 何かを決意したように。;;;<0633> Elle semblait avoir pris une décision.
<0634> きゃしゃな身体が、俺の方に近づいてくる。;;;<0634> Ce corps frêle s'approcha de moi.
<0635> その時はじめて、神奈が素足なのに気づいた。;;;<0635> C'est alors que je remarquai qu'elle était pieds nus.
<0636> ほのかに紅く染まった頬。;;;<0636> Ses joues étaient légèrement teintées de rouge.
<0637> 心なしか、瞳も潤んでいる。;;;<0637> Ses yeux paraissaient quelque peu humides.
<0638> \{神奈}「柳也どの、その、な」;;;<0638> Ryuuya-dono, je... C'est...
<0639> \{神奈}「その…」;;;<0639> C'est...
<0640> \{柳也}「なんだよ？」;;;<0640> C'est quoi ?
<0641> \{神奈}「この続きはどうするのか、ようわからんのだ」;;;<0641> Je ne sais point comment continuer.
<0642> \{神奈}「だからな…」;;;<0642> Et donc...
<0643> \{神奈}「あとの手筈（てはず）は、柳也どのにまかせるぞ」;;;<0643> Je m'en remets à vous.
<0644> \{柳也}「手筈って…」;;;<0644> Tu t'en remets à moi...
<0645> さらさらと、衣が滑る音がした。;;;<0645> J'entendis le frôlement de vêtements que l'on défait.
<0646> 俺の目の前で、神奈は帯をほどき、衣の肩をはだけた。;;;<0646> Devant mes yeux, Kanna défit son obi, exposant ses épaules dénudées.
<0647> そのまま、俺に近づいてくる。;;;<0647> Elle s'approcha de moi.
<0648> 爪先が水面に触れる寸前。;;;<0648> Quand ses orteils furent sur le point de toucher l'eau...
<0649> \{神奈}「あっ…」;;;<0649> Ah...!
<0650> 裾を踏んでしまったらしい。;;;<0650> ... Elle marcha sur le pan de son habit.
<0651> ぺたんとその場に座りこんだ。;;;<0651> Dans un grand 'boum', elle se retrouva assise par terre.
<0652> \{神奈}「恥ずかしいのだ」;;;<0652> C'est embarrassant.
<0653> \{神奈}「はよう、せい」;;;<0653> Dépêchez-vous, allez !
<0654> きゅっと唇をむすぶ。;;;<0654> Ses lèvres se serrèrent.
<0655> 上目づかいに、俺の顔を覗きこむ。;;;<0655> Elle leva les yeux et me dévisagea.
<0656> きめ細やかな肌が、外気にさらされて震える。;;;<0656> Exposée à l'air extérieur, sa peau délicate trembla.
<0657> 育ちきっていない、ふたつの膨らみ。;;;<0657> Deux petites bosses en pleine croissance étaient visibles.
<0658> 背中にあるはずの羽は、まだ隠されている。;;;<0658> Les ailes qui auraient dû se trouver dans son dos étaient encore cachées.
<0659> しかし、清らかな美しさは天の使いそのものだった。;;;<0659> Pourtant, la pureté de sa beauté était digne du Ciel.
<0660> 手を伸ばそうとすると、神奈はびくっと身をそらした。;;;<0660> J'approchai ma main, mais elle fit un bond en arrière.
<0661> \{神奈}「触れる…のか？」;;;<0661> Allez-vous... me toucher ?
<0662> \{柳也}「さわらなきゃ何もできないぞ」;;;<0662> Je peux rien faire si je te touche pas.
<0663> 俺が言うと、観念したように正面を向く。;;;<0663> Ses mots entendus, elle se décida, puis se mit face à moi, résolue.
<0664> その仕草が、むしゃぶりつきたくなるほどに可愛らしい。;;;<0664> Ses gestes étaient adorables au point que je voulais lui sauter dessus.
<0665> 据え膳食わぬは男の恥、というやつだ。;;;<0665> Un homme se doit de manger les assiettes qu'on lui sert, n'est-ce pas ?
<0666> だが、しかし…。;;;<0666> Mais, tout de même...
<0667> \{柳也}「これから俺がどういうことをするか、わかってるか？」;;;<0667> As-tu au moins la moindre idée de ce que je vais te faire ?
<0668> 念のために訊いてみた。;;;<0668> lui demandai-je par acquit de conscience.
<0669> \{神奈}「ばっ、馬鹿にするでないぞ」;;;<0669> N-Ne me prenez pas pour une imbécile.
<0670> \{神奈}「万事こころえておるわ」;;;<0670> Je suis bien consciente de tout ce qui peut arriver.
<0671> …全然こころえてないと見た。;;;<0671> ... Elle n'en avait aucune idée.
<0672> \{柳也}「とりあえず、衣は全部ひっぺがして素っ裸にするぞ？」;;;<0672> Pour commencer, je vais retirer tous tes vêtements et tu seras toute nue, d'accord ?
<0673> \{神奈}「しっ、仕方あるまいの」;;;<0673> I-Il n'y a pas d'autre moyen.
<0674> \{柳也}「撫でたり揉んだりしゃぶったりするぞ？」;;;<0674> Ensuite, je vais te caresser, te peloter, et te lécher, d'accord ?
<0675> \{神奈}「くすぐったいのか？」;;;<0675> Ça risque de chatouiller ?
<0676> \{柳也}「まあ、そうとも言うな」;;;<0676> Bah, sans doute.
<0677> \{神奈}「多少のことは我慢しようぞ」;;;<0677> Si ce n'est que ça, je saurai l'endurer.
<0678> \{柳也}「…我慢されてもそれはそれで嫌なもんだが」;;;<0678> ... Si tu te contentes 'd'endurer', je risque de passer un mauvais moment.
<0679> \{神奈}「でっ、ではどうすればよいのだ？」;;;<0679> Q-Que dois-je donc faire ?
<0680> あられもない姿と途方に暮れた顔が、まったく噛み合っていない。;;;<0680> Son apparence immodeste et son visage désemparé ne s'accordaient pas du tout ensemble.
<0681> \{柳也}「どうすればって言われてもなあ…」;;;<0681> Et maintenant, elle me demande ce qu'elle doit faire...
<0682> \{柳也}「…断っておくが、痛いぞ」;;;<0682> ... Je te préviens, ça va faire mal.
<0683> \{神奈}「なんと、痛いのかっ？」;;;<0683> Pardon ? 'Mal' ?
<0684> \{柳也}「そりゃまあ、最初はな」;;;<0684> Bah, au début, quoi...
<0685> \{神奈}「むぅ…」;;;<0685> Hmm...
<0686> 何やら真剣に考えこんだ後、こう訊いてきた。;;;<0686> Elle prit un moment pour réfléchir, l'air grave, puis me demanda :
<0687> \{神奈}「…『天にも昇る心地』と聞いたのだが、まことではないのか？」;;;<0687> ... J'en ai entendu parler comme d'une 'montée au septième ciel', est-ce une description appropriée ?
<0688> \{柳也}「そりゃ、その道の達人になればな」;;;<0688> Ça, ce sera quand t'auras de l'expérience.
<0689> \{神奈}「やはり修練が必要なのか…」;;;<0689> Forcément, il faut commencer par s'y entraîner...
<0690> \{神奈}「なにやら話がうますぎると思うたのだ」;;;<0690> L'expression sonnait trop belle pour être vraie.
<0691> それはこっちの台詞だっての。;;;<0691> Elle m'ôte les mots de la bouche...
<0692> \{神奈}「して、どのぐらい習えば心地よくなるものなのだ？」;;;<0692> Soit. Combien de temps dois-je envisager avant que je m'y sente à mon aise ?
<0693> 男にそれを聞いてどうするよ？;;;<0693> Comment peut-elle demander ça à un homme...?
<0694> 考えてみれば、色恋にかけては神奈は呆れるほどに奥手かつ無知だ。;;;<0694> Maintenant que j'y réfléchis, l'ignorance de Kanna en matière de chair est stupéfiante.
<0695> 自分から男を誘えるはずがないのだ。;;;<0695> Elle ne me paraît pas du genre à prendre les devants avec les hommes.
<0696> となれば。;;;<0696> Mais si elle en est arrivée à ce stade...
<0697> 入れ知恵をした達人がいるに決まっている。;;;<0697> ... c'est que quelqu'un de plus expérimenté lui en a soufflé l'idée.
<0698> \{柳也}「『天にも昇る心地』ってのは、だれに聞いたんだ？」;;;<0698> Qui t'a parlé de 'monter au septième ciel' ?
<0699> \{神奈}「むろん、裏葉にだぞ」;;;<0699> Uraha, évidemment.
<0700> あっさり黒幕の名前を吐いたな。;;;<0700> Ainsi fut révélée l'identité de celle qui tirait els ficelles...
<0701> \{柳也}「どう聞いたか、全部話してみろよ」;;;<0701> Qu'a-t-elle raconté ? Je veux tout savoir.
<0702> \{神奈}「うむ…」;;;<0702> Hmm...
<0703> \{神奈}「実はな、昨夜、裏葉に話したのだ」;;;<0703> En vérité, j'ai conversé avec uraha, cette nuit.
<0704> \{神奈}「もしも柳也どのが死ぬようなことがあれば、余も生きてはゆけまいぞ、と」;;;<0704> Je lui ai dit que si jamais vous veniez à mourir, je ne pourrais plus vivre.
<0705> \{柳也}「………」;;;<0705> .........
<0706> \{神奈}「むろん、護衛がいなくなるからではないぞ」;;;<0706> Il va de soi que cela ne signifie point que je ne puisse vivre en l'absence de garde du corps.
<0707> \{神奈}「その、余にとって、柳也どのというのは…」;;;<0707> Parce que pour moi, vous...
<0708> \{神奈}「………」;;;<0708> .........
<0709> \{柳也}「とにかく、俺の身を案じてくれていたわけだな」;;;<0709> En gros, tu te faisais du mauvais sang pour moi.
<0710> \{神奈}「うむ」;;;<0710> En effet.
<0711> \{神奈}「余が打ち明けると、裏葉はこう申した」;;;<0711> Après que je me sois confié à Uraha, celle-ci a tenu les propos suivants :
<0712> \{神奈}「身分や立場を忘れ、柳也どのに素直な心持ちを告げてみろと」;;;<0712> Je dois oublier mon statut et notre relation hiérarchique, et vous confier franchement ce que je ressens pour vous.
<0713> \{柳也}「そこまではまともな忠告だな」;;;<0713> Jusque-là, c'est un conseil plutôt avisé.
<0714> \{神奈}「なおその際、決して『うつけ』とか『痴れ者』とは呼んではならんと」;;;<0714> En outre, je devrais cesser de vous traiter 'd'imbécile' ou 'd'abruti'.
<0715> \{柳也}「なにを今さらって感じだけどな」;;;<0715> Ça fait un peu tard pour te le dire.
<0716> \{神奈}「首尾よくゆけば、柳也どのは昔のことを語り出すから、だまって聞くようにと」;;;<0716> Enfin, si tout se passait bien, vous évoqueriez votre passé et je devrais alors vous écouter sans mot dire.
<0717> \{柳也}「…なんでわかったんだよ？」;;;<0717> ... Comment y a-t-elle pensé ?
<0718> \{神奈}「『殿方というのは、好いた女人には必ず昔語りをするものでございます』と申しておったぞ」;;;<0718> Uraha m'a confié que 'les hommes ne peuvent s'empêcher d'évoquer leur passé en présence des femmes qui leur plaisent'.
<0719> \{柳也}「………」;;;<0719> .........
<0720> 完璧に読まれているだけに、ものすごく悔しい。;;;<0720> Qu'on lise en moi comme un livre ouvert n'est pas franchement agréable...
<0721> \{神奈}「柳也どのの話がおわったら、おもむろに衣の前をはだける」;;;<0721> Puis, une fois votre histoire achevée, je devrais m'empresser de défaire mes habits.
<0722> \{神奈}「この時、胸乳がもろには見えぬぐらいにするのが肝要だとか」;;;<0722> À ce moment-là, il serait essentiel que ma gorge ne soit point trop exposée.
<0723> こまかな演技指導までつけてるし。;;;<0723> Elle a même reçu des conseils détaillés sur son jeu d'acteur...
<0724> \{神奈}「あとは柳也どのにまかせれば万事うまくゆく、とのことだったが…」;;;<0724> Cela fait, je devrais m'en remettre tout à vous. Du moins, d'après elle...
<0725> \{神奈}「どこか、まちがっておったか？」;;;<0725> Ai-je commis une erreur quelque part ?
<0726> 裏葉に訊いた時点で、すでに致命的にまちがっている。;;;<0726> 'Quelque part' ? C'est lorsque tu as posé la question à Uraha que tu as commis une erreur fatale...
<0727> \{神奈}「とすると…」;;;<0727> À moins que...
<0728> \{神奈}「柳也どのは男色が好みであったか」;;;<0728> À moins que vous ne préfériez les hommes ?
<0729> \{柳也}「ちょっと待てっ！」;;;<0729> Hé, oh !!
<0730> \{神奈}「ちがうのか？  では…」;;;<0730> Je me trompe ? Dans ce cas...
<0731> \{神奈}「おお、そうだ」;;;<0731> Ooh, je sais !
<0732> 何かを思い出したのか、ぽんと手を叩く。;;;<0732> Ayant eu une idée, elle se joignit les mains dans un claquement.
<0733> \{神奈}「女好きでも益体（やくたい）なしな殿方もまれにあると…」;;;<0733> N'existe-il pas des hommes dont le corps est incapable de suivre leur passion pour les femmes...?
<0734> \{柳也}「人聞きの悪いことを言うなあっ！」;;;<0734> Ne dis pas de choses aussi horribles !!
<0735> この分では、ほかにもなにを吹きこんだか知れたものではない。;;;<0735> À ce stade, allez savoir quelles autres absurdités on lui avait apprises...
<0736> \{柳也}「まったく、あの女狐め…」;;;<0736> J'te jure, cette vipère...
<0737> 裏葉なら尻尾の二、三本ぐらい生えていてもおかしくない。;;;<0737> Je n'aurais pas été étonné qu'Uraha eût deux ou trois queues dans le dos.*
<0738> \{神奈}「やはり衣をはだけすぎたか…」;;;<0738> J'imagine que je n'aurais pas dû défaire à ce point mes habits...
<0739> \{柳也}「…こいつはまだぶつぶつ言ってるし」;;;<0739> ... Et l'autre qui continue à parler toute seule...
<0740> \{柳也}「………」;;;<0740> .........
<0741> \{柳也}「よし、わかったっ」;;;<0741> Bon, si c'est ce que tu veux !
<0742> \{柳也}「俺も男だってところを見せつけてやるから覚悟しろ」;;;<0742> Je vais te montrer ce que c'est qu'un homme, alors prépare-toi !
<0743> 森中に響きわたるような大声で宣言する。;;;<0743> déclarai-je d'une voix tonitruante qui résonna dans toute la forêt.
<0744> \{神奈}「柳也どの、なにやら目つきがおかしいぞ…」;;;<0744> Ryuuya-dono, vous avez un drôle de regard...
<0745> \{柳也}「誘ってきたのはおまえだぞ、おとなしく俺の毒牙にかかれ」;;;<0745> C'est toi qui m'y as invité, alors tiens-toi tranquille et abandonne-toi à mon venin.*
<0746> \{神奈}「柳也どのには毒があるのか？」;;;<0746> Ryuuya-dono, vous êtes venimeux ?
<0747> \{柳也}「男にはみんなあるんだ」;;;<0747> Tous les hommes le sont.
<0748> \{神奈}「は、初耳だぞ」;;;<0748> J-Je n'en avais jamais entendu parler.
<0749> \{柳也}「実はな、他にもおまえの知らないものが色々とあったりするんだ」;;;<0749> En fait, il y a plein d'autres choses que tu ne sais pas.
<0750> \{神奈}「なっ、なんと…」;;;<0750> Q-Que dites-vous...?
<0751> \{柳也}「手取り足取り胸取り腰取り、たっぷり教えてやるからな」;;;<0751> Je vais tout t'apprendre en détail, de la tête aux pieds, en passant par les seins et les hanches.
<0752> か細い肩にがっちりと両手をかける。;;;<0752> Je posai fermement mes mains sur ses maigres épaules.
<0753> \{神奈}「こら、やっ、やめんかっ…」\shake{0}\shake{0};;;<0753> Hé ! A-Arrêtez...! \shake{0}\shake{0}
<0754> 顔を真っ赤にし、激しく身をよじる。;;;<0754> Son visage avait viré au cramoisi.
<0755> だが、男が本気になれば振りほどけるはずがない。;;;<0755> Trop tard. Impossible d'échapper à un homme suffisamment déterminé.
<0756> \{神奈}「やめよっ…やめっ…」\shake{0}\shake{0}\shake{0}\shake{0};;;<0756> Arrêtez...! Arrê...! \shake{0}\shake{0}\shake{0}\shake{0}
<0757> \{柳也}「やめろと言われてやめる男はいないぞっ」;;;<0757> Un homme qui arrête parce qu'on lui dit d'arrêter, ça n'existe pas.
<0758> 俺はそこで我慢できなくなり…;;;<0758> C'est là que je ne pus me retenir davantage...
<0759> \{柳也}「…裏葉っ、どうせまたその辺に隠れてるんだろ、出てこいっ！」;;;<0759> ... Uraha ! Je sais bien que t'es là ! Sors de ta cachette !!
<0760> 辺りを見回しながら、声を張りあげた。;;;<0760> criai-je tout en inspectant les environs du regard.
<0761> \{裏葉}「お楽しみのところ、失礼いたします」;;;<0761> Veuillez m'excuser de vous interrompre pendant que vous vous amusez.
<0762> \{柳也}「楽しんでたのはおまえだけだっ！」;;;<0762> Y a que toi qui t'amuses ici !!
<0763> \{裏葉}「神奈さま、ご無事でございますか？」;;;<0763> Kanna-sama, vous allez bien ?
<0764> 放心した神奈に走り寄り、てきぱきと衣を着せる。;;;<0764> Uraha alla à la rencontre d'une Kanna hébétée et s'empressa de la rhabiller.
<0765> \{神奈}「…ようわからんが、うまくいかなんだぞ」;;;<0765> ... Il semblerait que tout ne se soit pas passé comme prévu.
<0766> \{裏葉}「あらあらまあまあ。それは残念でございましたね」;;;<0766> Oh là là, oh là là, c'est fort dommage.
<0767> \{柳也}「白々しすぎるぞ」;;;<0767> Tout doux sur le sarcasme...
<0768> 俺のつぶやきを無視して、裏葉は森の奧を手で示しながら言った。;;;<0768> Ignorant mon râlage, Uraha tendit un doigt en direction de la forêt.
<0769> \{裏葉}「あちらに御膳の支度がととのってございます」;;;<0769> Vos repas vous attendent là-bas.
<0770> \{神奈}「そうか。大儀であった」;;;<0770> Très bien. Excellent travail.
<0771> そそくさと歩きだす神奈。;;;<0771> Kanna y partit prestement.
<0772> …あっさり飯に釣られていくわけな？;;;<0772> ... Elle se laisse appâter par un simple repas ?
<0773> \{神奈}「柳也どの」;;;<0773> Ryuuya-dono.
<0774> \{柳也}「なんだ？」;;;<0774> Quoi ?
<0775> \{神奈}「その…」;;;<0775> En fait...
<0776> まだ乱れたままの髪。;;;<0776> Ses cheveux étaient encore en pagaille.
<0777> さっきの余韻が残っているような、ほんのりと上気した頬。;;;<0777> Des traces de cramoisi étaient encore présentes sur son visage.
<0778> \{神奈}「…余は、柳也どのを怒らせてしもうたのか？」;;;<0778> ... Vous ai-je mis en colère ?
<0779> \{柳也}「別に怒ってなんかないさ」;;;<0779> Je ne suis pas particulièrement en colère.
<0780> \{神奈}「ならよいのだが…」;;;<0780> Cela me rassure...
<0781> ほっとしたように頷き、手のひらを胸に添える。;;;<0781> Elle acquiesça d'un air soulagé et posa une main sur sa poitrine.
<0782> その下にある小振りな膨らみを、どうしても思い出してしまう。;;;<0782> Je ne pus m'empêcher de penser aux petites bosses qui se trouvaient là-dessous.
<0783> 勢いにまかせてしまわなかったことを、すこしばかり後悔した。;;;<0783> Je commençais à regretter un tant soit peu de ne pas m'être jeté sur l'opportunité.
<0784> \{裏葉}「ささ、神奈さまお早く」;;;<0784> Allez, allez, Kanna-sama, hâtez-vous.
<0785> \{神奈}「うむ」;;;<0785> Oui.
<0786> 神奈の背を押して去りかけた裏葉に、今度は俺が声をかけた。;;;<0786> Uraha poussa Kanna dans le dos, puis ce fut à mon tour de parler :
<0787> \{柳也}「…裏葉」;;;<0787> ... Uraha.
<0788> \{裏葉}「なんでございましょう？」;;;<0788> Oui ?
<0789> \{柳也}「俺が絶対に手を出さないって踏んでたろ」;;;<0789> Tu étais parfaitement certaine que je n'allais pas poser ma main sur elle, dis-moi ?
<0790> \{裏葉}「分の悪い賭けではございましたが」;;;<0790> Ce pari était risqué, il est vrai.
<0791> \{柳也}「………」;;;<0791> .........
<0792> 二の句のつげない俺と、いつも通りの裏葉。;;;<0792> J'étais abasourdi, mais Uraha était comme à son habitude.
<0793> \{柳也}「…俺ほど人畜無害な男はないぞ」;;;<0793> ... Tu ne trouveras pas d'homme aussi innofensif que moi.
<0794> \{裏葉}「益体なしとも申しますわね」;;;<0794> Vous voulez dire : 'un homme inutile', n'est-ce pas ?
<0795> \{柳也}「やかましいっての」;;;<0795> La ferme.
<0796> 俺たちの会話の意味がわからず、神奈はただきょとんとしている。;;;<0796> Incapable de comprendre le sens de notre conversation, Kanna restait dubitative.
<0797> \{裏葉}「それではお先に」;;;<0797> Sur ce...
<0798> \{裏葉}「これから神奈さまに房事をお教えいたしますので」;;;<0798> Je m'en vais enseigner à Kanna-sama l'étiquette de la chambre à coucher.
<0799> \{柳也}「頼むからやめてくれ」;;;<0799> Je t'en supplie, arrête-toi là.
<0800> \{神奈}「房事とはなんだ？」;;;<0800> Qu'est-ce que 'l'étiquette de la chambre à coucher' ?
<0801> \{柳也}「…おまえも訊くんじゃないっ」;;;<0801> ... Et toi, pose pas de questions !
<0802> 太陽は既に真南を過ぎている。;;;<0802> Le soleil avait passé son zénith.
<0803> 昼下がりの森に、以前ほどの熱気は感じられない。;;;<0803> L'après-midi entamé, la chaleur n'était plus aussi intense qu'auparavant dans la forêt.
<0804> 吹き抜ける風も、秋の気配をたしかに含んでいる。;;;<0804> Le vent qui soufflait là transportait des traces d'arrière-saison.
<0805> 寒蝉（つくつくぼうし）が鳴いている。;;;<0805> Les cigales d'automne chantaient.
<0806> 自分の居所を、空に伝えるように。;;;<0806> Elles semblaient vouloir que le ciel connaisse leur position.
<0807> \{裏葉}「夏も終わりでございますね」;;;<0807> L'été touche à sa fin.
<0808> \{柳也}「そうだな…」;;;<0808> C'est vrai...
<0809> 梢を通して、なだらかな山嶺が霞んでいる。;;;<0809> À travers les cimes des arbres, les montagnes aux pentes douces se fondaient dans la brume.
<0810> 日が落ちたら、三人であの峰に向かう。;;;<0810> Une fois le soleil couché, nous nous mettrions en route vers ces montagnes.
<0811> 神奈は眠っている。;;;<0811> Kanna dormait.
<0812> 裏葉の膝で、すうすうと寝息を立てている。;;;<0812> Profondément, la tête posée sur les genoux d'Uraha.
<0813> 裏葉はたおやかに微笑んでいる。;;;<0813> Uraha souriait doucement.
<0814> 神奈の髪を指で梳きながら、ささやくように言った。;;;<0814> Tout en peignant les cheveux de Kana avec ses doigts, elle murmura :
<0815> \{裏葉}「昨夜は一睡もされませんでしたから…」;;;<0815> Kanna-sama n'a pas fermé l'œil de la nuit.
<0816> \{柳也}「そうなのか？」;;;<0816> Ah bon ?
<0817> \{裏葉}「柳也さまのことが、よほど気がかりだったのでしょう」;;;<0817> Elle devait se faire du souci pour vous.
<0818> \{柳也}「そうか…」;;;<0818> Si tu le dis...
<0819> 神奈の寝顔を見下ろし、言うでもなく言った。;;;<0819> Posant mon regard sur Kanna, endormie, je laissai échapper un commentaire :
<0820> \{柳也}「こうして見れば、なかなかの美姫（びき）なんだけどな」;;;<0820> À la voir comme ça, je me dis qu'elle est plutôt belle.
<0821> とたんに裏葉ににらまれた。;;;<0821> Uraha me lança aussitôt un regard noir.
<0822> \{裏葉}「もとより神奈さまは、とびきりの美姫でございます」;;;<0822> Kanna-sama a toujours été ravissante.
<0823> \{裏葉}「つまらぬ虫が寄る前に、色恋の手管（てくだ）をお仕込みしなければ…」;;;<0823> Il me faut lui enseigner les ficelles de la chair avant que de vulgaires insectes ne commencent à lui tourner autour...
<0824> \{柳也}「だからって俺を練習台に使うことはないだろ」;;;<0824> Ce n'est pas une raison pour que tu te serves de moi pour l'entraîner.
<0825> \{裏葉}「なんのことでございましょう？」;;;<0825> Qu'entendez-vous par là ?
<0826> \{柳也}「真顔でとぼけるなよ」;;;<0826> Ne fais pas l'innocente.
<0827> 神奈はなにも知らず、すうすうと寝息を立てている。;;;<0827> Kanna, ignorante de ces choses-là, dormait paisiblement.
<0828> \{柳也}「こいつはまだ女童（めわらわ）さ」;;;<0828> Ce n'est encore qu'une fillette.
<0829> \{柳也}「人形遊びやお手玉さえ、満足にしたことがなかったんだからな」;;;<0829> Une fillette qui ne s'est pas encore lassée de jouer avec des poupées ou de jongler.
<0830> \{神奈}「う…ん…」;;;<0830> Hm... Mn...
<0831> 寝返りをうとうとしたらしい。神奈が身じろぎした。;;;<0831> Kanna remua légèrement, sans doute désireuse de se retourner dans son sommeil.
<0832> 裏葉は神奈の頭にそっと手を添え、さりげなく膝に乗せなおした。;;;<0832> Uraha posa doucement sa main sur la tête de Kana pour en ajuster la position sur ses genoux.
<0833> 小さな唇が、幸せそうに動いた。;;;<0833> Ses petites lèvres tremblèrent d'allégresse.
<0834> \{神奈}「…ははうえ…」;;;<0834> ... Mère...
<0835> 裏葉はただ、やさしく髪を撫で続けていた。;;;<0835> En silence, Uraha recommença à lui caresser les cheveux.
<0836> 再会の時は近づいていた。;;;<0836> Les retrouvailles étaient pour bientôt.
<0837> そして、別れの時も。;;;<0837> Ensuite, ce sera le moment des adieux.
<0838> 日が落ちて、すぐに出立した。;;;<0838> Nous partîmes sans attendre une fois le soleil couché.
<0839> 雲がある様子もないのに、月は現れなかった。;;;<0839> Pas un nuage n'était visible, mais la lune ne s'était pourtant pas dévoilée.
<0840> それでいて、森の中はほの明るく、山道も苦にはならなかった。;;;<0840> Malgré tout, la forêt était légèrement éclairée et le chemin de montagne ne semblait pas pénible à arpenter.
<0841> 神奈の足は早かった。;;;<0841> Les pas de Kanna étaient pressés.
<0842> 再会に気が急くのだろう。;;;<0842> Elle devait être impatiente de revoir sa mère.
<0843> 傷を負った俺の方が、遅れがちになる始末だった。;;;<0843> En revanche, ma blessure me forçait à taîner le pas.
<0844> そして…;;;<0844> Enfin...
<0845> 俺たちは山頂に着いた。;;;<0845> Nous atteignîmes le sommet.
<0846> 木々の中央に、なにか小山のようなものがあった。;;;<0846> Au milieu des arbres se trouvait une sorte de monticule.
<0847> こけむした石が、人の背丈の倍ほどまで高々と積まれている。;;;<0847> Il s'agissait de pierres que l'on avait empilées. Le monticule recouvert de mousse était haut comme deux hommes.
<0848> かなり古いもののようだった。;;;<0848> Il avait l'air assez ancien.
<0849> \{柳也}「石塚？」;;;<0849> Un monument funéraire ?
<0850> …にしては大きすぎる。;;;<0850> ... Non, trop gros.
<0851> それこそ、中に部屋があってもおかしくない。;;;<0851> Je ne serais pas étonné qu'une pièce se trouve à l'intérieur.
<0852> \{裏葉}「柳也さま、こちらを」;;;<0852> Ryuuya-dono, regardez.
<0853> ひときわ大きな木が、石塚の脇にある森に立っていた。;;;<0853> À côté du monument se trouvait un arbre de taille impressionnante.
<0854> 幹の中央に、顔ほどの大きさの丸いものが結わえつけてある。;;;<0854> Au centre du tronc se trouvait attaché un objet circulaire de la taille d'un visage humain.
<0855> \{柳也}「…鏡？」;;;<0855> ... Un miroir ?
<0856> 裏葉の方を振り向き、尋ねる。;;;<0856> demandai-je en me tournant vers Uraha.
<0857> \{柳也}「なんだと思う？」;;;<0857> Qu'est-ce que ça peut bien être, à ton avis ?
<0858> \{裏葉}「しかとはわかりませんが、いずれ呪法のたぐいでしょう」;;;<0858> Je n'en suis pas certaine, mais il doit s'agir d'une sorte de magie.
<0859> \{神奈}「こちらから入れるぞっ」;;;<0859> On peut entrer par là !
<0860> 石塚の側方から、神奈の声がした。;;;<0860> La voix de Kanna sortit d'un côté du monument.
<0861> \{柳也}「待てっ」;;;<0861> Attends.
<0862> すんでのところで襟首をつかまえた。;;;<0862> Je la saisis par le col, juste à temps.
<0863> 神奈が飛びこもうとしたのは、人ひとりがどうにか通れるほどの穴だった。;;;<0863> Le trou dans lequel Kanna avait voulu sauter était à peine assez grand pour qu'une personne pût s'y faufiler.
<0864> 氷室のような冷気が、黒々とした闇から流れ出してくる。;;;<0864> L'air frigorifique qui se dégageait de ses entrailles ténébreuses évoquait une glacière
<0865> \{柳也}「まず、俺が様子を…」;;;<0865> D'abord, laisse-moi y jeter un œil.
<0866> 言いかけたとたんに、きびしい声が飛んだ。;;;<0866> Une voix implacable m'interrompit :
<0867> \{神奈}「ならぬ」;;;<0867> Non.
<0868> \{神奈}「昼間、申したであろ」;;;<0868> Que vous ai-je dit, aujourd'hui ?
<0869> \{神奈}「柳也どのの身に何かあったら、余も生きてはゆけぬと」;;;<0869> Sans vous, je ne puis continuer à vivre.
<0870> \{柳也}「………」;;;<0870> .........
<0871> 気持ちは嬉しいが、危険をたしかめるのが俺の役目だ。;;;<0871> Les sentiments me touchaient, mais m'assurer de l'absence de potentiels dangers était mon rôe.
<0872> なぜなら…。;;;<0872> D'autant plus...
<0873> ここに囚われているのは『悪鬼』かもしれないのだ。;;;<0873> ... qu'il s'agissait peut-être de la geôle d'un 'démon'.
<0874> \{裏葉}「ここまで来たのですから、仲よく三人で参りましょう」;;;<0874> Après être arrivés jusqu'ici, nous devrions y entrer tous les trois.
<0875> 裏葉までが呑気なことを言う。;;;<0875> dit Uraha. Même elle était optimiste.
<0876> …おまえは俺になにかあった時に、神奈を逃がす役目だろうが。;;;<0876> ... Ton rôle, c'est pas justement d'aider Kanna à s'enfuir si les choses tournent au vinaigre ?
<0877> だが、裏葉も神奈も退くつもりはないようだった。;;;<0877> Quoi qu'il en fût, ni l'une ni l'autre ne semblait prête à fléchir.
<0878> \{柳也}「…わかったよ」;;;<0878> ... D'accord.
<0879> \{柳也}「ただし、先頭は俺だぞ」;;;<0879> Mais je pars devant.
<0880> \{神奈}「よい。おぬしにゆずろうぞ」;;;<0880> Bien. Je m'en remets à vous.
<0881> \{裏葉}「では、参りましょう」;;;<0881> Alors, entrons.
<0882> 洞穴に足を入れる。;;;<0882> Je pénétrai dans la grotte.
<0883> 墨を流したように、何も見えなかった。;;;<0883> Il faisait un noir d'encre.
<0884> 足元を一歩一歩たしかめながら、慎重に進む。;;;<0884> J'avançais prudemment, m'assurant de chacun de mes pas.
<0885> 頬を撫でる風から、行く手が空洞になっているのがわかる。;;;<0885> Le vent qui caressait mes joues me permettait d'évaluer la route à suivre.
<0886> だが、いくら歩いても突き当たる気配はなかった。;;;<0886> Cependant, je marchais, et marchais encore, mais aucune fin ne se faisait sentir.
<0887> この穴がこんなに深いはずはない。;;;<0887> Cette grotte ne pouvait pas être aussi profonde.
<0888> これもまた、呪術のひとつなのか？;;;<0888> Serait-ce aussi de la magie ?
<0889> \{声}「…とまりなさい」;;;<0889> ... Arrêtez-vous.
<0890> どこからか、声が響いた。;;;<0890> Une voix résonna.
<0891> \{声}「近づいてはなりません」;;;<0891> Ne vous approchez pas.
<0892> 凛（りん）とした女の声。;;;<0892> C'était une voix de femme. Une voix digne.
<0893> \{声}「わらわを戦に駆り立てるのなら、生きてはここを出られぬと知りなさい」;;;<0893> Si vous êtes venus solliciter mon assistance en matière de guerre, sachez que vous ne sortirez point d'ici vivants.
<0894> 言葉の意味はわからない。;;;<0894> Je n'arrivais pas à comprendre ce qu'elle disait.
<0895> だが、持って生まれた威厳と気品は隠しようがない。;;;<0895> Toutefois, la noblesse et la majesté de cette personne étaient évidentes.
<0896> 俺は居住まいを正し、闇に向かって呼びかけた。;;;<0896> Je me roidis, et lançai aux ténèbres :
<0897> \{柳也}「私は神奈備命が随身、柳也と申す者です」;;;<0897> Je suis le garde de Kannabi no Mikoto. Mon nom est Ryuuya.
<0898> \{裏葉}「同じく、裏葉と申します」;;;<0898> De même, mon nom est Uraha.
<0899> \{柳也}「おそれながら、神奈備命の御母君と推察いたしますが…」;;;<0899> Avec tout le respect que je vous dois, j'ose croire que vous êtes la mère de Kannabi no Mikoto...
<0900> \{声}「かん、な…？」;;;<0900> Kan... na...?
<0901> \{神奈}「ははうえ…なのか？」;;;<0901> Mère... Est-ce vous ?
<0902> 神奈の言葉を聞いたとたん、女の声に緊張が戻った。;;;<0902> Dès qu'elle entendit Kanna, la tension revint dans sa voix.
<0903> \{声}「娘子を連れているのですか」;;;<0903> Vous dites que vous m'apportez ma fille ?
<0904> \{声}「今度はどのように、わらわを誑（たぶら）かすつもりですか」;;;<0904> De quelle manière comptez-vous me tromper, cette fois ?
<0905> \{声}「わらわに娘子などおりません」;;;<0905> Je n'ai plus de fille.
<0906> \{声}「わらわの娘は、とうに…」;;;<0906> Cela fait bien longtemps qu'elle...
<0907> \{裏葉}「神奈さま、お召し物を」;;;<0907> Kanna-sama, vos atours.
<0908> いつもと同じ、冷静な声色が言った。;;;<0908> lui ordonna Uraha d'une voix aussi posée que toujours.
<0909> しゅるしゅると、衣擦れの音がした。;;;<0909> J'entendis frôler des habits.
<0910> なにをしているのか悟るのに、少々時間がかかった。;;;<0910> Il me fallut peu de temps pour réaliser ce qu'elles faisaient.
<0911> 俺は片膝を地面につき、その場にかしこまった。;;;<0911> Alors m'inclinai respectueusement, un genou par terre.
<0912> 光が満ちた。;;;<0912> La lumière emplit l'espace
<0913> 洞穴全体が真っ白に滲んでいる。;;;<0913> L'entièreté de la caverne fut inondée de blanc.
<0914> 石を敷きつめた床で、自分の影が揺らいでいるのが見えた。;;;<0914> Sur le sol pavé de pierres, je vis mon ombre vaciller.
<0915> 明るさに目が慣れてから、俺はおそるおそる顔を起こした。;;;<0915> Une fois mes yeux habitués à la luminosité, je relevai timidement la tête.
<0916> そこには。;;;<0916> Là se trouvaientt...
<0917> 翼があった。;;;<0917> ... des ailes.
<0918> 神奈が衣をするりと落とした。;;;<0918> Kanna avait défait ses habits.
<0919> ためらうことなく、裸身をさらす。;;;<0919> Sans la moindre hésitation, elle dévoilait son corps.
<0920> きゅっと引き締めた口元。;;;<0920> Ses lèvres étaient pincées.
<0921> ほっそりとしたその背中。;;;<0921> Sur son dos si mince...
<0922> 左右に広がる、一対の白翼…;;;<0922> ... était déployée une paire d'ailes d'un blanc immaculé.
<0923> 神奈とかわしたはじめての会話を、俺は思いだしていた。;;;<0923> La première conversation que j'avais eue avec elle me revint en mémoire :
<0924> 『そうだな。なんたって神の使いだ』;;;<0924> Effectivement. Ils sont les hérauts des dieux.
<0925> 『唐天竺では鳳翼と呼びならわし、異名を風司、古き名では空真理ともいう』;;;<0925> 唐天竺では鳳翼と呼びならわし、異名を風司、古き名では空真理ともいう
<0926> 『肌はびろうど、瞳はめのう、涙は金剛石』;;;<0926> 肌はびろうど、瞳はめのう、涙は金剛石
<0927> 『やんごとなきその姿はまさしくあまつびと』;;;<0927> やんごとなきその姿はまさしくあまつびと
<0928> なんて陳腐な言葉だったろう。;;;<0928> Quelle description surannée...
<0929> 神々しいばかりの輝きの中央に、神奈の身はささえられている。;;;<0929> Là se tenait Kanna, baignant dans sa divine radiance.
<0930> 美しい。;;;<0930> Magnifique.
<0931> そうとしか、言いようがなかった。;;;<0931> Les mots me manquaient.
<0932> 洞窟の奧に、ものものしい二重の鉄格子があった。;;;<0932> Au fond de la grotte se trouvait une imposante double grille en fer.
<0933> その向こうに、貴人が囚われていた。;;;<0933> La grande dame était confinée derrière cette grille.
<0934> 神奈のことを食い入るように見つめている。;;;<0934> Tant ses yeux ne la quittaient pas, on aurait dit qu'elle voulait dévorer Kanna.
<0935> 色のない粗末な衣に、痩せた身体を包んでいる。;;;<0935> Son corps maigrelet était enveloppé d'une tenue grossière et dénuée de couleur.
<0936> 憂（うれ）いに沈んだ瞳、ひどくやつれた頬、艶を失った髪…;;;<0936> Yeux tristes et creusés, joues horriblement émaciées, cheveux ternes...
<0937> だが、間違えようがない。;;;<0937> Et pourtant, il ne pouvait y avoir aucun doute :
<0938> 神奈の母君だった。;;;<0938> C'était la mère de Kanna.
<0939> 神奈は裸のままくるりと振り向き、母君に自分の翼をさらした。;;;<0939> Vêtue du plus simple appareil, Kanna se tourna vers sa mère pour lui montrer ses ailes.
<0940> \{神奈}「余の背羽だ」;;;<0940> Ce sont mes ailes.
<0941> \{神奈}「羽ばたくことも、飛ぶこともできぬが」;;;<0941> Je ne puis ni les battre, ni m'envoler.
<0942> \{神奈}「もしもこれと同じものを、持っておられるなら…」;;;<0942> Si jamais vous aviez les mêmes...
<0943> だが、答えは返ってこない。;;;<0943> Mais la dame ne répondit pas.
<0944> 神奈の側にかしこまっていた裏葉が、俺の視線に気づいた。;;;<0944> Uraha, qui se tenait respectueusement à côté de Kanna, remarqua la direction de mon regard.
<0945> \{裏葉}「さあ、神奈さま」;;;<0945> Il suffit, Kanna-sama.
<0946> 宝物をしまうように、そそくさと衣を着せる。;;;<0946> Uraha la rhabilla précipitamment, de la manière dont on range un trésor.
<0947> 減るもんじゃなしと思ったが、母君の面前とあれば仕方がない。;;;<0947> Je doutais de l'intérêt, mais face à sa mère, c'était nécessaire.
<0948> 辺りに闇が戻った。;;;<0948> Les ténèbres reprirent leurs droits.
<0949> \{声}「因果なものですね」;;;<0949> Ce doit être le karma.
<0950> \{声}「ふたたび我が子と逢う日が来ようとは」;;;<0950> Le jour où je pourrai voir mon enfant est venu.
<0951> \{声}「『神などなし』と名づけた我が子と…」;;;<0951> L'enfant dont le nom signifie 'dépourvu de dieu'...*
<0952> \{声}「神奈」;;;<0952> Kanna.
<0953> \{声}「立派になりましたね」;;;<0953> Tu as tellement grandi
<0954> \{神奈}「はは…うえ」;;;<0954> ... Mère...
<0955> …ごんっ。\shake{1};;;<0955> ... \bBonk\u ! \shake{1}
<0956> \{神奈}「…痛いぞ」;;;<0956> ... Aïe.
<0957> \{裏葉}「神奈さまっ、ご無事でございますか」;;;<0957> Kanna-sama ! Vous ne vous êtes pas fait mal ?
<0958> 鉄格子越しでは、触れ合うこともできない。;;;<0958> Les grilles de fer les empêchaient de se toucher.
<0959> 母君をここから出すのが先決だ。;;;<0959> Notre priorité était de faire sortir sa mère de cet endroit.
<0960> 俺がそう考えた時。;;;<0960> Tandis que j'y réfléchissais...
<0961> \{母}「柳也と申した者」;;;<0961> Celui qui se nomme Ryuuya...
<0962> \{柳也}「はい、ここに」;;;<0962> Oui. Je suis là.
<0963> \{母}「神奈を連れて、すぐに山を降りなさい」;;;<0963> Je vous demande de prendre Kanna avec vous, et de quitter cette montagne instamment.
<0964> \{神奈}「…なぜだっ」;;;<0964> ... Pourquoi ?!
<0965> \{神奈}「余が飛べぬからか？」;;;<0965> Parce que je ne puis voler ?
<0966> \{神奈}「余の背羽が上手に羽ばたかぬからか？」;;;<0966> Parce que je peine à battre des ailes ?
<0967> 必死で問い返す神奈を、俺はそっと手で制した。;;;<0967> Je retins Kanna, frénétique, de mes mains.
<0968> …むにっ。;;;<0968> ... \bSquish\u !
<0969> \{神奈}「…どこを触っておるか」;;;<0969> ... Où pensez-vous me toucher ?
<0970> \{柳也}「胸だろうな、たぶん」;;;<0970> Tes seins, peut-être ?
<0971> \{柳也}「…とにかく話は後だ」;;;<0971> ... Gardons les discussions pour plus tard.
<0972> どんな事情があるかは知らないが、俺だってもうあとには退けない。;;;<0972> Les circonstances m'échappaient, mais, moi non plus, je ne pouvais plus faire demi-tour.
<0973> \{柳也}「神奈、母君と一緒にいたいか？」;;;<0973> Kanna, veux-tu rester avec ta mère ?
<0974> \{神奈}「………」;;;<0974> .........
<0975> \{柳也}「母君と一緒にいたいか？」;;;<0975> Veux-tu rester avec ta mère ?
<0976> \{神奈}「…たいぞ」;;;<0976> ... le veux...
<0977> \{母}「なりません！」;;;<0977> Non !
<0978> 鋭い声に、神奈の身がびくっとのけぞる。;;;<0978> Cette réponse cinglante fit tressaillir Kanna.
<0979> 思いもよらなかった母君の拒絶に、気圧（けお）されてしまっている。;;;<0979> Ce refus, qu'elle n'aurait jamais imaginé et venant de sa propre mère, l'avait stupéfiée.
<0980> \{柳也}「もう一度訊くぞ」;;;<0980> Je te le demande encore une fois :
<0981> \{柳也}「母君と、一緒にいたいか？」;;;<0981> Veux-tu... rester avec ta mère ?
<0982> ここまでの俺たちの道のり、そして俺たちの願い。;;;<0982> Les chemins que nous avions suivis tous ensemble jusqu'ici, et le souhait que nous partagions.
<0983> すべてをこめて、尋ねたつもりだった。;;;<0983> Tous étaient inclus dans ma question.
<0984> 神奈ははっきりとこう言った。;;;<0984> Kanna répondit distinctement :
<0985> \{神奈}「一緒にいたいぞ」;;;<0985> Je veux rester avec elle.
<0986> 満足できる答えだった。;;;<0986> Une réponse satisfaisante.
<0987> 俺にも、そして裏葉にも。;;;<0987> Pour moi, tout comme pour Uraha.
<0988> \{柳也}「お聞きの通りです」;;;<0988> Vous avez entendu.
<0989> 俺は闇の先に向かって言った。;;;<0989> Je me tournai vers les ténèbres, et répétai :
<0990> \{柳也}「おそれながら、私どもは神奈様の随身です」;;;<0990> Avec tout le respect que je vous dois, je suis le garde de Kannabi no Mikoto.
<0991> \{柳也}「神奈様のご意向に従わぬわけにはゆきません」;;;<0991> Et il m'est impossible de désobéir à ses ordres.
<0992> \{母}「…わらわをどうするつもりですか」;;;<0992> ... Que me voulez-vous ?
<0993> その問いには裏葉が答えた。;;;<0993> Cette fois, ce fut Uraha qui répondit :
<0994> \{裏葉}「お母君にはここより出ていただきます」;;;<0994> Nous avons l'intention de vous faire sortir d'ici.
<0995> \{裏葉}「そののち、神奈さまと末永く幸せに暮らしていただきます」;;;<0995> Ainsi, Kanna-sama et vous pourrez vivre ensemble, heureuses.
<0996> 闇の向こうの気配が、絶句したのがわかった。;;;<0996> Malgré la pénombre, je savais que sa mère en était sans voix.
<0997> \{母}「柳也どの」;;;<0997> Ryuuya-dono.
<0998> \{柳也}「はい」;;;<0998> Oui.
<0999> \{母}「おぬしは利口者ではありませんね」;;;<0999> Vous n'êtes point un grand esprit, n'est-ce pas ?
<1000> 言葉とはうらはらに、声音がやわらいでいた。;;;<1000> En dépit des propos tenus, sa voix était paisible.
<1001> \{柳也}「神奈様にも同じように叱られます」;;;<1001> Kanna-sama elle-même me l'a fait remarquer.
<1002> \{母}「裏葉どの」;;;<1002> Uraha-dono.
<1003> \{裏葉}「はい」;;;<1003> Oui.
<1004> \{母}「神奈のお守（も）りはさぞ大儀だったでしょう」;;;<1004> J'acclame les efforts que vous avez dédiés à la garde de Kanna.
<1005> \{裏葉}「おそれいりましてございます」;;;<1005> Vous me flattez.
<1006> \{母}「おぬしたちのような人が世に数多ければ…」;;;<1006> Si seulement le monde comptait davantage de personnes comme vous...
<1007> \{母}「わらわたちの運命（さだ）めも、変わったやもしれませんね」;;;<1007> Peut-être notre destin aurait-il été autre.
<1008> おそらくそれは、憧れとも諦めともつかないつぶやきだった。;;;<1008> Ses murmures trahissaient à la fois ses espoirs et sa résignation.
<1009> 『おぬしたち』と『わらわたち』;;;<1009> 'Vous', et 'je'.
<1010> 人間と翼人。;;;<1010> Les êtres humains, et les Êtres Ailés.
<1011> そして、翼人たちの運命め…;;;<1011> Mais aussi le destin des Êtres Ailés...
<1012> \{裏葉}「柳也さま、お早くっ」;;;<1012> Ryuuya-sama, hâtez-vous !
<1013> 裏葉に急かされて、俺は我にかえった。;;;<1013> Pressé par Uraha, je repris mes esprits.
<1014> 手探りで闇を進み、鉄格子に触れた。;;;<1014> Je tâtonnai dans l'obscurité, et trouvai enfin la grille en fer.
<1015> 曲げることも、切ることもできそうにない。;;;<1015> Il serait impossible de les plier ou de les couper.
<1016> \{裏葉}「格子ごと外すわけにはまいりませんか？」;;;<1016> Ne pouvons-nous pas démonter les barreaux ?
<1017> 壁の石積みはもろく、丸太で支えているだけだ。;;;<1017> Les pierres qui composaient les parois étaient cassantes, et soutenues seulement par des rondins.
<1018> \{柳也}「無理に外そうとすれば、天井ごと崩れる仕掛けだな」;;;<1018> L'ensemble est pensé pour que tout s'effondre si l'on essaie de les retirer de force.
<1019> \{裏葉}「ここまで来て…どうにかならないのですかっ」;;;<1019> Après être arrivé jusqu'ici... N'y a-t-il donc rien que nous puissions faire ?!
<1020> \{柳也}「鑢（やすり）で削るしかないか」;;;<1020> Il nous reste qu'à les limer.
<1021> だが、それでは何刻かかるかわからない。;;;<1021> Certes, mais difficile de prédire le temps que cela nous prendrait.
<1022> \{裏葉}「これしきのもの、えいやっとお斬りくださいまし」;;;<1022> Ils sont si petits. Cessez de réfléchir et coupez-les.
<1023> \{柳也}「無茶言うなっての」;;;<1023> Ne dis pas n'importe quoi.
<1024> \{裏葉}「ええい、この益体なしっ！」\shake{1};;;<1024> Rooh ! Espèce d'homme inutile !! \shake{1}
<1025> \{柳也}「その呼び方はやめろっっ！」;;;<1025> Arrête de m'appeler comme ça !!!
<1026> と、母君が静かに言った。;;;<1026> La mère de Kanna parla alors tout doucement :
<1027> \{母}「この石塚を出た森に、鏡がありましょう」;;;<1027> Dans la forêt qui entoure cette caverne se trouve un miroir.
<1028> \{裏葉}「はい、たしかに」;;;<1028> Oui, nous l'avons vu.
<1029> \{母}「それを水に戻しなさい」;;;<1029> Rendez-le à l'eau.
<1030> \{母}「月も戻りましょう」;;;<1030> La Lune nous sera ainsi rendue.
<1031> 母君を残し、三人で石塚から出た。;;;<1031> Nous sortîmes tous les trois de la grotte, laissant la mère de Kanna derrière nous.
<1032> 大木にかけられた丸鏡の前に立つ。;;;<1032> Devant nous se tenait un miroir rond, accroché à un immense arbre.
<1033> \{柳也}「鏡を水に戻せ、か…」;;;<1033> Rendre le miroir à l'eau, hein...
<1034> \{柳也}「泉に鏡を投げこめってことか？」;;;<1034> On doit le balancer dans une source ?
<1035> 裏葉は何も言わない。;;;<1035> Uraha ne dit rien.
<1036> 月もないのに、鏡の表面はきらきらと輝いている。;;;<1036> Même en l'absence de lune, la surface du miroir brillait.
<1037> \{神奈}「やけに明るいの」;;;<1037> Quel éclat.
<1038> 言いながら、神奈が指先で鏡に触れた。;;;<1038> dit-elle en le touchant du bout des doigts.
<1039> 雫が落ちたように、波紋が広がった。;;;<1039> Le miroir s'anime à la manière d'une étendue d'eau sur laquelle une goutte serait tombée.
<1040> \{神奈}「…ひうっ」;;;<1040> ... Ah !
<1041> あわてて指を引っこめる。;;;<1041> Kanna sursauta et retira sa main.
<1042> \{神奈}「なんと面妖な…」;;;<1042> Quelle chose étrange...
<1043> \{柳也}「これは…」;;;<1043> Qu'est-ce que...
<1044> 裏葉を振り返ると、正解だという顔をしている。;;;<1044> Je jetai un œil derrière moi, et vis Uraha me lancer un regard approbateur.
<1045> \{柳也}「神奈、どいてろ」;;;<1045> Kanna, bouge.
<1046> するりと太刀を抜いた。;;;<1046> Je dégainai mon sabre.
<1047> まだ背中が痛むが、腕を振るのに支障はない。;;;<1047> Mon dos me faisait encore mal, mais mon bras pouvait librement bouger.
<1048> こころもち刀身を下げ、腕の力を抜く。;;;<1048> Je baissai mon arme et relâchai la tension dans mes bras.
<1049> 息を吐き、そして止める。;;;<1049> Je soufflai un grand coup, puis bloquai ma respiration.
<1050> \{柳也}「せやっ」;;;<1050> Hah !
<1051> 鏡の中心に、刃を突き立てた。;;;<1051> Je plantai ma lame en plein coeur du miroir.
<1052> 青銅のはずの鏡がぐにゃりと曲がった。;;;<1052> Le miroir, sans doute fait de bronze, s'incurva.
<1053> そして水になり、地面に降りそそいだ。;;;<1053> Puis il se transforma en eau qui tomba par terre.
<1054> 木々の枝から、銀色の光が射し込んだ。;;;<1054> Des rais argentés percèrent alors les branchages.
<1055> 中天で満月がこうこうと輝き渡る。;;;<1055> Dans le ciel, la pleine lune brillait à présent de mille feux.
<1056> 森は別の場所のようになった。;;;<1056> La forêt semblait être devenue un tout autre endroit.
<1057> いや、おそらく今までが別の場所だったのだろう。;;;<1057> Nan, c'est plutôt que nous \bavions\u été dans un tout autre endroit jusque là.
<1058> 太刀をおさめ、背後を振り向いた。;;;<1058> Je rangeai mon sabre, et me retournai.
<1059> 石塚は消え失せていた。;;;<1059> Le monticule de pierres avait disparu.
<1060> 純白の衣に身を包んだ女性が、何事もなかったかのように立っていた。;;;<1060> Une femme vêtue de blanc pur se trouvait à sa place, semblant s'y être trouvée depuis le début.
<1061> \{母}「参りましょう」;;;<1061> Partons.
<1062> 素足のまま、歩き出そうとする。;;;<1062> Elle se mit en marche, toujours pieds nus.
<1063> その足取りがあまりにも危うい。;;;<1063> Ses pas étaient très hésitants.
<1064> 囚われて以来、おそらく野外を歩いたことはないのだろう。;;;<1064> Elle n'avait certainement jamais pu marcher à l'extérieur depuis le début de sa captivité.
<1065> \{裏葉}「お手を…」;;;<1065> Puis-je vous prendre votre main...
<1066> \{母}「近づいてはなりません」;;;<1066> Ne vous approchez pas de moi.
<1067> 走り寄った裏葉に、毅然とした声で告げた。;;;<1067> Elle rejeta sèchement Uraha qui s'était empressée de l'aider.
<1068> \{母}「この身はすでに穢（けが）れています」;;;<1068> Ce corps est déjà souillé.
<1069> \{神奈}「なっ…」;;;<1069> Qu...!
<1070> 思わず声をあげた神奈にまで、きびしい視線を向ける。;;;<1070> Son regard sévère se tourna vers Kanna, qui avait laissé échapper un cri.
<1071> \{母}「神奈、あなたもです」;;;<1071> Kanna, cela tient aussi pour toi.
<1072> \{母}「わらわに触れてはなりません」;;;<1072> Je t'interdis de me toucher.
<1073> 四人で山頂を後にした。;;;<1073> À quatre, nous quittâmes le sommet.
<1074> 駈け降りるというわけにはいかなかった。;;;<1074> Il nous était impossible de courir.
<1075> 俺の傷が、にわかに痛みだした。;;;<1075> Sans crier gare, ma plaie s'était remise à lancer.
<1076> 泥に身を浸しているような、じくじくとした鈍痛が背を這いまわる。;;;<1076> Une douleur sourde et lancinante, comme si j'étais plongé dans la boue, me parcourait le dos.
<1077> 母君の具合も思わしくない。;;;<1077> La mère de Kanna semblait guère en meilleure santé.
<1078> 俺や裏葉が助けを申し出ても、決して手を借りようとしない。;;;<1078> Uraha et moi lui avions proposé notre aide, qu'elle avait à chaque fois rejetée catégoriquement.
<1079> 神奈はなにも喋らなかった。;;;<1079> Kanna ne disait rien.
<1080> 社殿でひとりだった時より、ずっと心細そうだった。;;;<1080> En paraissait encore plus mélancolique qu'à l'époque où elle vivait seule au sanctuaire.
<1081> だが、この地を脱すれば、母君の警戒心も薄らぐだろう。;;;<1081> Peut-être sa mère s'ouvrirait-elle à elle une fois ces terres derrière nous.
<1082> 母子の語らいは、それからでも遅くはない。;;;<1082> Peut-être n'était-il pas trop tard pour qu'une mère et son enfant pussent discuter entre elles.
<1083> 俺はそう考えていた。;;;<1083> C'était ce que j'imaginais.
<1084> 下るにつれて森は深くなり、枝を透して降る月光が衰えていった。;;;<1084> À mesure que nous descendions, la forêt se faisait de plus en plus dense et le clair de lune s'affaiblissait en conséquence.
<1085> と、母君が木の根に足を取られた。;;;<1085> La mère de Kanna trébucha contre la racine d'un arbre.
<1086> ふらふらとよろけ、その場に膝をつく。;;;<1086> Elle chancela, puis tomba à genoux.
<1087> \{神奈}「ははうえっ」;;;<1087> Mère !
<1088> \{母}「近づいてはなりませんっ」;;;<1088> Ne t'approche pas !
<1089> ひとりで立ち上がり、また進もうとする。;;;<1089> Elle se releva d'elle-même et reprit la marche.
<1090> 唇をぐっと噛みしめ、神奈もその背中に続こうとする。;;;<1090> Serrant les lèvres, Kanna lui emboîta le pas.
<1091> \{裏葉}「おそれながら、申しあげます」;;;<1091> Avec tout le respect qui vous est dû, laissez-moi dire que...
<1092> 裏葉がその場にひれ伏し、母君の歩みをさえぎった。;;;<1092> Uraha se prosterna face à la mère de Kanna, lui barrant le chemin.
<1093> \{裏葉}「神奈さまと、お手をつないでいただきたく存じます」;;;<1093> Je vous en prie, autorisez Kanna-sama à vous tenir la main.
<1094> 貴人に向けてとは思えないほどの、毅然とした声音。;;;<1094> Une voix résolue, qu'on n'imaginerait pas utiliser en présence d'une dame aussi noble.
<1095> だが、母君は顔色ひとつ変えなかった。;;;<1095> Mais cette dernière resta impassible.
<1096> \{母}「できないと申したはずです」;;;<1096> Je vous ai dit que cela était hors de question.
<1097> \{裏葉}「よんどころない事情がおありなのは、承知いたしております」;;;<1097> Je conçois qu'il existe des circonstances qui préviennent votre assentiment.
<1098> \{裏葉}「しかしながら…」;;;<1098> Mais, tout de même...
<1099> \{母}「そなたには子がいますか？」;;;<1099> Avez-vous des enfants ?
<1100> \{裏葉}「いえ…」;;;<1100> Non...
<1101> \{母}「それなら、わらわの心持ちはわかりますまい」;;;<1101> Dans ce cas, il vous est impossible de concevoir les sentiments qui m'assaillent.
<1102> 話は終わりだというように、片袖で顔を覆い隠す。;;;<1102> Elle passa une manche devant son visage, indiquant que la conversation était close.
<1103> だが、裏葉は引き下がらない。;;;<1103> Seulement, Uraha était tenace.
<1104> \{裏葉}「わたくしには、母御の気持ちはわかりません」;;;<1104> Certes, je ne puis concevoir ce qu'est être mère.
<1105> \{裏葉}「しかしながら、神奈さまのお気持ちはよくわかります」;;;<1105> Néanmoins, je conçois très bien ce que ressent Kanna-sama.
<1106> \{裏葉}「旅の間じゅう、神奈さまはずっと…」;;;<1106> Au cours de notre périple, Kanna-sama a toujours...
<1107> \{柳也}「静かに」;;;<1107> Tais-toi.
<1108> めずらしく我を忘れている裏葉を、俺はさえぎった。;;;<1108> J'interrompis Uraha qui, chose exceptionnelle, perdait progressivement ses moyens.
<1109> なにかが頭上を横切っていく気配がしたからだ。;;;<1109> Et ce, parce que j'avais entendu quelque chose siffler au-dessus de nos têtes.
<1110> ひゅるるるるるるる…;;;<1110> \bFwiiiiiii\u...
<1111> 鋭い笛の音が、夜空に響き渡った。;;;<1111> Un son strident résonna dans le ciel nocturne.
<1112> \{神奈}「…鳥か？」;;;<1112> ... Un oiseau ?
<1113> 夜空に首をめぐらし、神奈が訊いた。;;;<1113> demanda Kanna, le visage tourné vers le ciel.
<1114> \{柳也}「ちがう、鏑矢（かぶらや）だ」;;;<1114> Non. C'est un kabura-ya.*
<1115> ひゅるるるるるるるるる…;;;<1115> \bFwiiiiiiiii\u...
<1116> \　ひゅるるるるるるるるるるるる…;;;<1116> \ \bFwiiiiiiiiiiiiii\u...
<1117> 一の矢に呼応するように、次々と放たれる。;;;<1117> En réponse à la première, d'autres flèches suivirent.
<1118> 昔、嫌というほど聞かされた音色。;;;<1118> Cela faisait bien longtemps que j'avais appris à haïr ce son :
<1119> これは、合戦の徴（しるし）だ。;;;<1119> Le signal d'une bataille à venir.
<1120> うおおおおおおおおお…;;;<1120> \bUoooooooooh\u...
<1121> 地響きのようなうねりが、夜気をびりびりと揺り動かした。;;;<1121> L'air nocturne fut secoué par un grondement pareil à des secousses souterraines.
<1122> それは、何千という軍勢があげる鬨（とき）の声だった。;;;<1122> C'était le cri de guerre d'une armée de plusieurs milliers d'hommes.
<1123> \{柳也}「…高野に攻め入ろうとしているのか？」;;;<1123> ... Comptent-ils prendre Kouya d'assaut ?
<1124> \{裏葉}「結界が破れたのなら、おそらく」;;;<1124> Le kekkai ayant été brisé, c'est probable.
<1125> 立ちあがった裏葉が、いつもの声音で言った。;;;<1125> répondit Uraha de son intonation habituelle en se relevant.
<1126> ごくりと喉が鳴った。;;;<1126> J'avalai ma salive.
<1127> 俺の思惑を越えたところで、巨大ななにかがうごめくのを感じた。;;;<1127> L'envergure de la chose dépassait toutes mes estimations.
<1128> \{柳也}「急ごう」;;;<1128> Dépêchons-nous.
<1129> 進み出そうとした時。;;;<1129> Alors que j'allais reprendre la marche...
<1130> 母君が袖を持ちあげ、反対側の林間を指さした。;;;<1130> La mère de Kanna leva le bras et désigna la direction opposée de la forêt.
<1131> \{母}「こちらです」;;;<1131> Par ici.
<1132> 俺が訊き返すのも待たずに、すいと歩き出す。;;;<1132> Elle se mit en marche sans même attendre ma réponse.
<1133> 俺たちもあとに続いた。;;;<1133> Nous la suivîmes.
<1134> 母君が選んだ道は、下草が深くひどく歩きづらかった。;;;<1134> Le chemin qu'elle avait choisi était saturé de broussailles au point que marcher y était épouvantable.
<1135> 心なしか、さっきより足が早まっている。;;;<1135> Il me sembla que ses pas s'étaient accélérés.
<1136> …そうじゃない、俺が遅れているんだ。;;;<1136> ... Non, c'est moi qui avais ralenti.
<1137> \{裏葉}「柳也さま、顔色がすぐれないようですが…」;;;<1137> Ryuuya-sama, vous n'avez pas bonne mine...
<1138> 裏葉が耳打ちしてきたが、答える余裕もない。;;;<1138> me confia discrètement Uraha, mais je ne pouvais me permettre de lui répondre.
<1139> 一歩ごとに、身体がみしみしと軋（きし）む。;;;<1139> Mon corps craquait et grinçait à chacun de mes pas.
<1140> 気がつくと、太刀の鞘に左手を添えていた。;;;<1140> Je me rendis bientôt compte que ma main gauche était collée à mon fourreau.
<1141> まったく出し抜けに、目の前がひらけた。;;;<1141> Tout à coup, mon champ de vision s'élargit radicalement.
<1142> 森の中のそこだけが、ちょっとした空き地になっていた。;;;<1142> Nous nous trouvions dans un petit espace dégagé, unique en cette forêt.
<1143> 行く手の斜面に沿って、大小の石が積まれていた。;;;<1143> Devant nous se tenait un empilement de pierres de toutes tailles.
<1144> かなり古い石垣だった。;;;<1144> Il s'agissait d'un mur de pierres assez ancien.
<1145> 月は煌々（こうこう）と照り輝いている。;;;<1145> La lune était étincelante.
<1146> 舞台の上に引き出されたかのようだった。;;;<1146> Elle semblait nous indiquer que cet endroit était notre scène.
<1147> 身を隠せるようなものはなにもない。;;;<1147> Il n'y avait nulle part où se cacher.
<1148> びんっ。;;;<1148> \bDing\u !
<1149> 森のどこかで、楽器めいた弦の音が鳴った。;;;<1149> De la forêt s'éleva un bruit comparable au pincement de la corde d'un instrument de musique.
<1150> ぎりぎりぎりぎり…;;;<1150> \Crr crr crr crr\u...
<1151> 次いで、弓を引き絞る音。;;;<1151> Le bruit de l'arc que l'on bande suivit.
<1152> 冷たい汗が、一瞬で背中に噴き出す。;;;<1152> Mon dos fut aussitôt parcouru par une sueur froide.
<1153> \{柳也}「散れっ！  身を低くしろっ…」;;;<1153> Dispersez-vous !! Et baissez-vous...!
<1154> 叫びざま抜刀し、三人の前に出る。;;;<1154> Je criai, dégainai mon sabre, et me plaçai devant les trois femmes.
<1155> 神奈を無理矢理引き倒すようにしながら、裏葉がその場に伏せた。;;;<1155> Uraha força Kanna à se coucher.
<1156> ひゅん、ひゅん、ひゅん、ひゅんっ…;;;<1156> \bFwish\u, \bfwish\u, \bfwish\u, \bfwish\u...!
<1157> 無数の矢が降り注いだ。;;;<1157> Une myriade de flèches nous tomba dessus.
<1158> 至近に飛んできた一本を払い落とすので、精一杯だった。;;;<1158> Toute mon énergie suffisait à peine à dévier celles qui me frôlaient.
<1159> \{母}「あぐっ…」;;;<1159> Argh...!!
<1160> くぐもった悲鳴を聞いた。;;;<1160> J'entendis un cri étouffé venant de la mère de Kanna.
<1161> 母君の胸元に、二本の矢が深々と突き刺さっていた。;;;<1161> Deux flèches étaient profondément enfoncées dans sa poitrine.
<1162> \{雑兵}「…殺（と）ったりっ！」;;;<1162> J'l'ai tuée !!
<1163> \{雑兵}「なにをっ、先の矢は我ぞ！」;;;<1163> Quoi ?! J'l'ai touchée en premier !
<1164> 高らかな声が、自らの手柄を奪い合う。;;;<1164> Ces voix bruyantes se disputaient le succès.
<1165> その刹那。;;;<1165> L'instant suivant...
<1166> 音がなくなった。;;;<1166> Tous les bruits se turent.
<1167> 虫の声一片、葉擦れの音すらない。;;;<1167> Pas un seul chant d'insecte, pas même le bruissement des feuilles.
<1168> 透明な膜をへだてた、その向こう。;;;<1168> Au-delà de la membrane transparente qui nous séparait...
<1169> 風が、たけり狂っていた。;;;<1169> Un vent furieux se déchainait.
<1170> 伏せていた雑兵たちが、木の葉と共に空中に吹きあげられる。;;;<1170> Des soldats, qui avaient plongé par terre pour se protéger, furent projetés dans les airs, comme les feuilles.
<1171> ある者は切り刻まれ、ある者は叩きつけられ…;;;<1171> Certains furent déchiquetés, d'autres furent cinglés.
<1172> はぎ取られた武具と肉片と血が、ぐるぐると渦巻いている。;;;<1172> Des pièces d'armure déchirées, des morceaux de chair et du sang tourbillonnaient dans un vortex chaotique.
<1173> 中心には母君がいた。;;;<1173> Au cœur de celui-ci se trouvait la mère de Kanna.
<1174> 怒りを力と変え、荒れ狂わせるかのように。;;;<1174> Toute cette énergie furieuse semblait être l'expression de son courroux.
<1175> \{柳也}「…見るなっ」;;;<1175> ... Ne regarde pas !
<1176> 目を見張っていた神奈を、裏葉が必死に袖で被った。;;;<1176> Uraha tenta désespérément au moyen de sa manche de voiler les yeux de Kanna, qui contemplait la scène avec les yeux écarquillés.
<1177> これが恐怖の正体なのか。;;;<1177> Est-ce là la forme la plus authentique de terreur ?
<1178> 心のどこかで、『逃げろ』と警鐘を鳴らし続けている。;;;<1178> Au plus profond de mon être, une voix paniquée m'implore de fuir.
<1179> 生き残るために研いてきた勘が、絶え間なく叫んでいる。;;;<1179> Cette voix qui refuse de se taire, c'est mon instinct, affûté par des expériences de mort imminente.
<1180> 『これは人ではない』と。;;;<1180> 'Cette chose n'est pas humaine', me répète-t-elle.
<1181> やがて、音が戻った。;;;<1181> Les sons revinrent enfin.
<1182> 血の匂いが漂っていた。;;;<1182> Un parfum de sang flottait dans l'air.
<1183> 十数人はいただろう射手の半分が、即死していた。;;;<1183> Une douzaine d'archers, soit la moitié d'entre eux, étaient morts sur le coup.
<1184> 残った兵たちも、既に戦意を失っていた。;;;<1184> Les guerriers restants avaient perdu toute velléité belliqueuse.
<1185> \{雑兵}「ひっ…」;;;<1185> Hi...!
<1186> \{雑兵}「ばっ、化け物だあ…」;;;<1186> C-C'est un monstre...!
<1187> 弓や箙（えびら）を放り出し、森の奧に逃げ失せた。;;;<1187> Ils abandonnèrent arcs et carquois et s'enfuirent dans la forêt.
<1188> 母君は、ただ静かに立ちつくしていた;;;<1188> La mère de Kanna se tenait là en silence.
<1189> 衣の袖を夜風に遊ばせ、遠い満月を見つめていた。;;;<1189> Ses yeux étaient posés sur la lune lointaine. Ses manches dansaient dans la brise nocturne.
<1190> やがてその身が揺らぎ、ゆっくりと土に倒れた。;;;<1190> Son corps trembla, et elle s'écroula lentement par terre.
<1191> \{神奈}「…ははうえっ！」;;;<1191> ... Mère !!
<1192> \{柳也}「抜くなっ」;;;<1192> Ne les tire pas !
<1193> 矢に手を伸ばそうとした神奈を、俺は制止した。;;;<1193> J'interrompis Kanna, voyant sa main tendue pour retirer les flèches.
<1194> \{神奈}「なにを申すかっ」;;;<1194> Que dites-vous ?!
<1195> \{柳也}「血が…吹き出るだけだ」;;;<1195> Tu vas juste... permettre au sang de sortir.
<1196> 一本は右の肩に。;;;<1196> Une flèche dans son épaule droite.
<1197> もう一本は心臓に。;;;<1197> Et une autre en plein cœur.
<1198> 何の鳥のものとも知れない、雑羽（ざっぱ）の矢羽根。;;;<1198> Des flèches dépareillées, faites de plumes d'oiseaux indéfinissables.
<1199> 戦場ではこれが幾千本も飛び交い、名もない雑兵たちが虫けらのように死んでいく。;;;<1199> Ces flèches avaient volé par milliers au-dessus du champ de bataille, semant la mort chez des fantassins sans nom comme s'ils étaient des insectes.
<1200> \{柳也}「くそおっ」;;;<1200> Bon sang !
<1201> \{柳也}「こんな、こんな粗末な矢で…」;;;<1201> Comment une flèche aussi grossière...
<1202> \{母}「そなたが…悔いることは、ありません」;;;<1202> Ne nourrissez point... de regrets à mon égard.
<1203> \{母}「もとよりわらわは、この山で朽ちる運命め、だったのです…」;;;<1203> Depuis le commencement, mon destin a toujours été de dépérir sur cette montagne...
<1204> その時、俺は悟った。;;;<1204> C'est alors que je réalisai :
<1205> 母君は自ら矢に身体をさらしたのだ、と。;;;<1205> Elle s'était volontairement exposée aux flèches.
<1206> そうなることを、最初から望んでいたかのように。;;;<1206> Comme si elle avait attendu ce moment depuis le début.
<1207> \{神奈}「ははうえ…」;;;<1207> Mère...
<1208> \{母}「触れては…なりません」;;;<1208> Ne me... touche pas.
<1209> \{母}「ごふっ、ごふっ…」;;;<1209> Kof ! Kof...!
<1210> にごった咳と共に、唇から血がしたたる。;;;<1210> Sa toux rauque s'accompagna d'un filet de sang sur ses lèvres.
<1211> \{神奈}「…いやだっ！」;;;<1211> ... Pas ça !!
<1212> 突然、神奈が叫んだ。;;;<1212> hurla soudainement Kanna.
<1213> \{神奈}「いやだいやだいやだっ！」;;;<1213> Pas ça, pas ça, pas ça !!
<1214> 駄々っ子のように、激しく首を振る。;;;<1214> Elle secoua violemment sa tête, comme le ferait un enfant gâté en pleine crise.
<1215> そして神奈は、母君の肩をしっかりと抱き起こした。;;;<1215> Kanna saisit alors sa mère par les épaules pour la relever.
<1216> \{神奈}「ははうえっ、ははうえ！…」;;;<1216> Mère ! Mère...!
<1217> 頬と頬とが触れ合う。;;;<1217> Leurs joues se touchèrent.
<1218> \{母}「ああ…」;;;<1218> Aah...
<1219> 血の気のない唇から、温かな息が漏れた。;;;<1219> Un souffle chaud s'échappa de ses lèvres pâles.
<1220> それは、哀切とも歓喜とも取れた。;;;<1220> Une plainte aussi bien qu'un cri de joie.
<1221> \{母}「…ひさしく忘れていました」;;;<1221> ... Cela faisait bien longtemps que j'avais oublié...
<1222> \{母}「人肌がこのように温（ぬく）いとは…」;;;<1222> ... que la peau d'un autre puisse être aussi chaude...
<1223> 左手が弱々しく動き、娘の頬に触れた。;;;<1223> Sa main gauche se leva faiblement pour aller effleurer la joue de sa fille.
<1224> \{母}「これが、因果であるのなら…」;;;<1224> Si c'est là le karma...
<1225> 痩せこけた指が、神奈の髪をぎこちなく撫でる。;;;<1225> Ses doigts extrêmement maigres vinrent caresser maladroitement les cheveux de Kanna.
<1226> \{母}「神奈…よくお聞きなさい」;;;<1226> Kanna... Écoute bien.
<1227> \{母}「わらわと共に朽ちるはずだった、いにしえの詞（のりと）」;;;<1227> C'est une formule ancienne qui aurait dû quitter ce monde en même temps que ma carcasse.
<1228> \{母}「今こそ、あなたに授けましょう…」;;;<1228> Mais il est temps que je te la transmette...
<1229> 母君の体が風をまとう。;;;<1229> Son corps s'entoura de vent.
<1230> 瞳と瞳が向き合い、詠唱がはじまった。;;;<1230> Ses yeux plongés dans ceux de Kanna, elle commença à réciter :
<1231> \{母}「……ちから……かぜ……われらのそ……いまこそ…」;;;<1231> ...... Force...... vent...... nos ancêtres...... le temps est venu...
<1232> \{母}「………ものが……うけつぐ……ほし……」;;;<1232> ......... Ceux qui...... héritent...... de cet astre......
<1233> 独特の韻を踏み、高く低く流れる。;;;<1233> Elle récite avec un rythme unique, où s'enchaînent aigus et graves.
<1234> \{母}「とえ……ゆうきゅうの……なに……ふさわしき…」;;;<1234> Par dix fois...... éternels...... ainsi...... convenables...
<1235> \{母}「…もの……よ……はねに……たましいに………すべを……」;;;<1235> ... Ceux qui...... bénis...... d'ailes...... leur âme......... entière......
<1236> だんだんと早くなり、やがて意味は聞き取れなくなった。;;;<1236> Son rythme s'accélérait, et je ne pus bientôt plus en discerner les mots.
<1237> 失われた言語を幾重にも束ね、淡い光に託して渡す。;;;<1237> Plusieurs couches de langues disparues s'enchevêtrent dans une offrande au pâle clair de lune.
<1238> 森羅万象、すべてを伝えきるかのように。;;;<1238> Comme si la Création entière devait y être contenue.
<1239> やがて、母君の詞は終わった。;;;<1239> Bientôt, sa récitation s'acheva.
<1240> \{母}「母を、ゆるしてくださいね」;;;<1240> Pardonne... à ta mère.
<1241> \{母}「これこそが、わらわたちの務めなのです…」;;;<1241> C'est là le devoir de notre race...
<1242> 神奈はなにも答えなかった。;;;<1242> Kanna resta muette.
<1243> 月光の中でまたたいた瞳が、途方に暮れているように見えた。;;;<1243> Ses yeux, scintillant au clair de lune, semblaient perdus.
<1244> \{母}「さあ、神奈」;;;<1244> Allez, Kanna.
<1245> \{母}「今度は…あなたの番ですよ」;;;<1245> À... ton tour.
<1246> \{母}「あなたは、どのように、旅をして来たのですか？」;;;<1246> Comment s'est passé ton voyage ?
<1247> ただ穏やかで、澄みきった笑顔。;;;<1247> Un sourire serein se dessina sur son visage.
<1248> 脈打つ心臓をえぐる鏃（やじり）を、気にもとめていないかのように。;;;<1248> Elle semblait n'avoir que faire de la flèche qui transperçait son cœur encore battant.
<1249> \{神奈}「話して…よいのか？」;;;<1249> Puis-je m'exprimer ?
<1250> おそるおそる尋ねた神奈に、にっこりと頷く。;;;<1250> En réponse à sa demande timide, sa mère sourit et hocha la tête.
<1251> 俺にはわかった。;;;<1251> J'avais compris :
<1252> 今の母君は、消えかかる灯火だ。;;;<1252> Sa mère était telle une flamme presque éteinte.
<1253> 我が子のために、全てを燃やしつくそうとしている…;;;<1253> Une flamme prête à se consumer pour le bien de son enfant...
<1254> 神奈は喋りはじめた。;;;<1254> Kanna se mit à parler.
<1255> 最初はおずおずと、そして少しづつ滑らかに。;;;<1255> Nerveusement, d'abord. Puis, petit à petit, sa parole se fit plus aisée.
<1256> 社殿での暮らし。;;;<1256> Sa vie au sanctuaire.
<1257> 出発の夜。;;;<1257> La nuit du départ.
<1258> 夏山の旅路。;;;<1258> Notre périple estival à travers les montagnes.
<1259> 衣替えの騒動。;;;<1259> L'affaire du changement d'habits.
<1260> そして、市場のにぎわい…;;;<1260> Et enfin, l'effervescence du marché...
<1261> 母君にもう、言葉は少ない。;;;<1261> Sa mère ne disait presque plus rien.
<1262> 短く相づちを打ち、時に微笑むのが精一杯だった。;;;<1262> Réponses brèves et sourires occasionnels lui sappaient l'énergie qu'il lui restait.
<1263> \{神奈}「…あのように不細工な鳥は見たこともなかったぞ」;;;<1263> ... Je n'avais encore jamais vu d'oiseau aussi laid.
<1264> \{神奈}「尾羽のひとつも抜いて、母上にも見せようと思うたのだが…」;;;<1264> J'aurais voulu lui tirer une plume pour vous la montrer, mais...
<1265> \{母}「鶏（かけ）をいじめては…なりませんよ」;;;<1265> Tu ne dois pas faire de mal aux poulets.
<1266> \{神奈}「母上がそう申すのなら、二度とせぬ」;;;<1266> Si tel est votre souhait, je ne le ferai plus.
<1267> やさしい声でさとされ、神妙に頷く。;;;<1267> Elle acquiesça sagement à la douce réprimande de sa mère.
<1268> \{神奈}「それでな、裏葉どのが胡桃を見つけてくれたのだ」;;;<1268> D'ailleurs, Uraha-dono m'avait trouvé une noix.
<1269> 一所懸命に言葉を選び、母君の耳に吹き入れるように喋る。;;;<1269> Kanna choisissait ses mots avec le plus grand soin pour captiver l'attention de sa mère.
<1270> \{神奈}「胡桃だけではないぞ。余がほしいと申した物は、必ず手に入れてくる」;;;<1270> Et pas seulement une noix. Peu importe ce que je lui demande, Uraha-dono me l'apportera.
<1271> \{神奈}「裏葉どのほど、よく気を働かす者はおらぬぞ」;;;<1271> Je n'ai jamais rencontré personne d'aussi diligent.
<1272> \{神奈}「時折怒りもするが、それも余を案じてのこと」;;;<1272> Elle se met parfois en colère, mais c'est parce qu'elle s'inquiète pour moi.
<1273> \{神奈}「裏葉どののおかげで、社でもそう淋しくはなかったぞ」;;;<1273> Grâce à Uraha-dono, même lorsque je vivais au sanctuaire, jamais je ne me suis sentie seule.
<1274> \{母}「それは、ごほっ…よかったですね」;;;<1274> Je suis... Kof ! ... heureuse de l'apprendre.
<1275> 血で咽せかえりそうになるのを、どうにかおさえている。;;;<1275> Elle arrivait à peine à retenir le sang dans sa gorge qui menaçait de l'étrangler.
<1276> \{神奈}「…母上、具合がよくないのか？」;;;<1276> ... Mère, vous vous sentez mal ?
<1277> \{母}「いえ。先をお続けなさい」;;;<1277> Non, tu peux continuer.
<1278> \{神奈}「そうか。胡桃の話であったな」;;;<1278> D'accord. Nous en étions à l'histoire de la noix.
<1279> \{神奈}「殻が割れぬので困っておるとな。柳也どのが太刀で斬ってくれたのだ」;;;<1279> J'eus grand-peine à briser sa coquille. Ryuuya-dono l'a donc coupée 
<1280> \{母}「…まあ、太刀で？」;;;<1280> Ooh... Au moyen de son sabre ?
<1281> \{神奈}「それもな。胡桃を宙に放り投げ、真っぷたつにしたのだぞ」;;;<1281> Exactement. Il l'a lancée en l'air, et l'a tranchée en deux.
<1282> 大袈裟な身振りをまじえて言う。;;;<1282> raconta-t-elle en agrémentant sa description de mimiques exagérées.
<1283> 見られていたのか。;;;<1283> Alors comme ça, elle m'a vu faire...
<1284> あの夕闇の森。;;;<1284> Dans cette forêt au crépuscule.
<1285> ちろちろと光る神奈の響無鈴…;;;<1285> Accompagnée du tintement des clochettes brillantes de Kanna...
<1286> \{神奈}「それほどの達人なのに、柳也どのは決して人を殺めぬのだ」;;;<1286> En dépit de ce talent, il ne tuera jamais qui que ce soit.
<1287> \{神奈}「柳也どのこそ、まことの士（もののふ）」;;;<1287> Ryuuya-dono est un samouraï en chair et en os.
<1288> \{神奈}「まことの忠臣だぞ…」;;;<1288> Le serviteur le plus fidèle qui soit...
<1289> 声を弾ませ、神奈は語り続ける。;;;<1289> La voix débordant d'enthousiasme, Kana continuait à parler.
<1290> そのかたわらでは、裏葉が身じろぎもせずに母子の対話を見つめている。;;;<1290> Un peu à l'écart, Uraha observait sans bouger la conversation entre la mère et l'enfant.
<1291> そうだ。;;;<1291> C'est ça.
<1292> 俺たちは旅を続けてきた。;;;<1292> Nous avions voyagé, et encore voyagé.
<1293> この日、この時のために。;;;<1293> Tout ça pour ce jour, pour ce moment.
<1294> ただ。;;;<1294> Et pourtant...
<1295> 旅路の果てに手にしたものは、あまりにもちっぽけな刻（とき）だった。;;;<1295> Au bout de ce voyage, tout ce que nous avions obtenu était cet instant si insignifiant.
<1296> \{裏葉}「…神奈さま、よろしいですか？」;;;<1296> ... Kanna-sama, puis-je ?
<1297> \{神奈}「うむ。なんだ？」;;;<1297> Oui. Qu'est-ce ?
<1298> \{裏葉}「お母君にお見せしたいものがあるのではございませんか？」;;;<1298> N'y aurait-il point quelque chose que vous souhaiteriez montrer à votre mère ?
<1299> \{神奈}「申すでないっ。それはとっておきなのだ」;;;<1299> N'en dis pas plus ! Je le réservais pour la fin.
<1300> \{裏葉}「お母君はお疲れのご様子。そろそろご披露された方が…」;;;<1300> Votre mère me parait fatiguée. Il me semble être temps...
<1301> 普段と少しも変わらない、落ち着きはらった声音。;;;<1301> Une voix calme, qui ne différait en rien de celle qu'elle avait d'habitude.
<1302> 裏葉の意図を汲み、母君も微笑みながら言った。;;;<1302> Comprenant l'intention de Uraha, la mère sourit et dit :
<1303> \{母}「わらわも、今すぐ見たいものです」;;;<1303> J'aimerais que tu me le montres maintenant.
<1304> \{神奈}「うむ。母上がそう申すのなら…」;;;<1304> Soit. Si tel est votre désir...
<1305> 神奈は言いながら、着物のふところからなにかを取り出した。;;;<1305> répondit Kanna en sortant quelque chose de son kimono.
<1306> \{神奈}「母上はこのようなものを見たことがあるか？」;;;<1306> Avez-vous déjà vu de tels objets, mère ?
<1307> \{母}「いしなとりの玉…ですね」;;;<1307> Il s'agit d'instruments pour jongler... n'est-ce pas ?
<1308> \{神奈}「なんと、母上も知っておられたか」;;;<1308> Oh, alors vous en aviez déjà vus.
<1309> \{母}「わらわは、上手にはできませんでしたが…」;;;<1309> Mais je n'arrive point à m'en servir correctement...
<1310> \{神奈}「そうかっ！  なら喜ぶがよいぞ」;;;<1310> Ah bon !! Si tel est le cas, réjouissez-vous.
<1311> \{神奈}「決めておったのだ」;;;<1311> Cela fait bien longtemps que j'ai décidé...
<1312> \{神奈}「母上に逢えたおりには、ぜひにもこれを披露しようと」;;;<1312> ... que lorsque je vous rencontrerai, je me devrai de vous les montrer.
<1313> 神奈は言うと、母君の背にそっと手を回し、石垣にもたれかけさせた。;;;<1313> dit Kanna, avant de passer doucement ses bras autour des épaules de sa mère pour l'aider à s'appuyer contre le mur de pierre.
<1314> それから母君に見えやすいようにと、森を背にして座りなおした。;;;<1314> Cela fait, Kanna se rassit, dos à la forêt, de manière à ce que sa mère pût bien la voir.
<1315> かたむいて射す月光が、神奈を明るく照らしている。;;;<1315> Les rayons de lumière lunaire illuminaient Kanna.
<1316> 最初のお手玉が、宙を舞った。;;;<1316> La première balle à grains s'éleva dans les airs.
<1317> ひとつ。;;;<1317> Une.
<1318> ふたつ。;;;<1318> Deux.
<1319> だが三つ目は神奈の手を逸れ、ぽとりと地面に落ちた。;;;<1319> Mais la troisième balle lui échappa des mains et alla s'écraser au sol.
<1320> \{神奈}「まことにできるのだぞっ」;;;<1320> Je vous assure que j'en suis capable !
<1321> お手玉を拾いあげ、もう一度構えなおす。;;;<1321> Elle ramassa la balle puis se remit en position.
<1322> 俺は思い出していた。;;;<1322> Des souvenirs me revinrent en mémoire :
<1323> 神奈がはじめてお手玉に触った日のことを。;;;<1323> Le jour où Kanna tint pour la première fois ces balles dans ses mains.
<1324> \{神奈}「母上、次こそ上手に放るぞ」;;;<1324> Mère, la prochaine fois sera la bonne.
<1325> \{神奈}「それっ…」;;;<1325> Hop...!
<1326> 『…余にもできるか？』;;;<1326> ... En suis-je aussi capable ?
<1327> 『そりゃ、やってみなけりゃわからないだろ』;;;<1327> Ça, tu n'en sauras rien tant que tu n'auras pas essayé.
<1328> 『すこしばかり習えば、必ずお上手になりますとも』;;;<1328> Il suffira d'un petit peu d'entraînement, et vous finirez invariablement par y arriver.
<1329> 『では、今すぐ余に教えるがよい』;;;<1329> Eh bien, n'attendez plus et enseignez-moi.
<1330> また、お手玉が指を逸れる。;;;<1330> De nouveau, une balle lui glissa entre les doigts.
<1331> \{神奈}「今度こそっ」;;;<1331> Encore une fois !
<1332> すぐに拾いあげ、宙に還そうとする…;;;<1332> Elle la ramassa immédiatement, et la lança en l'air...
<1333> 『ひとりではつまらぬ』;;;<1333> Jouer seule est d'un ennui.
<1334> 『おもちゃならそこにいくらでもあるだろ』;;;<1334> C'est des jouets, là-bas, non ?
<1335> 『飽きたぞ』;;;<1335> Je m'en suis lassée.
<1336> 『お手玉だけは飽きないみたいだな…』;;;<1336> Ces balles sont bien la seule chose dont tu ne te lasses aps...
<1337> \{神奈}「あぅ…」;;;<1337> Aah...
<1338> 二つの玉が空中でぶつかり、神奈の頭に降ってきた。;;;<1338> Deux balles se heurtèrent en l'air et tombèrent sur la tête de Kanna.
<1339> 母君は、にこにこと眺めていた。;;;<1339> Sa mère la regardait en souriant.
<1340> 愛らしく育った我が子を、まぶしそうに目を細めて。;;;<1340> Elle plissa les yeux, éblouie par l'amour qu'elle portait à cet enfant qui avait si bien grandi.
<1341> \{神奈}「次こそ、次こそ上手くゆくぞ」;;;<1341> La prochaine fois... La prochaine fois, j'y arriverai.
<1342> \{神奈}「えいっ…」;;;<1342> Hop...!
<1343> 『…もっと、上手になりたいぞ』;;;<1343> ... Je veux devenir meilleure.
<1344> 『毎日続ければ、きっと達人になれるさ』;;;<1344> Si tu t'y mets tous les jours, tu finiras par être une experte.
<1345> 『…余のお手玉、また見てくれるか？』;;;<1345> ... Me regarderez-vous jongler de nouveau ?
<1346> 『ああ、俺でよければいつでも見てやるよ…』;;;<1346> Ouais. Si ça te va, je te regarderai encore.
<1347> \{神奈}「あっ…」;;;<1347> Ah...!
<1348> 何度やっても、お手玉はうまく飛ぼうとしなかった。;;;<1348> Peu importe les efforts qu'elle y mettait, les balles refusaient de lui obéir.
<1349> \{神奈}「なぜ舞わぬっ！」;;;<1349> Pourquoi ne volez-vous pas ?!!
<1350> \{神奈}「母上の面前だぞ、なぜ舞わぬかっ！」;;;<1350> Ma mère est juste là, alors pourquoi ne volez-vous pas ?!!
<1351> 拾い集めたお手玉たちに口を寄せ、必死で言い聞かせる。;;;<1351> Elle avait ramassé les balles et les avait amenées devant son visage pour les sermonner.
<1352> \{神奈}「ずっと修練したのだぞ」;;;<1352> J'ai passé tellement de temps à m'entraîner !
<1353> \{神奈}「この日のために、ずっと鍛えておったのだぞ」;;;<1353> J'ai travaillé dur, tout ça pour ce jour !
<1354> \{神奈}「なのに…なぜ舞わんのだっ」;;;<1354> Et malgré cela... Pourquoi ne voulez-vous pas voler ?!
<1355> それでも歯を食いしばり、ひたすらにお手玉を続ける。;;;<1355> Refusant d'abandonner, Kanna serra les dents et recommença à tenter de jongler.
<1356> \{神奈}「えいっ…」;;;<1356> Hop...!
<1357> 構えも呼吸も、気にする余裕はない。;;;<1357> Elle ne se préoccupait même plus de sa posture ou de sa respiration.
<1358> 取り憑かれたように、同じ動作と失敗を繰り返す。;;;<1358> Elle répétait les mêmes mouvements et les mêmes erreurs comme une possédée.
<1359> 神奈ももう、感づいているはずだ。;;;<1359> Kanna devait déjà avoir réalisé...
<1360> 母君と共に過ごす時が、あとわずかで終わることに。;;;<1360> ... que sa mère ne serait plus là pour longtemps.
<1361> 裏葉がぶるぶると身を震わせている。;;;<1361> Uraha tremblotait.
<1362> 助け寄りたくなる自分を、必死で抑えている。;;;<1362> Elle s'efforçat désespérément de réprimer sa volonté d'aider Kanna.
<1363> 俺たちには、なにもしてやれない。;;;<1363> Nous ne pouvions rien faire pour elle.
<1364> 神奈がひとりで、やりとげるしかない。;;;<1364> C'était à Kanna, seule, d'y arriver.
<1365> 神奈はぎこちなくお手玉を放る。;;;<1365> Elle lança les balles avec maladresse.
<1366> あんなに震える指で、上手にできるはずがない。;;;<1366> Avec des mains aussi tremblantes, elle ne pouvait pas y arriver.
<1367> あんなに潤んだ瞳で、手元が見えるはずがない。;;;<1367> Avec des yeux aussi remplis de larmes, elle ne pouvait les voir.
<1368> だから俺は、お手玉に願うしかなかった。;;;<1368> Alors tout ce que je pouvais faire, c'était prier aux balles.
<1369> 頼む。;;;<1369> S'il vous plait.
<1370> 頼むから。;;;<1370> Je vous en supplie.
<1371> 一度だけだっていいから。;;;<1371> Juste une fois.
<1372> 神奈のために、舞ってやってくれと。;;;<1372> Volez pour Kanna.
<1373> 幾度めの挑戦か、わからなくなった頃。;;;<1373> Après maints essais infructueux...
<1374> 母君の唇が動いた。;;;<1374> Les lèvres de sa mère s'animèrent.
<1375> \{母}「上手ですね…」;;;<1375> Tu te débrouilles bien...
<1376> \{母}「本当に…よく…頑張りました…」;;;<1376> Tu dois avoir... tant... travaillé...
<1377> うすれゆく言葉と共に、力なく目蓋が降りる…;;;<1377> En même temps que sa voix s'affaiblissait, ses paupières se fermèrent.
<1378> \{神奈}「はは…うえ？」;;;<1378> Mère...?
<1379> 娘の呼びかけに、もう一度瞳が開いた。;;;<1379> Réagissant à l'appel de sa fille, ses paupières se rouvrirent.
<1380> \{母}「お続けなさい」;;;<1380> Continue s'il te plait.
<1381> 苦しげな息を整え、本当に、本当に幸せそうにささやく。;;;<1381> Elle calma sa respiration peinée, puis, sur un ton vraiment, vraiment heureux, soupira :
<1382> \{母}「わらわはずっと見ていますよ…」;;;<1382> Je n'ai pas cessé de regarder...
<1383> \{神奈}「わかった」;;;<1383> D'accord.
<1384> 安心したように頷いて、またお手玉に戻る。;;;<1384> Rassurée, Kanna se remit à jongler.
<1385> そんな神奈の姿を、母君は夢見るように眺めている。;;;<1385> Sa mère la contemplait, un air rêveur sur le visage.
<1386> もう痛みさえ、感じていないのかもしれない。;;;<1386> Peut-être ne ressentait-elle même plus la douleur.
<1387> 指先だけをそっと動かし、俺と裏葉を側に寄せた。;;;<1387> D'un mouvement limité aux bouts de ses doigts, elle nous fit signe, à Uraha et moi, de nous rapprocher.
<1388> \{母}「裏葉どの」;;;<1388> Uraha-dono.
<1389> \{母}「どうか…この母を、薄情だと…思わないで、くださいましね」;;;<1389> S'il vous plait... Ne voyez point en moi... une mère cruelle.
<1390> \{裏葉}「はいっ…」;;;<1390> Bien sûr...!
<1391> ただ一心に、裏葉は頭を下げた。;;;<1391> Uraha s'inclina comme si son âme entière avait guidé ce mouvement.
<1392> \{母}「柳也どの」;;;<1392> Ryuuya-dono.
<1393> \{母}「弔（とむら）いは…無用です」;;;<1393> Je n'aurai... pas besoin des derniers rites.
<1394> \{母}「我が身には決して触れず、ここに、捨て置きなさい…」;;;<1394> Ne me touchez pas, et laissez mon corps ici...
<1395> 俺は、答えることができなかった。;;;<1395> Je ne sus comment répondre.
<1396> これほどのお方が、こんな野辺で朽ち果てていいはずがなかった。;;;<1396> Une dame de son rang ne devrait pas finir ainsi, pourrissant au milieu d'un champ.
<1397> 翼を持つ一族の、誇り高き末裔（まつえい）。;;;<1397> Pas une fière descendante de Ceux qui portent des ailes.
<1398> その最期を、俺は看取ろうとしていた。;;;<1398> Je serai avec elle à ses derniers instants.
<1399> \{母}「これでもう、思い残すことは…ありません」;;;<1399> Maintenant, il n'y a... plus rien qui me retienne.
<1400> 月明かりの元で、頬が白く透き通っていくのがわかる。;;;<1400> Sous le clair de lune, je pouvais voir ses joues devenir livides.
<1401> \{母}「ただ…分かち合いたかった」;;;<1401> À l'exception... de passer du temps ensemble.
<1402> \{母}「この子と…翼を、重ね…」;;;<1402> De battre des ailes... à ses côtés...
<1403> \{母}「夏空を…」;;;<1403> À travers le ciel d'été...
<1404> \{母}「心の、まま…に…」;;;<1404> Portées... par nos cœurs...
<1405> 瞳が閉じられた。;;;<1405> Ses paupières se fermèrent.
<1406> 母君の旅路は、終わった。;;;<1406> Son périple touchait à sa fin.
<1407> お手玉が三つ、とさっと地面に落ちた。;;;<1407> Ses trois balles tombèrent par terre.
<1408> \{神奈}「…？」;;;<1408> ...?
<1409> \{神奈}「はは…うえ？」;;;<1409> Mère...?
<1410> 見開かれた瞳が、驚愕に変わる。;;;<1410> La stupéfaction gagna ses yeux écarquillés.
<1411> それでも神奈は、お手玉に手を伸ばす…;;;<1411> Pourtant, Kanna tendit le bras pour ramasser les balles.
<1412> それ以上見ていられず、俺は神奈に駈け寄った。;;;<1412> Incapable de supporter cette vision plus longtemps, je me précipitai vers elle.
<1413> \{柳也}「神奈、もういい」;;;<1413> Kanna, ça suffit.
<1414> \{柳也}「もういいんだ…」;;;<1414> C'en est assez...
<1415> \{神奈}「離せっ、離さんか！」;;;<1415> Lâchez-moi ! Mais lâchez-moi !
<1416> 俺の手を振りほどき、ただお手玉を拾おうとする。;;;<1416> Elle repoussa mes bras, puis, naturellement, ramassa les balles.
<1417> \{神奈}「母上は嘘を申さぬっ！」;;;<1417> Ma mère ne ment pas !!
<1418> \{神奈}「母上は、余が上手と申したのだぞ」;;;<1418> Ma mère m'a dit que je me débrouillais bien.
<1419> \{神奈}「余ができなければ、母上が嘘つきになるであろうが」;;;<1419> Si je n'y arrivais pas, cela ne ferait pas de ma mère une menteuse ?
<1420> \{神奈}「できねばならんのだっ」;;;<1420> Je \bdois\u y arriver !
<1421> \{神奈}「母上が、母上が見ておるのだぞ！」;;;<1421> Ma mère, elle me regarde !
<1422> \{神奈}「ずっとずっと、見ておるのだぞ…」;;;<1422> Pendant tout ce temps, elle n'a jamais cessé de me regarder...
<1423> お手玉をしている間は、母上が見ていてくれる。;;;<1423> Tant qu'elle jonglera, sa mère la regardera.
<1424> お手玉が上手にできれば、もう一度目を開けてくれる…;;;<1424> Et, si elle se débrouille bien, peut-être sa mère ouvrira-t-elle les yeux...
<1425> \{裏葉}「神奈さまっ！」;;;<1425> Kanna-sama !!
<1426> …ぴしゃん！\shake{1};;;<1426> ... \bPaf\u ! \shake{1}
<1427> 裏葉の平手が、神奈の頬を打った。;;;<1427> Uraha gifla Kanna.
<1428> それで、神奈は正気に戻った。;;;<1428> Kanna reprit alors ses esprits.
<1429> 神奈の瞳を正面から見据え、俺ははっきりと伝えた。;;;<1429> Je la regardai droit dans les yeux, et lui dis franchement :
<1430> \{柳也}「母君は、お隠れになった」;;;<1430> Ta mère n'est plus parmi nous.
<1431> \{神奈}「隠れてなどおらぬっ」;;;<1431> Elle l'est !
<1432> \{柳也}「ここには…もういないんだ」;;;<1432> Elle... n'est plus là.
<1433> 神奈が母君の顔を覗き込む。;;;<1433> Kanna examina le visage de sa mère.
<1434> 血の気のなくなった頬に、淡い月光がしんしんと積もっていく。;;;<1434> La lumière de la lune s'amassait sur ses joues pâles.
<1435> それはもう、土や草と同じ色を宿しはじめていた。;;;<1435> Son teint avait commencé à prendre les couleurs de la terre et de l'herbe.
<1436> そして、神奈は悟った。;;;<1436> C'est à ce moment-là que Kanna comprit :
<1437> 母上がどこに行ってしまったかを。;;;<1437> Sa mère s'en était allée.
<1438> \{神奈}「もう、目を開けぬのか？」;;;<1438> N'ouvrira-t-elle plus les yeux ?
<1439> \{神奈}「もう、笑うてはくれぬのか？」;;;<1439> Ne me sourira-t-elle plus ?
<1440> \{神奈}「余が命じても、母上はもう起きぬのか？」;;;<1440> Même si je le lui ordonne, n'ouvrira-t-elle plus les yeux ?
<1441> \{柳也}「その命は、だれにも果たせない」;;;<1441> Personne ne pourrait exécuter cet ordre.
<1442> \{神奈}「余が願うてもか？」;;;<1442> Même s'il vient de moi ?
<1443> \{神奈}「余が願うても、かなわぬのか？」;;;<1443> Si \bje\u le souhaite, mon vœu ne sera-t-il pas exaucé ?
<1444> こう答えるしかなかった。;;;<1444> Je ne pouvais lui répondre que d'une seule manière :
<1445> \{柳也}「届かない願いも、あるんだ…」;;;<1445> Certains souhaits ne peuvent être exaucés.
<1446> 月光が、森に満ちている。;;;<1446> La lune inonde les bois de sa lumière.
<1447> 神奈が母君の亡骸（なきがら）と、最後の別れをしている。;;;<1447> Kana fait ses adieux à la dépouille de sa mère.
<1448> 刺さったままの矢を引き抜く。;;;<1448> Elle retire la flèche encore plantée dans son cœur.
<1449> 着物の袖で、血のついた口元をぬぐう。;;;<1449> De la manche de son kimono, elle essuie le filet de sang qui quitte sa bouche.
<1450> そして神奈は、三つのお手玉を母君の胸元に置いた。;;;<1450> Cela fait, Kanna place les trois balles à grains sur son torse.
<1451> 手向（たむけ）がそれだけでいいことは、清らかな死に顔が物語っていた。;;;<1451> Même dans la mort, le visage serein de sa mère nous explique que cette offrande lui suffit.
<1452> そして神奈は腰を上げ、俺に向きなおった。;;;<1452> Finalement, Kanna se relève et se tourne vers moi.
<1453> \{神奈}「柳也どの」;;;<1453> Ryuuya-dono.
<1454> 声音を整え、俺に言う。;;;<1454> Sa voix calmée, elle me parle :
<1455> 母君が神奈に伝えたかったもの。;;;<1455> C'est ce que sa mère lui a transmis :
<1456> やさしさと強さと、翼を持つ者の誇り…。;;;<1456> La compassion, la force et la fierté de Ceux qui portent des ailes...
<1457> \{神奈}「守護の労、まことに大儀であった」;;;<1457> Je vous suis reconnaissante de la protection que vous m'avez apportée.
<1458> \{神奈}「つかの間であったが、余は…」;;;<1458> Ce fut bref, mais, je...
<1459> \{神奈}「余は…」;;;<1459> Je...
<1460> \{神奈}「………」;;;<1460> .........
<1461> 言葉はもう、用をなさなかった。;;;<1461> Les mots n'étaient plus nécessaires.
<1462> \{神奈}「りゅうや…どのぉ…」;;;<1462> Ryuuya... dono...
<1463> \{神奈}「ぐっ…うぁ…はは…うえっ…あっ…」;;;<1463> ... M-Mère...
<1464> \{神奈}「ぐすっ…う…あぐ…うぇ…」;;;<1464> ...
<1465> 神奈が泣いていた。;;;<1465> Kanna fondit en larmes.
<1466> 俺に取りすがり、泣きじゃくっていた。;;;<1466> Elle vint se coller contre moi puis éclata en sanglots.
<1467> 狩衣の胸元に、温かい涙が染みこむのを感じていた。;;;<1467> Je pouvais sentir ses larmes chaudes imprégner ma tunique.
<1468> \{柳也}「神奈…」;;;<1468> Kanna...
<1469> 右手で、神奈の頭に触れる。;;;<1469> Je lui caresse la tête de la main droite.
<1470> 絹のようにしなやかな黒髪を、そっと撫でつける。;;;<1470> Tendrement, je passe mes doigts dans ses cheveux de jais souples comme la soie.
<1471> そのまま抱きとめた。;;;<1471> Sans m'arrêter, je la pris dans mes bras.
<1472> きゃしゃな身体をわななかせて、神奈はただ泣き続ける。;;;<1472> Son corps si frêle et pris de soubresauts refuse d'arrêter de pleurer.
<1473> 俺の衣をつかんだ指に、ぎゅっと力がこもる。;;;<1473> Ses doigts, agrippés à mes vêtements, se crispent.
<1474> 背中に翼のある少女。;;;<1474> Kanna a peut-être des ailes dans le dos...
<1475> どこにでもいる、あたりまえの娘のように。;;;<1475> ... mais c'est une fille ordinaire, comme toutes les autres.
<1476> ざわりと、風が動いた。;;;<1476> Le vent se mit à souffler.
<1477> 山を揺るがすように、また鬨の声があがった。;;;<1477> Les cris de guerre se firent à nouveau entendre, semblant prêts à faire trembler la montagne.
<1478> うおおおおおお…;;;<1478> Uooooooh...
<1479> 野太い木霊が幾重にも重なる。;;;<1479> Leurs cris vulgaires ne diminuent pas.
<1480> 死地の気配に、背中の傷がじりじりと疼（うず）く。;;;<1480> Sentant la mort approcher, la plaie dans mon dos m'envoie une vague de douleur.
<1481> 己の不甲斐なさを鞭打つように。;;;<1481> Comme pour me punir de mes échecs.
<1482> 神奈を抱きしめたまま、俺はつぶやいた。;;;<1482> Je murmurai à Kanna, toujours serrée dans mes bras :
<1483> \{柳也}「…まだ、終わってないぞ」;;;<1483> ... C'est pas encore fini.
<1484> そうだ、まだ終わっていない。;;;<1484> Oui. Rien n'est joué.
<1485> ここから神奈を救い出すまでは。;;;<1485> Pas tant que je n'aurai pas sauvé Kanna de cet endroit.
<1486> この少女を、あたりまえの幸せに導くまでは。;;;<1486> Pas tant que je ne l'aurai pas guidée au bonheur qui lui est dû.
<1487> どこをどう逃げたのか、まったく覚えていない。;;;<1487> Par où nous sommes-nous enfuis? Comment nous sommes-nous enfuis ? Je n'en sais rien.
<1488> 篝火（かがりび）と具足の鳴る音に、何度も行く手を阻まれた。;;;<1488> La vue des feux de camp et les cliquetis des armures ont déjà maintes fois bloqué mon chemin.
<1489> \{柳也}「…こっちだ！」;;;<1489> ... Par ici !
<1490> そのたびに方向を変え、山中を闇雲に逃げまどった。;;;<1490> À chaque fois, nous changions de direction, et nous nous enfuyions à l'aveugle dans les montagnes.
<1491> 裏葉の表情が硬い。;;;<1491> Le visage d'Uraha est dur.
<1492> 気配に敏感な裏葉は、俺以上に感じ取っているかもしれない。;;;<1492> Elle est plus observante que moi, alors elle l'a sans doute remarqué :
<1493> 既に逃げ場など、どこにもないことを。;;;<1493> Nous n'avons nulle part où fuir.
<1494> だれからともなく、その場に座りこんだ。;;;<1494> Instinctivement, nous nous assîmes sur place, tous en même temps.
<1495> もう一歩も逃げられそうになかった。;;;<1495> Nous ne pouvions plus nous enfuir.
<1496> \{裏葉}「柳也さま、こちらを」;;;<1496> Ryuuya-sama, tenez.
<1497> 差し出された竹筒を、俺は断った。;;;<1497> Uraha me présenta un semi-bambou, que je refusai.
<1498> \{柳也}「俺はいいから、神奈にやってくれ…」;;;<1498> Je vais bien, passe-le à Kanna...
<1499> 三人の中でいちばん息があがっているのは、俺だった。;;;<1499> De nous trois, c'était elle la plus essoufflée.
<1500> 背中の傷口が開きかかっている。;;;<1500> La plaie dans mon dos était en train de se rouvrir.
<1501> 守護役のはずが足手まといになっているのは、耐え難かった。;;;<1501> Celui qui était chargé de leur protection était devenu un boulet. Rien de plus frustrant.
<1502> \{神奈}「余の命であるぞ、飲め」;;;<1502> Buvez. Je vous l'ordonne.
<1503> ぶっきらぼうな声音で、俺に竹筒を突き出してきた。;;;<1503> D'une voix brusque, elle me tendit le bambou.
<1504> 受け取って振ると、力なくたぷんと鳴った。;;;<1504> Je le lui pris des mains et le secouai. Le bruit qu'il fit fut bien faible.
<1505> \{柳也}「水はこれだけか？」;;;<1505> C'est tout ce qui nous reste comme eau ?
<1506> \{裏葉}「はい」;;;<1506> Oui.
<1507> \{柳也}「わかった。三人で飲もう」;;;<1507> Soit. Buvons-en un peu tous les trois.
<1508> ほんの少しの水を、いつくしむように回し飲む。;;;<1508> Nous bûmes chacun une maigre gorgée comme s'il s'agissait d'un bien des plus précieux.
<1509> 気がつくと、三人でぴったりと肩を寄せていた。;;;<1509> Sans même que je m'en rendisse compte, nous nous étions blottis les uns contre les autres.
<1510> その場所は木々が開けていて、見晴らしがよかった。;;;<1510> L'endroit était dégagé et la vue belle.
<1511> 向こうの山腹に、金剛峰寺の伽藍（がらん）群があった。;;;<1511> Sur le flanc opposé étaient visibles quelques édifices du Temple Kongō.
<1512> 月光を浴び、浄土のように煙っていた。;;;<1512> Troublés par le clair de lune, la vue des temples évoquait le paradis.
<1513> \{裏葉}「このように、三人で身を寄せあっておりますと、まるで…」;;;<1513> Blottis tous les trois l'un contre l'autre, c'est comme si...
<1514> \{柳也}「…仲のいい家族みたいだな」;;;<1514> ... C'est comme si on était une famille heureuse et unie.
<1515> 言ったとたんに、裏葉が俺のことを見返してきた。;;;<1515> Uraha se retourna aussitôt et me dévisagea.
<1516> \{柳也}「…なんだよ、その顔は？」;;;<1516> ... Quoi ? T'en tires une tête.
<1517> \{柳也}「『息苦しいほど身を寄せあうのがまことの家族』って言ったのはおまえだろ？」;;;<1517> C'est pas toi qui as dit qu'une vraie famille c'est une famille dans laquelle l'on se serre les uns contre les autres au point d'en étouffer.
<1518> \{裏葉}「まことに、そうでございますね…」;;;<1518> C'est vrai...
<1519> 呑気に話をしながらも、俺は周囲に気を配っていた。;;;<1519> J'avais beau badiner, je restais attentif à ce qui se passait autour de moi.
<1520> 今はしんと落ちついた夜気に、松脂と煙の匂いが混じっている。;;;<1520> Des odeurs de résine de pin et de fumée se mêlent au calme de la nuit.
<1521> ここに軍勢がなだれ込むまで、そう時間はなかった。;;;<1521> Bientôt, une armée serait ici.
<1522> その時だった。;;;<1522> Tout à coup...
<1523> まったく出し抜けに、神奈が訊いてきた。;;;<1523> Sans crier gare, Kanna nous posa une question :
<1524> \{神奈}「ふたりとも、願いはあるか？」;;;<1524> Vous deux. Avez-vous des souhaits ?
<1525> \{柳也}「願い、か？」;;;<1525> Des souhaits, hein ?
<1526> \{柳也}「そうだなあ…」;;;<1526> Eh ben...
<1527> 考える振りをしながら、俺の願いは決まっていた。;;;<1527> Je fis semblant d'y réfléchir, mais mon 'souhait' était évident :
<1528> 俺の命に代えても、この包囲を脱すること。;;;<1528> Sortir de cet encerclement, quitte à y laisser ma peau.
<1529> せめて神奈だけでも、生かして逃がすこと…;;;<1529> Tant que Kanna arrive à s'enfuir...
<1530> \{裏葉}「わたくしにはございます」;;;<1530> J'ai effectivement un souhait.
<1531> \{裏葉}「神奈さまと柳也さまと、いつまでも暮らしとうございます」;;;<1531> Kanna-sama, Ryuuya-sama. J'aimerais vivre avec vous pour toujours.
<1532> …あいかわらず脳天気だな。;;;<1532> ... Toujours aussi insouciante.
<1533> そう言うかわりに、別の言葉が口をついていた。;;;<1533> ... Mais je choisis de garder cette réflexion pour moi.
<1534> \{柳也}「それもいいかもしれないな」;;;<1534> Ça non plus, ce serait pas mal.
<1535> \{裏葉}「どこか静かな土地に、小さな庵（いおり）をかまえましょう」;;;<1535> Nous pourrions trouver un lopin de terre dans une région calme, et y vivre en ermites.
<1536> \{柳也}「食い扶持ぐらいなら、俺がどうにかできるしな」;;;<1536> Pour ce qui est de la nourriture, vous pouvez compter sur moi.
<1537> \{柳也}「畑を耕すか、狩りをするか…」;;;<1537> Je peux labourer, chasser...
<1538> \{裏葉}「海の近くなら、漁（すなどり）をすることもできましょうね」;;;<1538> Si nous nous installons près de la mer, nous pourrons aussi pêcher.
<1539> \{柳也}「海、か…」;;;<1539> La mer, hein...?
<1540> \{柳也}「どうせなら、西の方の温かい海がいいな」;;;<1540> Quitte à choisir la mer, autant choisir les chaudes mers de l'ouest.
<1541> \{裏葉}「それはたいそう居心地よく暮らせましょうねえ…」;;;<1541> Cela sonne si agréable...
<1542> 既に庵の前にいるかのように、うっとりと裏葉が言う。;;;<1542> dit Uraha d'un ton envoûté comme si elle y était déjà.
<1543> と、神奈が身を乗り出すように訊いてきた。;;;<1543> Kanna se pencha alors pour me demander :
<1544> \{神奈}「海とは、どのようなものだ？」;;;<1544> La 'mer'. À quoi cela ressemble ?
<1545> \{柳也}「なんだ、知らないのか？」;;;<1545> Quoi ? Tu sais pas ?
<1546> \{神奈}「途方もなく大きな水たまりと聞いておるが、この目で見たことはないぞ」;;;<1546> J'ai entendu dire qu'il s'agit d'une flaque d'eau aux proportions titanesques, mais je ne l'ai jamais vue de mes propres yeux.
<1547> \{柳也}「水たまりは水たまりでも、全部塩水だぞ」;;;<1547> Une flaque, une flaque... Avec rien que de l'eau salée, oui.
<1548> \{神奈}「…また余をたばかっておるであろ」;;;<1548> Seriez-vous encore une fois en train de vous moquer de moi ?
<1549> \{裏葉}「まことでございます」;;;<1549> Ryuuya-sama dit vrai.
<1550> \{柳也}「それにな、海は空と同じぐらい広い」;;;<1550> Ce n'est pas tout. La mer est aussi vaste que le ciel.
<1551> \{神奈}「なんと…」;;;<1551> Comment..?
<1552> \{裏葉}「鯛も鮑も食べ放題でございます」;;;<1552> La mer contient suffisamment de daurades et d'ormeaux pour toute votre vie.
<1553> \{神奈}「まことかっ」;;;<1553> Vraiment ?!
<1554> \{柳也}「…獲る役の奴に訊かれても困るぞ」;;;<1554> C'est pas une bonne idée de demander à celui qui devra aller les pêcher...
<1555> \{裏葉}「囲炉裏（いろり）を囲んで、塩焼きにしていただきましょう」;;;<1555> Nous pourrions nous asseoir autour d'un feu et les griller avec du sel.
<1556> \{神奈}「それで冬は軒先の雪を食べるのだな」;;;<1556> Et, en hiver, nous pourrions manger la neige amassée sur les corniches.
<1557> \{柳也}「…食べてもいいが、腹こわすなよ」;;;<1557> ... Je ne t'en empêcherai pas, mais tu risques d'avoir mal au ventre.
<1558> 一瞬の間さえも惜しみながら、幸せな会話が続く。;;;<1558> Notre conversation heureuse se poursuivit, profitant des derniers instants qu'il nous restait.
<1559> その隙をうかがうように、四方から足音が近づいてくるのを感じていた。;;;<1559> Je pouvais sentir des bruits de pas venant de tous côtés, guettant une occasion.
<1560> 朝廷の軍勢か、高野の僧兵か、それとも吾妻侍か。;;;<1560> L'armée impériale ? Les moine-guerriers de Kouya ? Ou bien, les samouraïs de l'Est ?
<1561> 裏葉に目で合図を送る。;;;<1561> Je lance un regard entendu à Uraha.
<1562> 俺が倒されても、今度こそ絶対に振り返るな。;;;<1562> Ce regard lui dit de ne jamais regarder en arrière, même si je venais à mourir.
<1563> 神奈を連れて逃げられる所まで逃げろ。;;;<1563> 'Fuis avec Kanna, aussi loin que possible'.
<1564> 決意のかわりに、裏葉は他愛のない夢を返す。;;;<1564> Mais au lieu d'y réagir, Uraha replongea dans ses rêveries :
<1565> \{裏葉}「海辺の村にも夏祭はありましょうね」;;;<1565> Les villages en bord de mer doivent aussi tenir des festivals.
<1566> \{柳也}「ああ。どこにだってあるさ」;;;<1566> Ouais. Ils en font partout.
<1567> \{裏葉}「今度は三人で踊りましょう」;;;<1567> La prochaine fois, nous danserons tous les trois.
<1568> \{柳也}「そうだな。見てるだけなんてつまらないからな…」;;;<1568> Bonne idée. Ne faire que regarder est d'un ennui...
<1569> 太刀にそっと手をかける。;;;<1569> Ma main s'approche lentement de mon sabre.
<1570> 裏葉も右手でふところの小刀を探る。;;;<1570> De même, la main droite d'Uraha se prépare à saisir la dague dans son kimono.
<1571> 俺たちの恐れを、神奈に気取られてはいけない。;;;<1571> Nous ne pouvons pas laisser Kanna remarquer notre anxiété.
<1572> だから俺は、心に描いていた。;;;<1572> Pour ce faire, j'imaginai une scène :
<1573> たぶんそれは、煌々（こうこう）と月が照り映える夏の晩だ。;;;<1573> Une nuit d'été où la lune brille de mille feux. Ou quelque chose du genre.
<1574> たくさんの人々と、にぎやかな祭囃子。;;;<1574> De nombreuses personnes, et une entraînante musique de festival.
<1575> 天に昇っていく、炎と笑い声。;;;<1575> Les flammes comme les rires s'envolant vers le ciel.
<1576> 神奈が一所懸命に踊る。;;;<1576> Kanna dansant avec ardeur.
<1577> その姿があまりにぎこちなくて、見かねた裏葉が手ほどきをはじめる。;;;<1577> Uraha ne pouvant supporter de la voir danser aussi maladroitement et s'empressant de lui prodiguer des conseils.
<1578> 俺はただ笑いながら、楽の音に身をゆだねる…;;;<1578> Moi, qui me contente de rire en m'abandonnant à la musique.
<1579> \{神奈}「これは、夢であるな」;;;<1579> C'est un rêve, pas vrai ?
<1580> 神奈の声に、俺は我にかえった。;;;<1580> La voix de Kanna me fit revenir à la réalité.
<1581> 俺たちから身体を離し、神奈はすっくと立ちあがった。;;;<1581> Elle s'éloigna de nous, et se leva d'un bond.
<1582> \{神奈}「余の夢だ…」;;;<1582> \bMon\u rêve...
<1583> 大きく広げた両袖で、そっと宙を掻き抱く。;;;<1583> Avec ses deux manches largement écartées, elle prend le monde dans ses bras.
<1584> この場でかわしたすべての言葉を、自分の中に閉じ込めるかのように。;;;<1584> Comme pour garder avec elle tous les mots qui s'étaient échangés ici.
<1585> \{神奈}「夢はつらい夢ばかりではない」;;;<1585> Tous les rêves n'ont pas à être amers.
<1586> \{神奈}「楽しかったぞ」;;;<1586> Je me suis bien amusée.
<1587> \{柳也}「神奈？」;;;<1587> Kanna ?
<1588> 様子がおかしい。;;;<1588> Son attitude était étrange.
<1589> \{神奈}「決してここから動くでない」;;;<1589> Restez ici, et ne bougez pas.
<1590> \{柳也}「…動くなって、おい？」;;;<1590> 'Ne bougez pas'...? Hé !
<1591> 俺が立ちあがると同時に、神奈がするりと近寄ってきた。;;;<1591> Au moment où je me levai, Kanna se glissa près de moi.
<1592> \{神奈}「柳也どのと一緒におると、羽を忘れられた」;;;<1592> Être avec vous me faisait oublier mes ailes.
<1593> 衣を脱ぎ捨て、地面に落とす。;;;<1593> Elle défit ses habits et les laissa tomber par terre.
<1594> 裸身が微風をまとう。;;;<1594> Une légère brise vint envelopper son corps nu.
<1595> 唇と唇が触れた。;;;<1595> Nos lèvres se touchèrent.
<1596> 神奈の温かさが、震えと共に伝わってきた。;;;<1596> Elle me transmit sa chaleur comme ses frissons.
<1597> \{神奈}「…これでよかったのか？」;;;<1597> ... Était-ce correct ?
<1598> 側にひかえた裏葉を見て、自信なさげに訊く。;;;<1598> demanda-t-elle avec timidité à Uraha qui se tenait à côté d'elle.
<1599> \{裏葉}「いささか不作法ですが…」;;;<1599> Le tout manque de raffinement, mais...
<1600> 言いながら、こくりと頷いた。;;;<1600> ... mais elle approuva de la tête.
<1601> 『神奈さまと柳也さまと、いつまでも暮らしとうございます』;;;<1601> Kanna-sama, Ryuuya-sama. J'aimerais vivre avec vous pour toujours.
<1602> そう答えた時にはもう、裏葉は気づいていたはずだ。;;;<1602> En disant cela, elle devait l'avoir réalisé :
<1603> これから神奈が、どこに行こうとしているかを。;;;<1603> Que Kanna allait nous quitter.
<1604> \{神奈}「余の最後の命である」;;;<1604> Ceci est mon dernier ordre :
<1605> \{神奈}「末永く」;;;<1605> Vivez...
<1606> \{神奈}「幸せに」;;;<1606> ... heureux...
<1607> \{神奈}「暮らすのだぞ…」;;;<1607> ... pour toujours...
<1608> 光と共に、翼が広がった。;;;<1608> Ses ailes se déployèrent dans une explosion de lumière.
<1609> 神奈を中心に、風が渦が巻いた。;;;<1609> L'air se mit à tournoyer autour de Kanna.
<1610> 天の御使い。;;;<1610> L'envoyée du Ciel.
<1611> その名にふさわしい輝き。;;;<1611> Le nom convenait à cette radiance.
<1612> 人知を越えた者として君臨するかのような、あでやかな翼。;;;<1612> Ses ailes magnifiques semblaient souligner son statut d'être transcendant appelé à régner sur les hommes.
<1613> 次第に強くなる風に、目を開けているのさえ辛い。;;;<1613> Les bourrasques se faisaient de plus en plus fortes, si bien que je commençais à garder les yeux ouverts.
<1614> 舞い、荒れ狂い、周囲を圧する。;;;<1614> Le vent dansait avec rage, prêt à écraser tout ce qui se trouverait sur son chemin.
<1615> 木々も大地も、耐えきれずに悲鳴をあげている。;;;<1615> Les arbres comme la terre, incapables de le supporter, hurlaient de détresse.
<1616> 雑兵たちが容赦なく中空に巻きあげられる。;;;<1616> Les soldats furent soulevés et impitoyablement projetés dans les airs.
<1617> 風は壁となり、俺と裏葉をすっぽりと囲んでいた。;;;<1617> Le vent avait formé une barrière au centre de laquelle Uraha et moi étions parfaitement encerclés.
<1618> \{柳也}「神奈っ！」;;;<1618> Kanna !!
<1619> 叫んでも、自分の声すら聞こえない。;;;<1619> À quoi bon crier, je n'entends même pas ma propre voix...
<1620> 俺は呆然と見ているしかなかった。;;;<1620> Tout ce que je pouvais faire, c'était la regarder d'un air hébété.
<1621> 地上を離れ、ふわりと舞いあがる神奈の姿を。;;;<1621> Son corps quitta le sol et s'éleva dans les airs.
<1622> 山を揺るがすすさまじい突風に、軍勢が逃げまどう。;;;<1622> Une furieuse rafale fit trembler la montagne et mit l'armée en déroute.
<1623> その上を、神奈は低くゆっくりと飛ぶ。;;;<1623> Kanna, flottant près du sol, les dominait.
<1624> 愚かな人間たちに、翼の威光を見せつけるかのように。;;;<1624> Comme pour montrer à ces vulgaires humains la toute-puissance de ses ailes.
<1625> そして、俺は気づいた。;;;<1625> C'est alors que je compris :
<1626> 神奈は俺と同じことをしているのだ。;;;<1626> Kanna m'imitait.
<1627> 自分の身を囮（おとり）にして、俺たちを逃がすつもりなのだ。;;;<1627> Elle faisait l'appât pour nous permettre de nous enfuir.
<1628> \{柳也}「…くそっ」;;;<1628> ... Bon sang !
<1629> 駈け出そうとした俺の前に、裏葉が立ちはだかった。;;;<1629> Lorsque je me relevai pour prendre la fuite, Uraha bloqua mon chemin.
<1630> \{裏葉}「柳也さま、追ってはなりません」;;;<1630> Ryuuya-sama, vous ne devez pas al poursuivre.
<1631> \{柳也}「なっ…」;;;<1631> Que...?!
<1632> \{裏葉}「神奈さまは、心から願っておいでです」;;;<1632> C'est ce que Kanna-sama souhaite du fond de son cœur :
<1633> \{裏葉}「柳也さまに生きながらえてほしいと」;;;<1633> Que vous surviviez.
<1634> 突きつけられたその言葉に、ただうろたえる自分がいた。;;;<1634> Ses mots lancés sans prévenir me prirent au dépourvu.
<1635> \{柳也}「俺は…俺は神奈の随身だぞっ」;;;<1635> Je... Je suis son garde du corps, bon sang !
<1636> 裏葉は俺から視線を外そうとしなかった。;;;<1636> Uraha ne détachait pas son regard et continuait de me fixer.
<1637> \{裏葉}「もはや違います」;;;<1637> Ce n'est plus le cas.
<1638> \{裏葉}「神奈さまにとって、柳也さまは…」;;;<1638> Pour Kanna-sama, vous êtes...
<1639> そして裏葉は、瞳を空に向けた。;;;<1639> Uraha leva les yeux pour regarder le ciel.
<1640> 中天には満月があった。;;;<1640> La pleine lune y trônait.
<1641> 神奈の銀翼が、月の光を浴びて宝玉のように輝く。;;;<1641> Sous sa lumière, les ailes d'argent de Kanna brillaient comme des joyaux.
<1642> ゆるゆると、神奈は昇っていく。;;;<1642> Petit à petit, elle gagnait de l'altitude.
<1643> 向かいの山陵から、呪詛のうねりが響いてきた。;;;<1643> Des murmures de malédiction émanèrent de la montagne qui nous faisait face.
<1644> 何百人もの僧侶が声を合わせ、調伏の呪文をとなえている。;;;<1644> Ces murmures étaient une incantation, scandée par des centaines de moines dans le but d'exorciser Kanna.
<1645> 解き放たれてしまった悪鬼を、ふたたび封じこめるために。;;;<1645> Afin que le démon qui s'était échappé fût à nouveau scellé.
<1646> 風が衰え、翼の輝きが苦しげにまたたく。;;;<1646> Le vent faiblit, et l'éclat de ses ailes commença à s'estomper.
<1647> 巣立ったばかりの小鳥のように、それでも神奈は飛び続ける。;;;<1647> Mais Kanna continuait à battre des ailes, à la manière d'un oisillon tout juste sorti du nid.
<1648> 地に這いつくばっていた兵たちが、弓矢を手に体勢を整える。;;;<1648> Les soldats recroquevillés au sol se remirent en position, arcs et flèches en mains.
<1649> \{声}「…今だ、射かけよ！」;;;<1649> ... Maintenant ! Tirez !
<1650> \{声}「…おのれ妖物めっ」;;;<1650> ... Saleté de monstre !
<1651> 地上から空へ向けて、夕立のように次々と矢が放たれる。;;;<1651> Pareille à une averse soudaine, une pluie de flèches quitta le sol en direction du ciel.
<1652> 光と共に羽が散り、神奈の身体がぐらりと傾いた。;;;<1652> Des plumes brillantes s'éparpillèrent, et Kanna vacilla.
<1653> \{声}「…やった！」;;;<1653> ... On l'a eue !
<1654> \{声}「…きゃつは手負いぞ。早う射て、射てっ」;;;<1654> ... Elle est blessée ! Vite, tirez ! Tirez !
<1655> \{柳也}「神奈っ！」;;;<1655> Kanna !!
<1656> 我を忘れ、俺は叫んでいた。;;;<1656> Je me laissai emporter et criai.
<1657> \{柳也}「もっと高く飛べっ！  もっと高くっ！」;;;<1657> Monte ! Vole plus haut encore !! Encore !!
<1658> 神奈は昇っていく。;;;<1658> Kanna s'éleva.
<1659> かなわぬ願いを、天に届けるために。;;;<1659> Pour que d'irréalisables souhaits atteignissent les Cieux.
<1660> 追いすがる鎖のように、呪詛の声も高まっていく。;;;<1660> Telle une chaîne qui s'enroulerait autour de Kanna, la malédiction se faisait de plus en plus forte.
<1661> そして…;;;<1661> C'est alors...
<1662> 光がはじけた。;;;<1662> ... que tout fut lumière.
<1663> 羽が飛び散った。;;;<1663> Des plumes chutèrent.
<1664> それきり、神奈は動かなくなった。;;;<1664> À ce moment-là, Kanna ne bougeait plus.
<1665> 何もない虚空で、凍りついたように。;;;<1665> Comme si elle était figée dans un espace vide.
<1666> 翼の光が衰えていく。;;;<1666> L'éclat de ses ailes avait fini par s'éteindre.
<1667> やがて、なにも見えなくなった。;;;<1667> Je ne la voyais bientôt plus.
<1668> 高野が燃えていた。;;;<1668> Kouya brûlait.
<1669> 立ち並ぶ伽藍も尖塔も、ごうごうと炎を吹き上げていた。;;;<1669> Des gerbes de flammes engloutissaient les rangées de temples et de tours.
<1670> 攻め入った軍勢が火を放ったのだろう。;;;<1670> Les troupes d'invasion y avaient sans doute mis le feu.
<1671> それでも呪詛は止まなかった。;;;<1671> Mais la malédiction ne cessait pas pour autant.
<1672> 自らの死を賭してさえ、僧たちは御修法（みしほ）を続けている。;;;<1672> Quitte à y laisser leur vie, les moines n'arrêteraient pas leurs prières.
<1673> 翼人の災厄から、人の世を守るために。;;;<1673> Ils priaient pour protéger le monde des calamités qu'apporteraient les Êtres Ailés.
<1674> 俺の叫びはもう、言葉にならなかった。;;;<1674> Mes cris ne prenaient même plus la forme de mots.
<1675> なにが間違っていてなにが正しいのか、俺にわかるはずがなかった。;;;<1675> Je ne pouvais même plus discerner le vrai du faux.
<1676> 護るべき少女を失った。;;;<1676> J'avais perdu la fille que je me devais de protéger.
<1677> 俺にとって、それがすべてだった。;;;<1677> Elle était tout pour moi.
<1678> 山中に立ち尽くしているうちに、朝が訪れた。;;;<1678> Tandis que je me tenais debout, immobile, quelque part sur la montagne, le matin se réveilla.
<1679> 木漏れ日の向こう、あたりまえのように夏空が広がっていた。;;;<1679> Au bout des rayons du soleil filtrant à travers les arbres, le ciel d'été s'étendait comme si de rien n'était.
<1680> 母君が望んだ空。;;;<1680> Le ciel dont sa mère avait rêvé.
<1681> 神奈を奪い去った空。;;;<1681> Le ciel qui avait emporté Kanna.
<1682> その青さに耐えられず、俺は地面に両膝をついた。;;;<1682> Ne pouvant davantage supporter tout ce bleu, je me mis à genoux.
<1683> 蝉が高く鳴きはじめた。;;;<1683> Les cigales chantaient à tue-tête.
<1684> 耳の奧には、まだ言葉が残っている。;;;<1684> Ses mots résonnaient encore dans mes oreilles.
<1685> 『柳也どのこそ、まことの士（もののふ）』;;;<1685> Ryuuya-dono est un samouraï en chair et en os.
<1686> 『まことの忠臣だぞ…』;;;<1686> Le serviteur le plus fidèle qui soit...
<1687> 拳を土に叩きつけた。;;;<1687> Je frappai le sol de mon poing.
<1688> \{柳也}「俺のどこが忠臣だよ…」;;;<1688> En quoi suis-je un fidèle serviteur...?!
<1689> 昨夜のうちに、金剛峰寺は陥落したらしい。;;;<1689> Le Temple Kongō avait dû tomber durant la nuit.
<1690> 廃材の焦げる匂いに乗って、どこからか刀で切り結ぶ音が聞こえてくる。;;;<1690> Au milieu du parfum de bois brûlé, on pouvait entendre des sabres s'entrechoquer.
<1691> 残兵同士の小競り合いは今も続いているようだった。;;;<1691> Les escarmouches semblaient se poursuivre à l'encontre des dernières forces encore debout.
<1692> 俺は立ちあがり、太刀を鞘から抜いた。;;;<1692> Je me levai, et dégainai mon sabre.
<1693> 敵中に斬りこみ、神奈の臣下として果てる。;;;<1693> Je me jetterai à l'assaut des rangs ennemis, et mourrai comme servant de Kanna.
<1694> 神奈をあんな目に遭わせた奴らを、できるだけ多く道連れにする。;;;<1694> ... Pour venger Kanna, j'emporterai avec moi le plus grand nombre d'entre eux.
<1695> 理由など何でもいい。;;;<1695> Je n'avais plus besoin de raison.
<1696> ただ、俺を滅ぼしてくれる者を探していた。;;;<1696> Tout ce que je voulais, c'était trouver celui qui me détruirait.
<1697> \{裏葉}「…柳也さま」;;;<1697> ... Ryuuya-sama.
<1698> ずっと無言だった裏葉が、不意に俺を呼んだ。;;;<1698> Uraha, qui était restée silencieuse jusqu'alors, m'appela soudainement.
<1699> なにもかもを見透かした声音が、今はたまらなく重荷だった。;;;<1699> Cette voix qui lisait en moi comme un livre ouvert m'était devenue insupportable.
<1700> \{柳也}「おまえとはここで別れる」;;;<1700> C'est ici que nos chemins se séparent.
<1701> \{柳也}「俺や神奈のことは忘れろ」;;;<1701> Oublie-moi, et oublie Kanna.
<1702> \{柳也}「達者で暮らせ」;;;<1702> Porte-toi bien.
<1703> 裏葉はなにも答えなかった。;;;<1703> Uraha ne me répondit pas.
<1704> 衣の袖を鳥のように広げ、俺の行く手をふさいだ。;;;<1704> À la place, elle écarta les bras pour me barrer le chemin.
<1705> \{柳也}「邪魔立てするなら、斬る」;;;<1705> Écarte-toi, ou je te tue.
<1706> だが、裏葉は一歩も退こうとしなかった。;;;<1706> Mais Uraha n'était pas prête à s'écarter.
<1707> \{裏葉}「お斬りくださいませ」;;;<1707> Tuez-moi, je vous en prie.
<1708> 俺は太刀の切っ先を返し、裏葉の喉元に突きつけた。;;;<1708> Je retournai mon sabre pour en coller la pointe contre sa gorge.
<1709> 社殿でやった脅しとは違う。;;;<1709> Ce n'était pas comme lorsque je l'avais menacée au sanctuaire :
<1710> どかないのなら、本当に突き殺す。;;;<1710> Si elle ne bougeait pas, je la tuerais vraiment.
<1711> だが、裏葉は考えてもいなかった手段に出た。;;;<1711> Ce qu'elle fit alors dépassait mon imagination.
<1712> 突きつけられた刃を、裏葉は両手でおおった。;;;<1712> Uraha saisit la lame tendue vers elle et la serra entre ses mains.
<1713> 研ぎすました刀身を、布でも絞るように握りこむ。;;;<1713> Elle la serra aussi fort qu'un tissu que j'aurais enroulé autour de ma lame.
<1714> 俺が少しでも身動きすれば、裏葉の指は落ちる。;;;<1714> Au moindre mouvement de ma part, ses doigts tomberaient.
<1715> \{裏葉}「どうぞお斬りくださいませ」;;;<1715> Allez-y. Veuillez me tuer.
<1716> \{柳也}「脅しではないぞ」;;;<1716> Je ne plaisante pas.
<1717> \{裏葉}「わたくしも脅しではございません」;;;<1717> Moi non plus.
<1718> \{裏葉}「悪鬼と変じた柳也さまを見て、なぜ神奈さまがお喜びになりましょうか」;;;<1718> Pensez-vous que Kanna serait contente de vous voir transformé en démon sanguinaire ?
<1719> \{柳也}「神奈はもういない」;;;<1719> Kanna n'est plus parmi nous.
<1720> \{裏葉}「柳也さまはここにおられます」;;;<1720> Mais vous, vous l'êtes !
<1721> \{裏葉}「神奈さまの願いどおり、柳也さまはたしかに生きておられます」;;;<1721> Comme le souhaitait Kanna-sama, vous avez survécu !
<1722> たしかに俺は生きている。;;;<1722> Effectivement, je suis encore en vie.
<1723> 神奈を失った今となっては、その事実は身を裂くような後悔しか残さなかった。;;;<1723> Mais maintenant que je n'avais plus Kanna, cette vérité ne fait que me déchirer de remords.
<1724> 頼むから、わかってくれ。;;;<1724> Je t'en supplie, comprends-moi.
<1725> 俺はこれ以上、生き恥を晒したくないんだ…;;;<1725> Comment puis-je continuer à vivre en portant une telle humiliation...
<1726> そんな俺に、裏葉は微笑んだ。;;;<1726> Uraha me sourit.
<1727> \{裏葉}「まだ終わっておりません」;;;<1727> Ce n'est pas fini.
<1728> 蝉の声と葉擦れの向こうに、裏葉は一心に耳を澄ます。;;;<1728> Uraha tendit l'oreille avec attention pour entendre les sons au-delà du chant des cigales et du bruissement des feuilles.
<1729> \{裏葉}「神奈さまのお声が聞こえます」;;;<1729> Je peux entendre sa voix.
<1730> \{裏葉}「神奈さまはお泣きになっています」;;;<1730> Kanna-sama est en train de pleurer.
<1731> \{裏葉}「かすかにですが、わたくしには聞こえます」;;;<1731> Je ne l'entends que très faiblement, mais je l'entends.
<1732> \{柳也}「裏葉、おまえ…」;;;<1732> Uraha, tu...
<1733> 正気を失ったのではと思った。;;;<1733> Je pensais qu'elle avait perdu la raison.
<1734> 瞳を覗くと、たしかに光が宿っていた。;;;<1734> Seulement, je voyais bien que ses yeux continuaient à briller.
<1735> あの夜に散った最後の羽の輝きが、裏葉の中にあった。;;;<1735> L'éclat des plumes tombées durant la nuit les habitait.
<1736> 俺の怒りは退いていた。;;;<1736> Ma colère se calma.
<1737> \{柳也}「…あきらめが悪いんだな」;;;<1737> ... T'es têtue, tu sais ça ?
<1738> \{裏葉}「あらあら、柳也さま」;;;<1738> Oh là là, Ryuuya-sama.
<1739> \{裏葉}「元より女とは、あきらめが悪いものでございます」;;;<1739> Sachez que les femmes sont têtues par nature.
<1740> \{柳也}「それはそれとしてだ」;;;<1740> Si tu le dis...
<1741> \{柳也}「手を離してくれないと、太刀がおさめられない」;;;<1741> Mais tu devrais lâcher mon sabre si tu veux que je le range.
<1742> \{裏葉}「いやでございます」;;;<1742> Je refuse.
<1743> 刀身をきゅっと握ったまま、涼しい顔で言う。;;;<1743> dit-elle d'un air placide sans arrêter d'en tenir fermement la lame.
<1744> \{裏葉}「お誓いくださいませ」;;;<1744> Jurez-moi quelque chose :
<1745> \{裏葉}「そのお生命、決して無駄には散らさぬと」;;;<1745> Jurez-moi de ne jamais gâcher votre vie.
<1746> \{裏葉}「お生命の最後の最後まで、神奈さまのためにつくす、と」;;;<1746> Vivez pour Kanna-sama jusqu'à votre dernier souffle.
<1747> これでは、どちらが脅されているのかわからない。;;;<1747> Dur de comprendre qui menace qui dans cette situation...
<1748> そして今度も、負けたのは俺だった。;;;<1748> Mais ce qui est certain, c'est que celui qui avait perdu, c'était moi.
<1749> \{柳也}「…わかった」;;;<1749> ... D'accord.
<1750> \{柳也}「俺の生命、おまえに預ける」;;;<1750> Ma vie est entre tes mains.
<1751> 刀を鞘に収めたとたんに、裏葉の瞳から涙があふれだした。;;;<1751> Au moment où mon sabre regagna mon fourreau, des larmes se mirent à couler sur son visage.
<1752> \{裏葉}「ありがとう…ございますっ…」;;;<1752> Merci... infiniment...!
<1753> 笑いながら、ぽろぽろとこぼれる涙。;;;<1753> Des torrents de larmes coulaient sur son sourire.
<1754> 気丈な裏葉が俺にはじめて見せた、とめられない感情。;;;<1754> Uraha, d'ordinaire si stoïque, me laissait voir pour la première fois ses sentiments .
<1755> \{柳也}「なぜ、泣くんだよ？」;;;<1755> Pourquoi est-ce que tu pleures ?
<1756> \{裏葉}「嬉しいからで…ございます」;;;<1756> Parce que je suis... si heureuse.
<1757> \{裏葉}「この裏葉も…神奈さまと同じでございます」;;;<1757> Je ressens... ce que Kanna-sama ressentait :
<1758> \{裏葉}「柳也さまなしでは、この先生きてなど…ゆけません」;;;<1758> Sans vous... je ne peux plus continuer à vivre.
<1759> \{柳也}「大げさだな」;;;<1759> Tu exagères.
<1760> \{裏葉}「大げさで、ございますとも…」;;;<1760> Dites que j'exagère si cela vous chante...
<1761> \{柳也}「裏葉」;;;<1761> Uraha.
<1762> \{裏葉}「はいっ…」;;;<1762> Oui...!
<1763> \{柳也}「行こう」;;;<1763> Allons-y.
<1764> \{裏葉}「はい。お供いたします」;;;<1764> Oui. Je vous accompagne.
