<0000> ７月２６日(水);;;<0000> 26/07 (mer.)
<0001> 駅での生活二日目の朝を迎えた。;;;<0001> Le soleil se leva pour mon deuxième jour de vie à la gare.
<0002> 目覚めと同時に耳の奥に響く蝉の鳴き声。;;;<0002> Je fus accueilli au réveil par les échos des chants des cigales.
<0003> これはこれでなかなか辛い物がある。;;;<0003> Je dois dire que ce ne fut pas particulièrement agréable.
<0004> 憎々しいまでに青い空を見上げながら伸びをした。;;;<0004> Je m'étirai en levant les yeux vers ce ciel d'un bleu détestable.
<0005> 歯を磨き、顔を洗って出かける準備を整える。;;;<0005> Je me brossai les dents, rinçai mon visage, et remis mes affaires en ordre avant de partir.
<0006> \{\m{A}}「さてと…」;;;<0006> Et maintenant...
<0007> 観鈴を迎えに行く;;;<0007> Aller à la rencontre de Misuzu
<0008> 金を稼ぎに商店街へ;;;<0008> Aller gagner de l'argent dans la rue commerçante
<0009> まず向かうのは神尾家。;;;<0009> Commençons par aller chez les Kamio.
<0010> 飯を食わせてもらった分だけの恩は返しておかなければならない。;;;<0010> Il fallait bien que je leur rende leur hospitalité.
<0011> \{\m{A}}「…遅いな」;;;<0011> ... Elle est en retard.
<0012> 昨日とそう変わらない時間に来ているはずなのに、観鈴はまだ姿を現さない。;;;<0012> J'avais beau être arrivé à la même heure que la veille, Misuzu n'avait toujours pas pointé le bout de son nez.
<0013> ひょっとしてまだ寝ているのか？;;;<0013> À tout hasard, serait-elle encore en train de dormir ?
<0014> 腕を組みながら壁にもたれる。;;;<0014> Je m'adossai au mur en croisant les bras.
<0015> 時折、中を覗き込むように首を伸ばす。;;;<0015> Je tendais le cou de temps en temps pour jeter un coup d'œil.
<0016> \{\m{A}}「………」;;;<0016> .........
<0017> 玄関に人が現れそうな気配は微塵もない。;;;<0017> Rien ne suggérait que quelqu'un pourrait surgir de l'entrée.
<0018> 仕方ないので、直接玄関まで向かう。;;;<0018> Je n'avais pas d'autre choix que d'aller voir par moi-même.
<0019> 戸を開けようと、手を伸ばした。;;;<0019> Je tendis une main pour ouvrir la porte.
<0020> ガラ…。;;;<0020> \bClic\u...
<0021> \{観鈴}「わ、\m{A}さん」;;;<0021> Wah, \m{A}-san.
<0022> 俺が戸を開けるより一寸早く、観鈴が現れた。;;;<0022> Misuzu se dévoila juste avant que je n'ouvrisse la porte.
<0023> \{観鈴}「ひょっとして迎えに来てくれたのかな」;;;<0023> Est-ce que tu es venu m'accompagner ?
<0024> \{\m{A}}「そういう約束だろ。時間大丈夫なのか」;;;<0024> C'est ce que je t'ai promis. T'es dans les temps ?
<0025> \{観鈴}「うん、二時間目は間に合うよ」;;;<0025> Oui, à temps pour la deuxième période.
<0026> つまりは遅刻らしい。;;;<0026> En d'autres termes, elle allait être en retard.
<0027> \{\m{A}}「とりあえず向かうか」;;;<0027> Quoi qu'il en soit, allons-y.
<0028> \{観鈴}「うん」;;;<0028> Ok.
<0029> ３６０度、全ての角度から響き渡る蝉の鳴き声。;;;<0029> Les chants des cigales pouvaient être entendus à trois cent soixante degrés.
<0030> 加えて陽炎の立つこの陽射し。;;;<0030> De plus, le soleil faisait miroiter l'air.
<0031> 一体今日は何度まで気温が上がるんだろう。;;;<0031> C'était à se demander jusqu'où la température allait grimper.
<0032> 夏の厳しさにげんなりしていると、観鈴が話しかけてきた。;;;<0032> Pendant quand je me morfondais en pensant à la sévérité des chaleurs estivales, Misuzu prit la parole :
<0033> \{観鈴}「でも、驚いた」;;;<0033> Ça m'a surpris, tu sais.
<0034> \{\m{A}}「あん？  なにがだ？」;;;<0034> Ah bon ? Quoi ?
<0035> \{観鈴}「\m{A}さん。まさか今日も迎えに来てくれるなんて思わなかった」;;;<0035> Toi. Je n'aurais jamais pensé que tu viendrais m'accompagner aujourd'hui.
<0036> \{\m{A}}「恩は返すと言っただろ」;;;<0036> Je t'ai dit que je te rendrais la pareille.
<0037> \{観鈴}「うん、恩返し恩返し」;;;<0037> Oui. Rendre la pareille, rendre la pareille.
<0038> 観鈴は楽しそうに、恩返しを繰り返した。;;;<0038> Elle répéta ces mots avec entrain.
<0039> \{観鈴}「でもね…」;;;<0039> Mais, tu sais...
<0040> \{\m{A}}「ん？」;;;<0040> Hmn ?
<0041> \{観鈴}「お見送りはもういいよ」;;;<0041> Tu n'es plus obligé de m'accompagner.
<0042> \{\m{A}}「もういい？」;;;<0042> 'Plus obligé' ?
<0043> \{観鈴}「うん。\m{A}さんしなきゃいけないことあるし、迷惑かけたくないから」;;;<0043> Oui. Tu as des choses à faire, et je ne voudrais pas te gêner.
<0044> \{観鈴}「だから、お見送りはいいよ」;;;<0044> Alors tu n'es plus obligé de m'accompagner.
<0045> 観鈴はニコリと笑って俺に言った。;;;<0045> me dit-elle en souriant.
<0046> \{観鈴}「到着」;;;<0046> Arrivés.
<0047> \{観鈴}「\m{A}さん、送ってくれてありがとうね」;;;<0047> \m{A}-san, merci d'avoir fait la route avec moi.
<0048> \{\m{A}}「１時間目は遅刻だけどな」;;;<0048> T'es quand même en retard pour la première période.
<0049> \{観鈴}「うん、明日は寝坊しないようにがんばる」;;;<0049> Oui, j'essaierai de ne pas me lever trop tard, demain.
<0050> \{\m{A}}「ああ」;;;<0050> Ouais.
<0051> \{観鈴}「ひとりでもちゃんと起きられるから、だいじょうぶ」;;;<0051> Je suis capable de me lever tout seul, alors ça ira.
<0052> \{\m{A}}「ああ」;;;<0052> Ouais.
<0053> \{観鈴}「だから安心していいよ」;;;<0053> Donc ne t'inquiète pas.
<0054> \{\m{A}}「そうだな」;;;<0054> Si tu le dis.
<0055> 観鈴の独り立ちか…。;;;<0055> Misuzu indépendante, hein...
<0056> 俺はポンと観鈴の頭に手を乗せて、軽く撫でてやる。;;;<0056> Je posai une main sur la tête de Misuzu et la caressai gentiment.
<0057> 観鈴はうれしそうに目を細める。;;;<0057> Elle plissa les yeux de plaisir.
<0058> \{観鈴}「じゃあ、行ってくるね」;;;<0058> Bon, ben j'y vais.
<0059> 観鈴は元気に手を振ると、そのまま校舎へ消えていった。;;;<0059> Misuzu me fit un signe de la main plein d'énergie avant de disparaître dans les bâtiments scolaires.
<0060> 学校の前にひとり立つ。;;;<0060> J'étais désormais seul devant l'école.
<0061> もうここには用はない。;;;<0061> Je n'avais plus rien à faire là.
<0062> \{\m{A}}「…行くか」;;;<0062> ... En route.
<0063> 俺も校門から離れた。;;;<0063> Je quittai le portail.
<0064> 観鈴のことが少し気になったが、いつまでも迎えに行くわけにはいかない。;;;<0064> Je m'inquiétais un peu pour Misuzu, mais je ne pourrais pas aller indéfiniment à sa rencontre.
<0065> どこかで区切りをつけないといけないんだ。;;;<0065> Il fallait bien que j'arrête un jour ou l'autre.
<0066> 下手に長引かせて情がうつってしまうと、後々あいつのためにならない。;;;<0066> Si je faisais durer ça et qu'on s'attachait trop l'un à l'autre, ce ne serait pas bon à long terme.
<0067> まあ、世話になった分だけの恩返しはしただろう。;;;<0067> Bah, je lui avais au moins rendu la pareille pour son hospitalité.
<0068> 俺は空に向かって伸びをすると、大きく息を吐いた。;;;<0068> Je m'étirai en contemplant le ciel, et poussai un gros soupir.
<0069> 気分を切り替える。;;;<0069> Il était temps de changer de disque.
<0070> \{\m{A}}「今日こそ稼ぐぞ」;;;<0070> Aujourd'hui, je vais me faire des sous !
<0071> それは自分に言い聞かすための言葉だった。;;;<0071> dis-je à voix haute pour de m'en persuader.
<0072> ………。;;;<0072> ..........
<0073> \{\m{A}}「ふぁ～～～あ…」;;;<0073> Fuaaaaah~...
<0074> いったい何度目のあくびになるのだろうか。;;;<0074> Combien de fois avais-je déjà bâillé ?
<0075> 診療所の看板の前。;;;<0075> J'étais juste devant la pancarte de la clinique.
<0076> もはや定位置。;;;<0076> C'était rapidement devenu mon point de rendez-vous.
<0077> \{\m{A}}「暇だな…」;;;<0077> Je m'ennuie...
<0078> \{ポテト}「ぴこ」;;;<0078> Piko.
<0079> いつの間にか、ポテトが俺の膝の上に乗っかっていた。;;;<0079> Sans que je le remarque, Potato avait grimpé sur mes genoux.
<0080> \{\m{A}}「おまえに話しかけたわけじゃないぞ」;;;<0080> Je ne t'ai pas sonné.
<0081> \{ポテト}「ぴこぴこぴこ♪」;;;<0081> Piko piko piko.
<0082> \{\m{A}}「はぁ…」;;;<0082> Haa...
<0083> \{ポテト}「ぴこ？」;;;<0083> Piko ?
<0084> 大あくびの次はため息。;;;<0084> Je lâchai un gros bâillement, suivi d'un soupir.
<0085> 夏の空に目を向ける。;;;<0085> Et déplaça mon regard vers le ciel d'été.
<0086> 額から、汗が流れ落ちるのを感じた。;;;<0086> Je sentais la sueur couler sur mon front.
<0087> この町に降り立った時から、幾つの時が過ぎ去ったのだろう。;;;<0087> Combien de jours s'étaient écoulés depuis mon arrivée dans ce village ?
<0088> 指折り数えてみる。;;;<0088> Je comptai sur mes doigt.
<0089> \{\m{A}}「…もう、八日目か」;;;<0089> ... Déjà huit jours.
<0090> 気が重くなる。;;;<0090> Cela me pesait.
<0091> このまま、俺はこの町で一生を終えてしまうのではないだろうか。;;;<0091> J'étais bien parti pour passer le restant de mes jours dans ce village.
<0092> \{\m{A}}「がんばれ、俺」;;;<0092> Bon courage à moi.
<0093> 励ましてみた。;;;<0093> Je m'auto-encourageai.
<0094> 虚しかった。;;;<0094> En vain.
<0095> \{ポテト}「ぴこぴこぴこ」;;;<0095> Piko piko piko.
<0096> \{\m{A}}「………」;;;<0096> .........
<0097> \{ポテト}「ぴこぴこぴこ」;;;<0097> Piko piko piko.
<0098> 俺になにかを訴えかけている。;;;<0098> Il essayait de me dire quelque chose.
<0099> \{\m{A}}「喋ってもいいんだぞ」;;;<0099> Tu peux parler, tu sais.
<0100> \{\m{A}}「今なら、俺しかいないからな」;;;<0100> Actuellement, il n'y a que moi, ici.
<0101> \{ポテト}「ぴこ？」;;;<0101> Piko ?
<0102> 俺の中に、ひとつの確信があった。;;;<0102> En mon for intérieur, j'en étais convaincu :
<0103> こいつは絶対に喋れる。;;;<0103> Ce petit gars était forcément capable de parler.
<0104> 自分を犬に見せかけるために、わざと人間の言葉を喋らないだけだ。;;;<0104> Afin de prétendre être un chien, il fait exprès de ne pas employer le langage humain.
<0105> \{ポテト}「ぴこぴこ？」;;;<0105> Piko piko ?
<0106> \{\m{A}}「遠慮するな。おまえが実は喋れるってことは、黙っておいてやるから」;;;<0106> N'aie pas peur. Si tu parles, je ne dirai rien à personne.
<0107> \{ポテト}「ぴこ～」;;;<0107> Piko~.
<0108> \{\m{A}}「カマーンッ、ポテト！」;;;<0108> Come on, Potato !
<0109> \{ポテト}「ぴこっ！」;;;<0109> Piko !!
<0110> 大きく頷いた。;;;<0110> Il hocha la tête d'un mouvement large.
<0111> やった！;;;<0111> Parfait !
<0112> 犬が喋る決定的瞬間だっ！;;;<0112> Le moment tant attendu où un chien allait parler !!
<0113> …れろん。;;;<0113> ... \bLèche\u.
<0114> \{\m{A}}「………」;;;<0114> .........
<0115> \{ポテト}「ぴこぴこぴこ」;;;<0115> Piko piko piko.
<0116> \{\m{A}}「なんのつもりだ」;;;<0116> Qu'est-ce que t'essaies de faire ?
<0117> \{ポテト}「ぴこぴこぴこ♪」;;;<0117> Piko piko piko ♪.
<0118> れろんれろ～ん。;;;<0118> ... \bLèche-léchouille~\u.
<0119> 何度も何度も、俺の頬をなめ回す。;;;<0119> Il me lécha frénétiquement les joues.
<0120> \{\m{A}}「…楽しいか？」;;;<0120> ... Tu t'amuses ?
<0121> \{ポテト}「ぴこ♪」;;;<0121> Piko ♪.
<0122> \{\m{A}}「そらよかったな」;;;<0122> C'est bien, ça.
<0123> \{\m{A}}「さてと」;;;<0123> Voyons voir...
<0124> ポテトをむんずと掴んで、その辺に放り投げた。;;;<0124> Je l'attrapai par la peau du cou, et le lâchai au sol.
<0125> \{\m{A}}（くだらないことをしてないで、もう一踏ん張りするか）;;;<0125> Assez plaisanté, il faut que je me reconcentre.
<0126> \{\m{A}}「よし」;;;<0126> Bien !
<0127> 自らに気合いを込め、立ち上がる。;;;<0127> Je me motivai et me relevai.
<0128> \{聖}「おっ、諦めて帰るところか」;;;<0128> Oh ! Tu abandonnes et tu t'en vas déjà ?
<0129> 出鼻をくじくように、極悪田舎医師が声を掛けてきた。;;;<0129> Juste à temps pour tuer ma motivation, la voix du Maléfique Docteur Péquenaud me salua.
<0130> \{聖}「誰が極悪田舎医師だっ」;;;<0130> C'est qui que t'appelles le Maléfique Docteur Péquenaud ?
<0131> 声に出してしまったらしい。;;;<0131> J'avais dû le dire à voix haute.
<0132> \{\m{A}}「通りすがりの旅芸人に無理矢理掃除をさせるのが極悪じゃないというのか？」;;;<0132> N'est pas maléfique de forcer un artiste itinérant à faire le ménage ? 
<0133> \{聖}「何だ、昨日のことを根に持っているのか」;;;<0133> Ah ? Tu m'en veux pour hier ?
<0134> さも馬鹿にしたように言う。;;;<0134> dit-elle d'un ton moqueur.
<0135> \{聖}「昨日の詫びだ、ほら」;;;<0135> Tiens, pour m'excuser pour hier :
<0136> と、手に下げていた何かを渡された。;;;<0136> Elle me tendit quelque chose qu'elle tenait dans sa main.
<0137> 手作りらしい巾着袋だった。;;;<0137> C'était un petit sac à cordon, fait à la main.
<0138> 中はずっしりと重い。;;;<0138> Il contenait quelque chose de très lourd.
<0139> \{\m{A}}「なんだこれは」;;;<0139> C'est quoi, ça ?
<0140> \{聖}「弁当だよ」;;;<0140> Un bentō.
<0141> 耳を疑った。;;;<0141> Je n'en croyais pas mes oreilles.
<0142> \{\m{A}}「…今、弁当と言ったか？」;;;<0142> ... Tu viens de dire : 'bentō' ?
<0143> \{聖}「そうだ」;;;<0143> En effet.
<0144> ごくり。;;;<0144> \bGloups\u.
<0145> 喉が鳴った。;;;<0145> J'avalai ma salive.
<0146> \{聖}「私が丹誠込めて作ったものだからな、非常に美味だ」;;;<0146> Je me suis très appliquée pour préparer ces succulents mets.
<0147> \{聖}「ツナサンドと鮭おにぎりのセットで、量も申し分ない」;;;<0147> Il contient de généreuses portions de sandwichs au thon et d'onigiris au saumon.
<0148> \{聖}「おかずは五目春巻きとエビチリだ」;;;<0148> Et comme accompagnements, des rouleaux de printemps ainsi que des crevettes au piment.
<0149> \{聖}「デザートも凝りまくってるぞ」;;;<0149> Et les desserts ne sont pas moins délicieux.
<0150> \{聖}「それを佳乃に届けてやってくれ」;;;<0150> J'aimerais que tu l'apportes à Kano.
<0151> \{\m{A}}「…おい」;;;<0151> ... Hé.
<0152> \{聖}「今日は朝から学年登校日なんだが、弁当を忘れていったんだ」;;;<0152> Elle reprend l'école ce matin, mais elle a oublié son bentō.
<0153> \{\m{A}}「…ちょっと待て」;;;<0153> ... Un moment.
<0154> \{聖}「夏休み中は購買も食堂も開いていないし、さぞやひもじい思いをしているだろうからな」;;;<0154> Pendant les vacances d'été, la cafétéria et la cantine sont toutes les deux fermées. Elle doit certainement être affamée.
<0155> \{\m{A}}「待てこらっ！  人の話を…」;;;<0155> Attends un peu !! Écoute les gens quand...
<0156> \{聖}「届けてくれるよな？」;;;<0156> Tu vas le lui apporter, d'accord ?
<0157> \{\m{A}}「…迅速丁寧に配達いたします」;;;<0157> ... Il sera livré promptement et avec tout le soin qui lui est dû.
<0158> \{聖}「よろしい」;;;<0158> Entendu.
<0159> まあいい。;;;<0159> Bah, peu importe.
<0160> この場は素直に届ける振りをしておいて、途中で…;;;<0160> Je ferai semblant d'obtempérer, mais en cours de route...
<0161> \{聖}「途中で食うなよ」;;;<0161> Ne le mange pas en cours de route.
<0162> ぎくううううっ。;;;<0162> \bRaaaaaaah\u !
<0163> \{\m{A}}「し、失敬な奴だな君はっ」;;;<0163> Q-Quel manque de respect, ma parole !
<0164> 高飛車に出てみる。;;;<0164> Je pris un air hautain.
<0165> \{聖}「………」;;;<0165> .........
<0166> \{\m{A}}「…すみません。死んでもこのまま届けます」;;;<0166> ... Pardon. Il sera livré, quitte à y laisser ma peau.
<0167> \{聖}「このぐらいで死なれても困るが」;;;<0167> Ce serait dommage que tu meures pour ça.
<0168> 一瞬でメスをしまい、苦笑いする。;;;<0168> Elle rengaina son scalpel et força un sourire.
<0169> \{聖}「仕方ないな。君の分も作っておいてやる」;;;<0169> Apparemment, je vais aussi devoir t'en préparer un.
<0170> \{聖}「ただし、帰ってきたらだぞ」;;;<0170> Mais seulement une fois que tu seras revenu.
<0171> それなら悪い条件ではない。;;;<0171> C'était plutôt équitable.
<0172> \{\m{A}}「承知した」;;;<0172> Compris.
<0173> 俺は頷いて、焼けた歩道に足を踏み出した。;;;<0173> J'acquiesçai, et me mis en marche sur le trottoir brûlant.
<0174> ………。;;;<0174> ..........
<0175> ぴっこぴっこぴっこ…。;;;<0175> \bPikko pikko pikko\u...
<0176> \{\m{A}}「………」;;;<0176> .........
<0177> ぴっこぴっこぴっこ…。;;;<0177> \bPikko pikko pikko\u...
<0178> \{\m{A}}「………」;;;<0178> .........
<0179> ぴっこぴっこぴっこ…。;;;<0179> \bPikko pikko pikko\u...
<0180> \{\m{A}}「…おい」;;;<0180> ... Hé.
<0181> \{ポテト}「ぴこ？」;;;<0181> Piko ?
<0182> \{\m{A}}「その音、なんとかならないのか」;;;<0182> Tu pourrais arrêter de faire ce bruit ?
<0183> まるで、俺の足音がぴこぴこ鳴っているようだ。;;;<0183> J'avais l'impression que mes pas faisaient 'piko piko'.\bPikko pikko pikko\u...
<0184> \{\m{A}}「だいたいおまえ、こんなところまでついてきて、聖に怒られないのか？」;;;<0184> Et d'abord, Hijiri ne va pas te gronder si tu me suis jusqu'ici ?
<0185> \{ポテト}「ぴこぴこぴこ」;;;<0185> Piko piko piko.
<0186> \{\m{A}}「…そうか。怒られないか」;;;<0186> ... Je vois. Elle ne va pas te gronder.
<0187> \{ポテト}「ぴこ」;;;<0187> Piko.
<0188> \{\m{A}}「………」;;;<0188> .........
<0189> \{\m{A}}「…まあいい」;;;<0189> ... Bah, peu importe.
<0190> \{\m{A}}「さっさと行くぞ。俺は腹が減ってるんだ」;;;<0190> Dépêchons-nous. Je meurs de faim.
<0191> \{ポテト}「ぴこ」;;;<0191> Piko.
<0192> \{\m{A}}「………」;;;<0192> .........
<0193> ぴっこぴっこぴっこ…。;;;<0193> \bPikko pikko pikko\u...
<0194> …ぴっこぴっこぴっこ…。;;;<0194> ... \bPikko pikko pikko\u...
<0195> ぴっこぴっこぴっこ…。;;;<0195> \bPikko pikko pikko\u...
<0196> ………。;;;<0196> ..........
<0197> キーンコーンーカーンコーン…。;;;<0197> \bDing dong ding dong\u...
<0198> 校門に辿り着いた。;;;<0198> J'étais arrivé au portail.
<0199> チャイムの音が俺を出迎えてくれた。;;;<0199> Je fus accueilli par la sonnerie.
<0200> 校門から中を覗いてみる。;;;<0200> Je jetai un coup d'œil de l'autre côté du portail.
<0201> 夏休みとは思えないほど、学生たちでごった返していた。;;;<0201> Vu l'agitation et le nombre d'élèves présents, dur de penser que ce fussent les vacances d'été.
<0202> ぐー。;;;<0202> \bGarg~ouille\u...
<0203> 腹が鳴った。;;;<0203> Mon ventre gronda.
<0204> さっさと届けてこよう。;;;<0204> Apportons-le sans plus tarder.
<0205> ずかずかと校内に入る。;;;<0205> Je m'incrustai dans l'école.
<0206> ぴっこぴっこぴっこ…。;;;<0206> \bPikko pikko pikko\u...
<0207> \{\m{A}}「………」;;;<0207> .........
<0208> \{ポテト}「ぴこぴこ」;;;<0208> Piko piko.
<0209> 見つかったらパニック必至の珍獣をつまみ上げ、植え込みの影にそっと隠す。;;;<0209> Le spécimen causerait une panique inutile s'il était découvert, alors je le dissimulai dans l'ombre de buissons.
<0210> \{\m{A}}「俺がいいと言うまで、ここを動くな」;;;<0210> Ne bouge pas jusqu'à ce que je te dise que tu peux.
<0211> \{ポテト}「ぴっこり」;;;<0211> Pikkori.
<0212> \{\m{A}}「さてと…」;;;<0212> Et maintenant...
<0213> 再び歩き出そうとする。;;;<0213> Je me remis à marcher.
<0214> \{\m{A}}「………」;;;<0214> .........
<0215> どこに届けたらいいか、わからない。;;;<0215> Je ne savais pas où l'amener.
<0216> 訊いてみる;;;<0216> Demander
<0217> 自力で探す;;;<0217> Chercher par moi-même
<0218> とりあえずこの学校にいることは間違いないんだ。;;;<0218> Dans tous les cas, elle devait être dans l'enceinte de cette école.
<0219> 探せばいつか見つけることができるだろう。;;;<0219> À force de chrcher, je ne finirais bien par la trouver.
<0220> 俺は止めた足を前にだし、佳乃捜索を開始した。;;;<0220> Je repris la marche. L'enquête Kano avait commencé.
<0221> ………。;;;<0221> ..........
<0222> ……。;;;<0222> .......
<0223> …。;;;<0223> ....
<0224> \{\m{A}}「………」;;;<0224> .........
<0225> 廻り廻って、元いた場所にたどり着く。;;;<0225> J'avais fait le tour, et étais revenu à mon point de départ.
<0226> 第一回佳乃捜索は失敗に終わってしまった。;;;<0226> Ma première tentative d'élucider l'enquête Kano s'était soldée par un échec.
<0227> 補習中の教室のドアを開けた時はかなり気まずかった。;;;<0227> J'avais ouvert la porte d'une classe en plein cours de soutien, ce qui avait été assez embarrassant.
<0228> それにやはり制服じゃないからだろうか、廊下を歩いているとヤケに視線を集める。;;;<0228> De plus, comme je ne portais pas d'uniforme, je pouvais sentir tous les regards se poser sur moi alors que je traversais les couloirs.
<0229> 教師らしきオヤジに声をかけられた時は反射的に逃げ出してしまった。;;;<0229> J'avais entendu la voix d'un homme d'âge moyen m'interpeller, et je m'étais enfui en courant par réflexe, par crainte que ce fût un enseignant.
<0230> 潮の香りのする風を受けながら、ジッと校舎の壁を見つめる。;;;<0230> Tout en sentant le vent qui amenait avec lui l'odeur de la mer, j'inspectai le bâtiment du regard.
<0231> なかなか難攻不落な建物だ。;;;<0231> On aurait dit une forteresse impénétrable.
<0232> 一人ということの無力さを痛感する。;;;<0232> Elle me fit réaliser à quel point j'étais impuissant, seul.
<0233> 手に持った弁当箱が、やけに重く感じられた。;;;<0233> Le bentō que je tenais en main me paraissait horriblement lourd.
<0234> ………。;;;<0234> ..........
<0235> \{\m{A}}「このまま食ってやろうか」;;;<0235> Si c'est comme ça, autant le manger moi-même.
<0236> ポツリと危険な言葉を口にした瞬間、脳裏にメスを持った聖の姿が浮かび上がる。;;;<0236> Aussitôt ces mots malheureux sortis de ma bouche, une image de Hijiri tenant un scalpel se dessina dans mon esprit.
<0237> ダメだ。まだ命は惜しい。;;;<0237> Non. Je tenais encore à la vie.
<0238> 早く佳乃に届けよう。;;;<0238> Dépêchons-nous de l'apporter à Kano.
<0239> しかしどうやって？;;;<0239> Mais comment ?
<0240> ………。;;;<0240> ..........
<0241> 素直に聞き込み捜査に切り替えよう。;;;<0241> Je décidai d'interroger de potentiels témoins.
<0242> 通りがかった女学生三人組に、すかさず声を掛けた。;;;<0242> Un trio d'écolières passait par là. Je m'empressai de leur adresser la parole :
<0243> \{\m{A}}「おい、そこの人ちょっと」;;;<0243> Hé, un moment.
<0244> \{女学生Ａ}「はい？」;;;<0244> Oui ?
<0245> \{\m{A}}「少し訊ねたいことがあるんだが…」;;;<0245> Je suis à la recherche de quelqu'un...
<0246> 胡散臭そうに俺のことを見る。;;;<0246> Elles m'adressèrent des regards suspicieux.
<0247> \{\m{A}}「佳乃…霧島佳乃って子がどこにいるか知らないか？」;;;<0247> Auriez-vous une idée d'où pourrait se trouver la fille du nom de Kano... Kirishima Kano ?
<0248> 別の少女がすかさず言ってきた。;;;<0248> Une autre fille me répondit du tac au tac.
<0249> \{女学生Ａ}「かのりん？」;;;<0249> Kanorin ?
<0250> \{\m{A}}「そう。かのりんだ」;;;<0250> C'est ça. Kanorin.
<0251> \{女学生Ａ}「わたし、かのりんの仲良しクラスメート１号です～」;;;<0251> Moi, je suis la Meilleure Camarade de Classe de Kanorin n°1~.
<0252> \{女学生Ｂ}「ちがうよ、１号はわたし」;;;<0252> Mais non, c'est moi la n°1.
<0253> \{女学生Ｃ}「えー、わたしも前に１号って言われたよー」;;;<0253> Eh— ? Mais elle m'avait dit que j'étais la n°1—
<0254> \{\m{A}}「………」;;;<0254> .........
<0255> 俺をほったらかし、ごちゃごちゃともめ続ける少女たち。;;;<0255> Elles continuèrent à se chamailler sans faire attention à moi.
<0256> 番号が重複して、大混乱に陥っているようだった。;;;<0256> Il semblait y avoir une grande confusion à propos de numéros en double.
<0257> \{\m{A}}（…というか、仲良しのクラスメートにまで番号を振るな）;;;<0257> ... De toute façon, elle ne devrait pas numéroter ses 'Meilleurs Camarades de Classe'.
<0258> \{女学生Ｂ}「…ども、お待たせしました」;;;<0258> ... Pardon de vous avoir fait attendre.
<0259> ようやく結論が出たようだった。;;;<0259> Elles avait l'air de s'être arrangées.
<0260> \{１号}「協議の結果、わたしが仲良しクラスメート１号ということになりました」;;;<0260> À la suite de cette discussion, j'ai été nommée Meilleure Camarade de Classe de Kanorin n°1.
<0261> \{２号}「２号です～」;;;<0261> N°2~.
<0262> \{３号}「ぐすん。３号になっちゃったー…」;;;<0262> Sniff. Et moi n°3—...
<0263> \{\m{A}}「………」;;;<0263> .........
<0264> 友達は多いらしい。;;;<0264> On dirait qu'elle avait beaucoup d'amis.
<0265> 少し安心した。;;;<0265> Cela me rassurait.
<0266> \{\m{A}}「あいつの弁当を届けに来たんだが、どこに行けばいい？」;;;<0266> Je suis venu lui apporter ce bentō, je dois aller où ?
<0267> ３人がいっせいに顔を見合わせた。;;;<0267> Les trois échangèrent des regards.
<0268> \{２号}「…かのりん、まだ保健室かな～」;;;<0268> ... Kanorin doit encore être à l'infirmerie~.
<0269> 保健室？;;;<0269> 'L'infirmerie' ?
<0270> \{３号}「ちがうよー、風に当たりたいから屋上行くって言ってたー」;;;<0270> Mais non—, elle a dit qu'elle allait sur le toit pour prendre l'air—.
<0271> 屋上？;;;<0271> 'Le toit' ?
<0272> \{\m{A}}「…あいつ、どうかしたのか？」;;;<0272> ... Il lui est arrivé quelque chose ?
<0273> \{２号}「なんかぶつぶつ言ったあと、きゅ～って倒れちゃって～」;;;<0273> Elle a marmonné quelque chose, et puis, 'pouf', elle s'est évanouie.
<0274> \{１号}「すぐに目を開けたから、ただの立ちくらみだと思うんですけど」;;;<0274> Elle a immédiatement repris ses esprits, alors ce ne devait être qu'un vertige.
<0275> なぜだかわからない。;;;<0275> Je ne sus pas pourquoi...
<0276> ただ、強い胸騒ぎがした。;;;<0276> ... mais je sentis comme une vague d'appréhension.
<0277> \{\m{A}}「屋上だなっ…」;;;<0277> Le toit, hein...
<0278> 全てを投げ出し、俺は走り出していた。;;;<0278> Je lâchai tout ce que je tenais, et me mis à courir.
<0279> いきなり視界が開けた。;;;<0279> Mon champ de vision s'élargit soudainement.
<0280> 強い風が、鉄の扉をばたんと閉めた。;;;<0280> Une bourrasque violente vint claquer la porte en fer.
<0281> フェンス際に佳乃がいた。;;;<0281> Kano se trouvait au bord du grillage.
<0282> 驚いて、こちらを振り向く。;;;<0282> Elle se retourna, surprise.
<0283> \{佳乃}「ふぇっ？  \m{A}くん？」;;;<0283> Fueh ? \m{A}-kun ?
<0284> 俺を見るなり、ぱたぱたと駆け寄ってきた。;;;<0284> Aussitôt qu'elle me vit, elle courut à ma rencontre.
<0285> \{佳乃}「なんで\m{A}くんが学校にいるのぉ？」;;;<0285> Qu'est-ce que tu fais dans l'école ?
<0286> \{佳乃}「…あっ、そっかぁ」;;;<0286> ... Ah ! Je sais !
<0287> ぽんと手をたたく。;;;<0287> Elle joignit ses mains dans un claquement.
<0288> \{佳乃}「謎の転校生１号さんっ！」;;;<0288> Tu es le Mystérieux Nouvel Élève n°1 !!
<0289> \{\m{A}}「大ハズレだ」;;;<0289> Complètement à côté de la plaque.
<0290> \{佳乃}「じゃあ２号さん」;;;<0290> Alors n°2 ?
<0291> \{\m{A}}「そのボケはもう飽きた」;;;<0291> J'en ai assez de ces idioties.
<0292> \{佳乃}「うぬぬ…」;;;<0292> Ununu...
<0293> かなり悔しそうだった。;;;<0293> Elle semblait vexée.
<0294> だが、今は呑気に話している場合ではない。;;;<0294> Mais ce n'était pas le moment de parler tranquillement.
<0295> \{\m{A}}「倒れたって聞いたぞ」;;;<0295> On m'a dit que tu t'es évanouie.
<0296> \{佳乃}「ふぇっ、だれがだれが？」;;;<0296> Fueh ? Qui ça, qui ça ?
<0297> \{\m{A}}「かのりんが」;;;<0297> Kanorin.
<0298> \{佳乃}「あたしっ？」;;;<0298> Moi ?!
<0299> 本気でびっくりしている。;;;<0299> Elle avait l'air réellement surprise.
<0300> \{佳乃}「わわわわっ。大げさだよぉ」;;;<0300> Wawawawah ! N'exagérons rien !
<0301> \{佳乃}「ちょっとくらくら～って来ただけなのに～」;;;<0301> J'ai juste eu un petit peu la tête qui tourne~.
<0302> 首をぶんぶん振りながら、あわてて説明する。;;;<0302> Tout en secouant la tête, elle essaya de m'expliquer ce qu'il s'était passé.
<0303> \{佳乃}「今でもたま～にあるんだよぉ」;;;<0303> Ça m'arrive encore de temps en temps.
<0304> \{佳乃}「あたし子供のころって、貧血ぎみだったから」;;;<0304> Je fais de l'anémie depuis que je suis petite.
<0305> 俺が思い出していたのは、この前の夜のことだ。;;;<0305> Je me rappelai ce qu'il s'était produit cette nuit-là :
<0306> 誰もいない神社。;;;<0306> Un sanctuaire désert.
<0307> 佳乃は突然倒れた。;;;<0307> Kano qui s'effondre tout à coup.
<0308> そして、なぜそこにいたのか忘れてしまっていた…。;;;<0308> En outre, elle avait oublié ce qu'elle était venue y faire.
<0309> \{\m{A}}「なあ、佳乃」;;;<0309> Dis, Kano.
<0310> \{佳乃}「ふえっ、なにっ？」;;;<0310> Fueh ?! Quoi ?
<0311> \{\m{A}}「倒れた時のこと、ちゃんと覚えてるか？」;;;<0311> T'arrives à te rappeler le moment où tu t'es évanouie ?
<0312> 俺があまりに真剣な顔をしていたせいだろう。;;;<0312> J'avais dû prendre un air un bien trop sérieux.
<0313> 佳乃はぷっと吹き出した。;;;<0313> Kano se retenait d'éclater de rire.
<0314> \{佳乃}「大丈夫だよぉ。そんな顔しなくても」;;;<0314> Tout va bien ! Pas besoin de tirer une tronche pareille.
<0315> \{佳乃}「しょっちゅう記憶喪失になってたら、たいへんだよぉ」;;;<0315> Ce serait sacrément embêtant si je perdais la mémoire à chaque fois.
<0316> いつもどおりの笑い顔。;;;<0316> Elle avait repris son sourire habituel.
<0317> \{\m{A}}「そりゃそうだな」;;;<0317> T'as raison.
<0318> 話しているうちに、俺もやっと落ち着いてきた。;;;<0318> Lui avoir parlé me calma.
<0319> 佳乃のクラスメートたちも、大したことはないと言っていた気がする。;;;<0319> Ses camarades de classes aussi m'avaient dit que ce n'était rien de bien méchant.
<0320> どうやら、俺の思い過ごしだったようだ。;;;<0320> Il semblait que je m'étais inquiété pour rien.
<0321> \{佳乃}「…\m{A}くん、心配してくれたんだぁ」;;;<0321> ... \m{A}-kun, tu t'inquiétais pour moi ?
<0322> 俺の顔を覗き込むようにして、佳乃が言った。;;;<0322> dit-elle en me dévisageant.
<0323> \{\m{A}}「そうでもないけどな」;;;<0323> Pas vraiment.
<0324> \{佳乃}「だって、\m{A}くん靴のままだよぉ」;;;<0324> Mais t'as encore tes chaussures.
<0325> 足元を見る。;;;<0325> Je regardai mes pieds.
<0326> 確かに、靴を履いたままだ。;;;<0326> Effectivement, je portais encore des chaussures.
<0327> \{\m{A}}「靴じゃいけないのか？」;;;<0327> Je ne peux pas mettre de chaussures ?
<0328> \{佳乃}「だってここ、学校の中だよぉ」;;;<0328> Mais on est à l'école, ici
<0329> 当然の顔で言うが、俺にはよくわからない。;;;<0329> Son visage me disait que c'était l'évidence même, mais je n'en savais rien.
<0330> \{\m{A}}「こういうところに来たのは、初めてだからな」;;;<0330> C'est que c'est la première fois que je viens dans un endroit de ce genre.
<0331> 夜を過ごすために学校の敷地に入ったことはある。;;;<0331> J'étais déjà entré dans l'enceint d'une école pour y passer la nuit.
<0332> だが、屋上まで来たことはなかった。;;;<0332> Mais c'était là la première fois que j'allais sur le toit.
<0333> 四方を囲ったフェンスの上に、よく晴れた夏空があった。;;;<0333> Au-dessus de la clôture présente aux quatre points cardinaux se trouvait le ciel d'été, dégagé.
<0334> 電線や木立がないので、取り残されたように青かった。;;;<0334> Sans lignes électriques ni arbres, il ne restait que l'azur.
<0335> 佳乃が俺の視線を追う。;;;<0335> Kano suivit mon regard.
<0336> \{佳乃}「空が高いねぇ…」;;;<0336> Le ciel est si loin...
<0337> 眩しそうに目を細める。;;;<0337> Elle plissa les yeux, éblouie.
<0338> その仕草が、誰かに似ていると思った。;;;<0338> Ce petit mouvement me rappelait quelqu'un.
<0339> 思い出そうとする前に、佳乃がのほほんと訊ねてきた。;;;<0339> Avant que je ne pusse me souvenir de qui, Kano, nonchalante, me posa une question :
<0340> \{佳乃}「\m{A}くんは、空って飛べないのぉ？」;;;<0340> \m{A}-kun, est-ce que tu sais voler ?
<0341> \{\m{A}}「飛べるわけないだろ」;;;<0341> Comme si je savais voler.
<0342> \{佳乃}「だって…お人形動かせるし」;;;<0342> Mais... Tu sais faire bouger ta marionnette.
<0343> \{\m{A}}「関係ないだろ」;;;<0343> Ça n'a rien à voir.
<0344> \{佳乃}「ふぇっ？  関係ないの？」;;;<0344> Fueh ?! Ça n'a rien à voir ?
<0345> \{\m{A}}「完璧に無関係だ」;;;<0345> Absolument aucun rapport.
<0346> \{佳乃}「うぬぬ…」;;;<0346> Ununu...
<0347> 真剣に考え込む。;;;<0347> Elle se mit à réfléchir, l'air grave.
<0348> 俺にさえよくわからないのだから、当然か。;;;<0348> C'était compréhensible, puisque moi-même, je n'y comprenais rien.
<0349> 法術と魔法。;;;<0349> Le Houjutsu et la magie.
<0350> 本来ありえないはずの力。;;;<0350> Ce sont tous les deux des pouvoirs qui ne devraient pas exister.
<0351> 頭の中に、何かが引っかかっている…。;;;<0351> Quelque chose d'autre me vint à l'esprit...
<0352> \{\m{A}}「…そう言えばお前、『あたしも魔法が使える』って言ってなかったか？」;;;<0352> ... D'ailleurs, tu ne m'avais pas dit : 'moi aussi je peux faire de la magie' ?
<0353> \{佳乃}「ふぇっ、いつ？」;;;<0353> Fueh ?! Quand ça ?
<0354> \{\m{A}}「堤防で会った時」;;;<0354> Quand on s'était croisés à la digue.
<0355> あまりにも自然に言われたから、今まですっかり忘れていた。;;;<0355> Elle l'avait dit de façon tellement naturelle que cela m'était complètement sorti de la tête.
<0356> \{佳乃}「あっ、あれのことぉ？」;;;<0356> Ah ! Ça ?
<0357> 大きな瞳をくりくりっと巡らす。;;;<0357> Ses yeux écarquillés tournèrent dans leur orbite.
<0358> \{佳乃}「あれはね、ちょっとウソ」;;;<0358> Ça, c'était un genre de mensonge.
<0359> \{佳乃}「ホントは、今はまだ使うと反則で減点１なんだよぉ」;;;<0359> En fait, je ne peux pas encore m'en servir sans qu'on me retire un point.
<0360> …仮免魔法少女だった。;;;<0360> ... Elle devait avoir un permis temporaire de magical girl.
<0361> \{\m{A}}「いつになったら使えるようになるんだ？」;;;<0361> Tu pourras t'en servir à partir de quand ?
<0362> \{佳乃}「大人になったら」;;;<0362> Quand je serai adulte.
<0363> …ものすごくアバウトな資格制限だった。;;;<0363> ... C'était sacrément vague comme qualification à remplir.
<0364> \{\m{A}}「いつになったら大人になるんだ？」;;;<0364> Et quand est-ce que tu seras adulte ?
<0365> \{佳乃}「そこはよくわからないんだけど…」;;;<0365> Ça, je ne sais pas trop...
<0366> \{佳乃}「でもねっ、最初の魔法で何をするかは、もう決めてあるんだよぉ」;;;<0366> Mais, tu vois, j'ai déjà décidé de la première chose que je ferai avec ma magie.
<0367> \{\m{A}}「何をするんだ？」;;;<0367> Ce sera quoi ?
<0368> \{佳乃}「えっとねー…」;;;<0368> Alors euh—...
<0369> \{佳乃}「ヒミツ」;;;<0369> C'est un secret.
<0370> …またそれかい。;;;<0370> ... Encore cette réponse ?
<0371> 興味を失う。;;;<0371> Aucun intérêt.
<0372> 俺は空に視線を戻そうとした。;;;<0372> Mon regard se redirigea vers le ciel.
<0373> \{佳乃}「あっあっ、ごめん\m{A}くんっ」;;;<0373> Ah ! Ah ! Pardon, \m{A}-kun !
<0374> すごいあわてぶりだった。;;;<0374> Elle avait l'air très confuse.
<0375> \{佳乃}「えっと、１番はダメなんだけど…」;;;<0375> Euh... Je ne peux pas te révéler ce que je ferai en premier...
<0376> \{佳乃}「２番目なら、教えてあげる」;;;<0376> Mais je peux te dire ce que je ferai en deuxième.
<0377> \{\m{A}}「別に聞きたくない」;;;<0377> Ça ne m'intéresse pas vraiment.
<0378> \{佳乃}「聞いてほしいのっ」;;;<0378> Je veux que tu le saches !
<0379> \{\m{A}}「本当に聞きたくない」;;;<0379> Et moi, je ne veux vraiment pas le savoir.
<0380> \{佳乃}「うぬぬ…」;;;<0380> Ununu...
<0381> ちょっと腹を立てているらしい。;;;<0381> Elle râlait un petit peu.
<0382> \{佳乃}「聞いてもらわないとお腹をバリバリッて突き破って出てきて人類には太刀打ちできなくて」;;;<0382> Si tu ne m'écoutes pas, il va déchirer mon ventre pour sortir de mon estomac et l'humanité n'aura aucune chance.
<0383> \{佳乃}「そこらじゅうで繁殖しちゃってさあタイヘンなんだよ～」;;;<0383> Et puis ils vont se multiplier, et il y en aura partout, et ce sera la grosse panique~.
<0384> …地球が地球が大ピンチだった。;;;<0384> ... La Terre était en grand danger.
<0385> \{\m{A}}「何だよ、２番目にしたいことは？」;;;<0385> Bon, c'est quoi la deuxième chose que tu feras ?
<0386> 仕方がないので、そう訊いてやった。;;;<0386> Je n'avais pas d'autre choix que de lui poser la question.
<0387> \{佳乃}「えっとねぇ」;;;<0387> Alors euh...
<0388> \{佳乃}「えっと…」;;;<0388> Euh...
<0389> \{佳乃}「空を飛びたいなって」;;;<0389> Je veux pouvoir voler dans les airs.
<0390> \{\m{A}}「そうか」;;;<0390> Je vois.
<0391> \{佳乃}「…驚かないんだぁ」;;;<0391> ... Tu n'as pas l'air surpris.
<0392> 不満げにつぶやく。;;;<0392> marmonna-t-elle d'un ton insatisfait.
<0393> \{\m{A}}「話の流れからして、そうじゃないかと思ってたからな」;;;<0393> Vu ce que tu as dit plpus tôt, je pouvais m'en douter.
<0394> 『空を飛びたい』;;;<0394> Je veux pouvoir voler dans les airs.
<0395> 誰もが憧れる、ちっぽけな願い。;;;<0395> Un tout petit souhait auquel tout le monde aspire.
<0396> だがそれは、絶対に叶わない願いのひとつだった。;;;<0396> Aussi bien qu'un souhait qui ne pourrait jamais se réaliser.
<0397> \{\m{A}}「空を飛ぶのは、たぶんそんなにいいもんじゃないぞ」;;;<0397> Voler dans les airs, c'est peut-être pas aussi sympa que ça.
<0398> \{\m{A}}「風が当たって寒いぞ」;;;<0398> Le vent sera froid.
<0399> \{\m{A}}「スカートの中も丸見えだぞ」;;;<0399> Et on pourra voir tout ce qu'il y a sous ta jupe.
<0400> \{\m{A}}「テレビ局とか自衛隊とかが出動して大騒ぎになるぞ」;;;<0400> Les chaînes télé et les Forces d'Auto-Défense seront mobilisées et ça fera un bazar pas possible.
<0401> \{\m{A}}「そのあと科学者に解剖されたりするぞ」;;;<0401> Et quand tout ça sera fini, tu te feras disséquer par un scientifique.
<0402> \{佳乃}「へーきへーき、そんなの大丈夫だよぉ」;;;<0402> Ne t'inquiète pas, ne t'inquiète pas, ça ira.
<0403> 俺の懸念を明るく笑い飛ばす。;;;<0403> Elle balaya mes inquiétudes d'un sourire radieux.
<0404> \{佳乃}「だって、魔法だもん」;;;<0404> Vu que c'est de la magie.
<0405> すごい説得力だった。;;;<0405> Sacrément convaincant, comme argument.
<0406> キーンコーンカーンコーン…。;;;<0406> \bDing dong ding dong\u...
<0407> 潮風に乗って、チャイムが流れてきた。;;;<0407> Le vent marin avait amené la sonnerie jusqu'à nous.
<0408> \{\m{A}}「学校、まだあるのか？」;;;<0408> Tu restes encore à l'école ?
<0409> \{佳乃}「うん、今から飼育委員会だよぉ」;;;<0409> Oui, il y a la réunion des responsables des animaux.
<0410> そこでやっと、一番大事なことを思い出した。;;;<0410> Cela me fit penser au plus important :
<0411> \{\m{A}}「俺はおまえに弁当を届けに来たんだ」;;;<0411> Je suis venu te ramener ton bentō.
<0412> \{佳乃}「お弁当っ？」;;;<0412> Un bentō ?!
<0413> \{\m{A}}「ほら…」;;;<0413> Tiens...
<0414> ない。;;;<0414> Pas là.
<0415> どこにもない。;;;<0415> Il était introuvable.
<0416> というか、巾着袋をここに持ってきた記憶がない。;;;<0416> En y réfléchissant, je n'avais pas le souvenir d'avoir emporté le sac à cordon jusqu'ici.
<0417> \{\m{A}}「………」;;;<0417> .........
<0418> 自分の行動を思い返してみる。;;;<0418> Je retraçai mes actions dans mon esprit.
<0419> 佳乃が倒れたと聞いた後。;;;<0419> Après avoir entendu dire que Kano s'était évanouie...
<0420> 全てを投げ出し、俺はここまで来た…。;;;<0420> ... J'ai tout balancé et je suis venu ici...
<0421> \{\m{A}}「なるほど」;;;<0421> Tout est clair.
<0422> ぽんと手を叩く。;;;<0422> Je joignis mes mains dans un claquement.
<0423> \{\m{A}}「ここに来る前、地面に放り投げてきたらしい」;;;<0423> Je crois que je l'ai balancé par terre avant de venir ici.
<0424> \{佳乃}「それって…お姉ちゃんの手作りお弁当？」;;;<0424> C'est... du bentō fait maison d'Onee-chan que tu parles ?
<0425> \{\m{A}}「そうだ」;;;<0425> C'est ça.
<0426> \{佳乃}「あははは…はは…」;;;<0426> Ahahaha... haha....
<0427> ひきつった笑いを浮かべる。;;;<0427> Elle ria nerveusement.
<0428> \{佳乃}「お姉ちゃんにわかったら、タイヘンなことになるよぉ」;;;<0428> Si jamais elle l'apprenait, tu aurais de sacrés ennuis.
<0429> \{\m{A}}「………」;;;<0429> .........
<0430> \{\m{A}}「…メス１本か？」;;;<0430> ... Un scalpel ?
<0431> \{佳乃}「たぶん４本」;;;<0431> Plutôt quatre.
<0432> \{\m{A}}「………」;;;<0432> .........
<0433> ことん。;;;<0433> \bBam\u.
<0434> \{聖}「すまなかったな、\m{B}君」;;;<0434> Merci pour ça, \m{B}-kun.
<0435> 食後のお茶が置かれた。;;;<0435> Après le repas, Hijiri commença à servir le thé.
<0436> 一口すすった。;;;<0436> J'en bu une gorgée.
<0437> 美味だった。;;;<0437> Délicieux.
<0438> 少なくともお茶は。;;;<0438> Le thé, du moins.
<0439> \{聖}「…不満そうだな」;;;<0439> ... Tu n'as pas l'air content.
<0440> \{\m{A}}「不満がないと思っているのか？」;;;<0440> Tu t'attendais à ce que je sois content ?
<0441> 弁当の件に関しては、円満に解決した。;;;<0441> L'affaire du bentō avait été résolue à l'amiable.
<0442> 俺が誠心誠意説明した結果、血を見ずに済んだ。;;;<0442> J'ai tout expliqué de manière sincère et par conséquent, aucune goutte de san n'avait été versée.
<0443> 俺の分として作ってあった弁当を、もう一度学校に届ける羽目にはなったが。;;;<0443> Mais elle m'a fait repartir à l'école pour livrer le bentō qui avait originellement été préparé pour moi.
<0444> 炎天下の中を、学校まで２往復後。;;;<0444> Après deux aller-retours à l'école sous un soleil de plomb...
<0445> 待望の昼食がふるまわれた…。;;;<0445> ... j'avais enfin eus droit à mon repas tant attendu...
<0446> \{\m{A}}「…この家では、客にソーメンしか出さないのか」;;;<0446> ... On ne sert rien d'autre que des sōmens dans cette maison ?
<0447> \{\m{A}}「いちいち竹を組んで流すのか」;;;<0447> Je vais devoir installer les bambous à chaque fois ?
<0448> \{\m{A}}「そして客は、いつでも最下流なのか」;;;<0448> Et tes invités doivent toujours se mettre à l'aval ?
<0449> \{聖}「いちばん食べそうな奴が最後尾スタートという鉄の掟があるんだ」;;;<0449> Il existe une règle inviolable qui dit que ceux qui mangent le plus doivent se mettre en bas.
<0450> \{\m{A}}「あんたがほとんど食っただろ」;;;<0450> C'est toi qui manges le plus !
<0451> \{\m{A}}「しかも自分で流しながらバクバクと」;;;<0451> Et puis, tu bouffes les nouilles juste après le savoirs mises toi-même.
<0452> \{聖}「人数が足りないんだ」;;;<0452> C'est qu'on est pas assez nombreux :
<0453> \{聖}「オフィシャルも競技に参加せざるを得ない」;;;<0453> Les officiels sont obligés de participer.
<0454> \{\m{A}}「普通に食べればいいだろ、流しソーメンでなく」;;;<0454> On peut juste les manger, sans faire de nagashi sōmen.
<0455> \{聖}「せっかく切り出してきた竹だ。一回だけ使って捨てるわけにはいかないだろ」;;;<0455> Après que tu as fait tant d'efforts pour couper le bambou, on ne peut pas juste s'en servir une fois et le jeter.
<0456> \{\m{A}}「変なところで気を回すな」;;;<0456> Ça fait drôle de savoir que ça te préoccupe.
<0457> \{聖}「君に気を回しているわけではないぞ」;;;<0457> Ce n'est pas pour toi que ça me préoccupe.
<0458> \{聖}「あの子が流しソーメンと言ったら、この家では流しソーメンなんだ」;;;<0458> Si elle dit qu'elle veut du nagashi sōmen, cette maison aura du nagashi sōmen.
<0459> きっぱりと言う。;;;<0459> dit-elle clairement.
<0460> 聖は、佳乃の意志を第一に考える。;;;<0460> Pour Hijiri, Kano passait toujours en priorité.
<0461> 佳乃がその場にいるかは問題ではないらしい。;;;<0461> Le fait que Kano n'était pas présente n'y changeait rien.
<0462> それは、単なる過保護や溺愛ではないのだろう。;;;<0462> Ce n'était pas simplement une question de surprotection, ou d'amour excessif.
<0463> 神社で倒れた時、佳乃は無意識に言っていた。;;;<0463> Quand Kano s'était évanoui au sanctuaire, elle avait dit :
<0464> 『痛いよ、お姉ちゃん』と。;;;<0464> Ça fait mal, Onee-chan.
<0465> \{\m{A}}「…よくあることなのか？」;;;<0465> ... Ça arrive souvent ?
<0466> \{聖}「今年の夏はまだ２戦目だ」;;;<0466> C'est la deuxième fois, cet été.
<0467> \{\m{A}}「流しソーメンの回数はどうでもいい」;;;<0467> Je m'en fiche de savoir combien de fois vous avez fait du nagashi sōmen
<0468> \{\m{A}}「…この家のソーメンというのは、いつもこれなのか」;;;<0468> 
<0469> 目の前で組まれた竹。;;;<0469> 
<0470> その中を流れていくソーメン。これはまぁ風情があっていい。;;;<0470> 
<0471> 気にくわないのは…。;;;<0471> 
<0472> \{\m{A}}「なぜ客が、最下流なんだ」;;;<0472> 
<0473> \{聖}「いちばん食べそうな奴が最後尾スタートという鉄の掟があるんだ」;;;<0473> 
<0474> \{\m{A}}「あんたがほとんど食っただろ」;;;<0474> 
<0475> \{\m{A}}「しかも自分で流しながらバクバクと」;;;<0475> 
<0476> \{聖}「人数が足りないんだ」;;;<0476> 
<0477> \{聖}「オフィシャルも競技に参加せざるを得ない」;;;<0477> 
<0478> \{\m{A}}「普通に食べればいいだろ、流しソーメンでなく」;;;<0478> 
<0479> \{聖}「佳乃がこの食べ方をいたく気に入ってな。それ以来この家ではソーメンと言えば流すことになっている」;;;<0479> 
<0480> ということは、一昨日誘われたソーメンも流しだったのか…。;;;<0480> 
<0481> \{\m{A}}「…姉バカ…」;;;<0481> 
<0482> \{聖}「ん？  何か言ったか？」;;;<0482> 
<0483> \{\m{A}}「いや、気のせいだろう」;;;<0483> 
<0484> きっぱりと言う。;;;<0484> dit-elle clairement.
<0485> 聖は、佳乃の意志を第一に考える。;;;<0485> Pour Hijiri, Kano passait toujours en priorité.
<0486> 佳乃がその場にいるかは問題ではないらしい。;;;<0486> Le fait que Kano n'était pas présente n'y changeait rien.
<0487> それは、単なる過保護や溺愛ではないのだろう。;;;<0487> Ce n'était pas simplement une question de surprotection, ou d'amour excessif.
<0488> 神社で倒れた時、佳乃は無意識に言っていた。;;;<0488> Quand Kano s'était évanoui au sanctuaire, elle avait dit :
<0489> 『痛いよ、お姉ちゃん』と。;;;<0489> Ça fait mal, Onee-chan.
<0490> \{\m{A}}「…よくあることなのか？」;;;<0490> ... Ça arrive souvent ?
<0491> \{聖}「今年の夏はまだ２戦目だ」;;;<0491> C'est la deuxième fois, cet été.
<0492> \{\m{A}}「流しソーメンの回数はどうでもいい」;;;<0492> Je m'en fiche de savoir combien de fois vous avez fait du nagashi sōmen.
<0493> \{\m{A}}「佳乃の立ちくらみのことだ」;;;<0493> C'est des vertiges de Kano que je parle.
<0494> \{\m{A}}「子供の頃は貧血だったと言ってたが、今もそうなのか？」;;;<0494> Elle m'a dit qu'elle faisait de l'anémie depuis qu'elle était petite, elle en fait encore ?
<0495> \{聖}「いや、あの子は健康そのものだよ」;;;<0495> Nan, elle est la bonne santé incarnée.
<0496> \{聖}「少なくとも、身体的にはな…」;;;<0496> Physiquement, tout du moins...
<0497> \{\m{A}}「身体的には…？」;;;<0497> 'Physiquement'...?
<0498> 問い返しても、返事はなかった。;;;<0498> Elle ne répondit pas immédiatement.
<0499> 湯飲みの中に映る自分を、聖は見つめている。;;;<0499> Hijiri contemplait son reflet dans la tasse de thé.
<0500> やがて、ゆっくりと言った。;;;<0500> En parlant lentement, elle prit enfin la parole :
<0501> \{聖}「いや、大した意味はない」;;;<0501> Rien de bien important.
<0502> \{\m{A}}「………」;;;<0502> .........
<0503> ふと、空気が淀んだのがわかった。;;;<0503> L'atmosphère était tout d'un coup devenue pesante.
<0504> 多分俺は、部外者が触れてはいけないことに踏み込んでいた。;;;<0504> Peut-être avais-je touché à un sujet trop délicat pour un étranger comme moi.
<0505> それでもなぜか、訊かないわけにはいかなかった。;;;<0505> Mais j'avais quand même bien envie de demander :
<0506> \{\m{A}}「…なあ」;;;<0506> ... Dis.
<0507> \{聖}「ん？」;;;<0507> Hmn ?
<0508> \{\m{A}}「こういうことを訊いていいのか、わからないんだが…」;;;<0508> Je suis pas sûr que je peux demander ce genre de choses, mais...
<0509> \{\m{A}}「あんたたち、両親は…」;;;<0509> Vous deux, vos parents...
<0510> \{聖}「ああ、そのことか」;;;<0510> Aah, ça ?
<0511> あっさりとした切り返しだった。;;;<0511> répondit-elle simplement.
<0512> \{聖}「たぶん、君の想像どおりだと思う」;;;<0512> C'est probablement comme tu te l'imagines.
<0513> \{聖}「私と佳乃には、両親がいない」;;;<0513> Kano et moi n'avons pas de parents.
<0514> \{聖}「今はもう、な…」;;;<0514> Plus maintenant, en tout cas...
<0515> \{\m{A}}「………」;;;<0515> .........
<0516> \{聖}「母は佳乃がまだ小さな頃に他界したし、父も二年前に亡くなったよ」;;;<0516> Notre mère est décédée quand Kano était encore petite, et mon père est mort il y a deux ans.
<0517> \{聖}「それ以来、私と佳乃は二人で生きてきた」;;;<0517> Depuis, Kano et moi vivons à deux.
<0518> \{聖}「自分で言うのもなんだが、けっこううまくやってきたと思うぞ」;;;<0518> Si je peux me permettre, je pense qu'on s'est plutôt bien débrouillées.
<0519> \{\m{A}}「…そうか」;;;<0519> ... Je vois.
<0520> \{聖}「ああ。うまくやってきた」;;;<0520> Ouais. On s'est bien débrouillées.
<0521> \{聖}「今年の夏まではな…」;;;<0521> Jusqu'à cet été, au moins.
<0522> 聖の寂しげな声が、診察室の白い壁に影を落とした。;;;<0522> Sa voix mélancolique semblait étendre une ombre sur les murs blancs du cabinet de consultations.
<0523> 今年の夏。;;;<0523> 'Cet été'.
<0524> それはどこか特別な響きを持って、俺の耳にも届いた。;;;<0524> Ces mots avaient quelque chose de spécial, et me restèrent dans les oreilles.
<0525> 玄関の扉が開く音がした。;;;<0525> J'entendis une porte s'ouvrir depuis le hall d'entrée.
<0526> \{声}「…先生、おられますか？  うちの子がちょっと…」;;;<0526> ... Docteur, vous êtes là ? Mon enfent est...
<0527> 患者が来たようだった。;;;<0527> Un patient était arrivé.
<0528> \{聖}「はい。少々お待ちください」;;;<0528> Oui. Un instant, s'il vous plaît.
<0529> \{\m{A}}「俺はそろそろ帰る」;;;<0529> Je vais partir.
<0530> そう言って、ベッドから腰をあげた。;;;<0530> dis-je en me levant du lit.
<0531> 湯飲みを手早く片づけながら、聖が言った。;;;<0531> Tout en se dépêchant de ranger les tasses, Hijiri me dit :
<0532> \{聖}「…なあ、\m{B}君」;;;<0532> ... Hé, \m{B}-kun.
<0533> \{\m{A}}「なんだ」;;;<0533> Quoi ?
<0534> \{聖}「本当に、佳乃はいい子だよ」;;;<0534> Kano est vraiment une bonne fille.
<0535> \{聖}「無邪気でやさしい子だ」;;;<0535> Elle est innocente, gentille...
<0536> \{聖}「誰とだって友達になれる」;;;<0536> Elle peut se lier d'amitié avec n'importe qui.
<0537> \{聖}「どんな時でも、にこにこと笑っていられる子だ」;;;<0537> Elle continue de sourire peu importe ce qui lui arrive.
<0538> \{聖}「私の大切な妹だよ」;;;<0538> Et c'est ma chère petite sœur.
<0539> \{聖}「仲良くしてやってくれよな…\m{B}君」;;;<0539> Sois sympa avec elle, \m{B}-kun.
<0540> そう言って、口元をゆるめる。;;;<0540> dit-elle en esquissant un sourire.
<0541> \{\m{A}}「また、明日な」;;;<0541> À demain.
<0542> \{聖}「ああ…」;;;<0542> Ouais...
<0543> 俺は診察室から出た。;;;<0543> Je quittai le cabinet de consultations.
<0544> 相変わらずの、焦がすような日射し。;;;<0544> Comme d'habitude, le soleil était infernal.
<0545> さすがに人形芸をやる気力はない。;;;<0545> Je n'avais pas l'énergie pour mon spectacle de marionnettes.
<0546> \{\m{A}}「………」;;;<0546> .........
<0547> \{\m{A}}（…とりあえず、駅に戻ろう）;;;<0547> ... Pour le moment, rentrons à la gare.
<0548> \{聖}「おっ、諦めて帰るところか」;;;<0548> 
<0549> 出鼻をくじくように、ヒマヒマドクターＫが声を掛けてきた。;;;<0549> 
<0550> \{聖}「誰がヒマヒマドクターＫだっ」;;;<0550> 
<0551> 声に出してしまったらしい。;;;<0551> 
<0552> \{\m{A}}「昼間っからサボってるなんて、ヒマヒマ以外の何者でもないと思うが」;;;<0552> Une glandeuse qui sèche son travail en plein milieu de la journée.
<0553> \{聖}「激務を終え、束の間の休息をとっていると言って欲しいな」;;;<0553> J'aurais préféré que tu évoques un 'maigre repos' après une 'journée exténuante'.
<0554> \{\m{A}}「診療所に入っていく人間は、一切見かけなかったぞ」;;;<0554> Mais je n'ai vu absolument personne entrée dans la clinique.
<0555> \{聖}「この暑さだ。見えるはずのないものが見えることもあれば、その逆もあるだろう」;;;<0555> C'est à cause de la chaleur. Parfois on voit des choses qui n'existent pas, et parfois c'est l'inverse.
<0556> 余裕の表情で言う。;;;<0556> dit-elle, une expression détendue sur le visage.
<0557> 自分で言っていて、虚しくならないのだろうか。;;;<0557> Ce n'était pas un peu triste qu'elle le dît elle-même ?
<0558> \{聖}「………」;;;<0558> .........
<0559> 虚しくなったようだった。;;;<0559> Elle n'avait pas l'air triste du tout.
<0560> \{\m{A}}「ともかく、俺はまだ商売を続けるんだ。からかいに来たのなら帰ってくれ」;;;<0560> Quoi qu'il en soit, j'essaie de bosser pour gagner ma vie, là. Alors si t'es juste venue te moquer de moi, va-t'en.
<0561> \{聖}「別にからかいに来たわけではないが…」;;;<0561> On ne peut pas dire que je sois venue pour me moquer de toi...
<0562> あごに手を当てながら、じっとこちらを見る。;;;<0562> Elle plaça sa main sous mon menton, et me dévisagea.
<0563> \{\m{A}}「なんだ？」;;;<0563> Quoi ?
<0564> \{聖}「いや、もう昼時だと思ってな」;;;<0564> Rien. Je me disais juste qu'il était déjà midi.
<0565> \{\m{A}}「ああ、そう言えば…」;;;<0565> Aah, maintenant que tu le dis...
<0566> 上空で、輝く太陽。真上に差しかかろうとしていた。;;;<0566> Le soleil brillait au-dessus de nous. Il était quasiment à la verticale.
<0567> \{\m{A}}「………」;;;<0567> .........
<0568> ぐぅ、と腹が鳴った。;;;<0568> Mon ventre gronda.
<0569> そうか、もう昼か…。;;;<0569> C'était bien ça, déjà midi...
<0570> \{\m{A}}「腹減った…」;;;<0570> Je meurs de faim...
<0571> \{聖}「ふふ…そうか、腹が減ったか」;;;<0571> Fufu... Alors comme ça, tu meurs de faim ?
<0572> 口の端を歪ませ、どこか恐ろしい笑みを浮かべる。;;;<0572> Les commissures de ses lèvres se tordirent en un terrifiant sourire.
<0573> \{\m{A}}「…何か企んでいるな」;;;<0573> ... Qu'est-ce que tu mijotes ?
<0574> \{聖}「いやなに、少し頼みたいことがあってな」;;;<0574> Rien du tout. J'ai juste une petite faveur à te demander.
<0575> \{\m{A}}「断る」;;;<0575> Je refuse.
<0576> 瞬時に返答する。何をされるか、わかったものではない。;;;<0576> Je lui répondis du tac au tac. Impossible de prédire ce qu'elle voulait me faire.
<0577> \{聖}「報酬は昼御飯と聞いて、はたして君は断れるかな？」;;;<0577> Et si je te dis que tu seras récompensé par un déjeuner, tu refuses toujours ?
<0578> \{\m{A}}「少し前の俺なら飛びついただろうが…あいにく、飯は食えるあてがあるんでな」;;;<0578> Il n'y a pas si longtemps, j'aurais sauté sur l'occasion... mais malheureusement pour toi, j'ai maintenant une autre source de nourriture.
<0579> 頭には、米と飯盒が思い浮かんでいた。;;;<0579> L'image d'une gamelle remplie de riz se s'était dessinée dans mon esprit.
<0580> \{聖}「食えるあてというと…誰かに厄介になるのか？」;;;<0580> 'Une source de nourriture'... Tu squattes chez quelqu'un ?
<0581> \{\m{A}}「いいや」;;;<0581> Nan.
<0582> \{聖}「人生まれにみる幸運でゲットしたか？」;;;<0582> Tu as eu un coup de bol extraordinaire ?
<0583> \{\m{A}}「いいや。自力だ」;;;<0583> Nan. J'en ai bavé.
<0584> \{聖}「自力…？」;;;<0584> 'Bavé'...?
<0585> それを聞いて、目を丸くする。;;;<0585> Elle me regardait avec des grands yeux ronds.
<0586> \{\m{A}}「ああ、そうだが…」;;;<0586> Ouais, bavé...
<0587> \{聖}「………」;;;<0587> .........
<0588> なんだ、その哀れむような目は…;;;<0588> Pourquoi me regarde-t-elle avec des yeux pleins de pitié...?
<0589> \{聖}「……この暑さだからな」;;;<0589> ...... C'est la chaleur, hein...
<0590> だから何だ、その言葉の意味は…;;;<0590> Mais qu'est-ce qu'elle veut dire par là...?
<0591> \{\m{A}}「そう言うわけで、俺は一度飯を食ってくる。頼みとやらは引き受けられないな」;;;<0591> Bref, je vais aller casser la croûte. De ce fait, je ne peux pas répondre à tes requêtes.
<0592> \{聖}「…ふむ、残念だな」;;;<0592> ... Hmm, dommage.
<0593> \{\m{A}}「あいにくだったな」;;;<0593> C'est bien dommage.
<0594> \{聖}「ぜひ頼みたかったが、しょうがないか」;;;<0594> J'avais vraiment besoin d'aide, mais bon, tant pis.
<0595> \{\m{A}}「ああ、他にあたってくれ」;;;<0595> Ouais, trouve quelqu'un d'autre.
<0596> そう言って、俺は身を返した。;;;<0596> Ces mots prononcés, je fis demi-tour.
<0597> \{聖}「仕方ない、そうするか…」;;;<0597> Tant pis, je vais devoir faire ça...
<0598> 俺が歩き出しても、聖は一人呟いていた。;;;<0598> Je m'en allai pendant que Hijiri parlait entre ses dents.
<0599> \{聖}「ポテトもいるしな…」;;;<0599> J'ai toujours Potato...
<0600> \{\m{A}}「………」;;;<0600> .........
<0601> いったい、何を頼むつもりだったんだ…。;;;<0601> Mais vraiment, que comptait-elle me demander...?
<0602> \{\m{A}}「ぢーざす…」;;;<0602> \bJesus\u...
<0603> 俺はベンチに寝転がり、空を仰いだ。;;;<0603> Je m'allongeai sur le banc et posai mon regard sur le ciel.
<0604> 眩しい…。;;;<0604> Aveuglant...
<0605> 目の裏側まで焼けてしまいそうな強い陽射しだ。;;;<0605> Les rayons du soleil semblaient assez puissants pour me brûler la rétine.
<0606> ベンチの下に飯盒。その中には水に浸った米がある。;;;<0606> Ma gamelle était sous le banc. Il y restait des grains de riz trempés dans l'eau.
<0607> ぐー…。;;;<0607> \bGarg~ouille\u...
<0608> 腹が鳴る。;;;<0608> Mon ventre gronda.
<0609> 火が無いことを忘れていた…。;;;<0609> J'avais oublié que je n'avais rien pour faire du feu...
<0610> こんな事なら素直に、聖の使いっ走りをしていれば良かった…。;;;<0610> Si j'avais su, j'aurais mieux fait de devenir le larbin de Hijiri.
<0611> ぐー…。;;;<0611> \bGarg~ouille\u...
<0612> また腹が鳴る。;;;<0612> Mon ventre gronda une seconde fois.
<0613> 太陽の眩しさから逃げるように目を閉じた。;;;<0613> Je fermai les yeux pour échapper au soleil aveuglant.
<0614> 目尻に涙が滲む。;;;<0614> Des larmes coulaient aux coins de mes yeux.
<0615> 眠ろう。;;;<0615> Dormons.
<0616> それが唯一、空腹を忘れることのできる行動だ。;;;<0616> C'était la seule chose à faire pour arrêter de penser à la faim.
<0617> ………。;;;<0617> ..........
<0618> ……。;;;<0618> .......
<0619> …;;;<0619> ...
<0620> ………。;;;<0620> .......
<0621> ……。;;;<0621> .......
<0622> …。;;;<0622> ....
<0623> …温もりを感じた。;;;<0623> ... Une sensation chaleureuse.
<0624> 柔らかな温もりが、撫でるように額に触れる。;;;<0624> Une douce chaleur me caressait tendrement le front.
<0625> 気持ち良い…。;;;<0625> C'était agréable...
<0626> 心地良い…。;;;<0626> Et confortable...
<0627> 遠い昔に聞いた、子守歌のようで…。;;;<0627> Comme une berceuse entendue il y a très longtemps.
<0628> 幼心に聴いた、丘を流れる風音のようで…。;;;<0628> Comme le bruit du vent qui soufflait entre les collines quand je n'étais encore qu'un enfant...
<0629> ………。;;;<0629> ..........
<0630> ……。;;;<0630> .......
<0631> …。;;;<0631> ....
<0632> …目覚めると、ベンチの上。;;;<0632> ... Je me réveillai. Je me trouvai sur un banc.
<0633> 時はすでに夕暮れ近い。;;;<0633> La tombée du jour était déjà bien amorcée.
<0634> じりじりと肌を刺す西日が痛い。;;;<0634> Depuis l'ouest, les rayons du soleil me perçaient la peau.
<0635> ぐー…。;;;<0635> \bGarg~ouille\u...
<0636> 腹が鳴る。;;;<0636> Mon ventre gronda.
<0637> \{\m{A}}「…ずいぶん、長い間眠っていたんだな」;;;<0637> ... J'ai dormi longtemps.
<0638> まだ赤くはないが、確かに傾いている陽を見ながら呟く。;;;<0638> dis-je tout bas en constatant que le soleil, s'il n'était pas encore rouge, avait bien amorcé sa descente.
<0639> さて…今からどうしたものかな。;;;<0639> Et maintenant... Je fais quoi ?
<0640> 夕食には早い…。;;;<0640> Trop tôt pour dîner...
<0641> 金を稼ぎに行くには遅い…。;;;<0641> Trop tard pour aller gagner des sous.
<0642> ………。;;;<0642> .........
<0643> 寝る;;;<0643> Dormir.
<0644> 人形劇の練習;;;<0644> M'entraîner à mon spectacle de marionnettes
<0645> 寝るか…。;;;<0645> Dormons...
<0646> それが一番カロリーも消費しないし、腹が減らなくて済む。;;;<0646> Vu que rien ne consommait moins de calories, je n'allais pas mourir de faim.
<0647> もう一度、ベンチに寝転がる。;;;<0647> Je m'allongeai de nouveau sur le banc.
<0648> その拍子に、ポケットから人形が転がり落ちた。;;;<0648> Dans le mouvement, ma marionnette tomba de ma poche.
<0649> \{\m{A}}「お…」;;;<0649> Oh...
<0650> 大事な相棒を拾おうと手を伸ばす。;;;<0650> Je tendis une main pour rattraper mon précieux partenaire.
<0651> 人形使いたるもの、日々精進。;;;<0651> Un marionnettiste doit être assidu et s'entraîner tous les jours.
<0652> なにか新しい、客の目をひくような芸を考えねば。;;;<0652> Il fallait que je réfléchisse à un nouveau tour pour attirer des spectateurs.
<0653> 俺はベンチに腰掛けたまま、ポケットから人形を取り出し、地面におく。;;;<0653> Toujours assis sur le banc, je sortis ma marionnette de ma poche et la posai au sol.
<0654> そして指を添えて念を送る。;;;<0654> Ensuite, je me servis d'un doigt pour lui transmettre ma volonté.
<0655> \{\m{A}}「むん！」;;;<0655> Hmph !
<0656> ムクリと人形が起きあがる。;;;<0656> Elle se redressa d'un bond.
<0657> \{\m{A}}「第一の体操ー」;;;<0657> Premier exercice.
<0658> 人形がラジオ体操を始める。;;;<0658> Elle se mit à faire des exercices radio.
<0659> どこからともなく音楽が聞こえてきそうな、リズムのいい動きだ。;;;<0659> Elle se mouvait parfaitement, comme si elle suivant le rythme d'une musique venue d'on ne sait où.
<0660> …ひょっとしたら、これはイケているんじゃないか？;;;<0660> ... Peut-être que ça pourrait bien marcher ?
<0661> この町も夏休み、朝６時くらいからどこかでチビジャリ共を集めて、ラジオ体操をしているはず。;;;<0661> Pour le village, c'étaient les vacances d'été. Il devait certainement y avoir des mioches qui se rassemblaient quelque part pour faire des exercices radio vers six heures du matin.
<0662> そこにこいつを持っていけば…。;;;<0662> Si j'y emmenais ma marionnette...
<0663> ………。;;;<0663> .........
<0664> どこの子供がラジオ体操に金を持って来るんだろう…。;;;<0664> Quel genre de gosse ramènerait des sous à des exercices radio...?
<0665> 根本的な間違いに気づいてしまった。;;;<0665> Je remarquai une erreur fondamentale.
<0666> 同時に人形もクテリと地面に倒れる。;;;<0666> Au même moment, ma marionnette s'écroula par terre.
<0667> \{\m{A}}「…はぁ…」;;;<0667> ... Haa...
<0668> ため息をつきながら、人形の回収のため手を伸ばす。;;;<0668> Tout en soupirant, je tendis le bras pour la ramasser.
<0669> す…。;;;<0669> \bFwish\u...
<0670> 目の前で、人形が誰かの手によって拾い上げられた。;;;<0670> Quelqu'un l'avait ramassée juste devant moi.
<0671> ゆっくりと視線を上げていく。;;;<0671> Je relevai doucement mes yeux.
<0672> \{美凪}「………」;;;<0672> .........
<0673> 遠野美凪だった。;;;<0673> C'était Tohno Minagi.
<0674> \{美凪}「………」;;;<0674> .........
<0675> \{美凪}「…おはようございます」;;;<0675> ... Bonjour.
<0676> \{\m{A}}「…ああ、おはよう」;;;<0676> ... Aah, salut.
<0677> \{美凪}「………」;;;<0677> .........
<0678> \{美凪}「…これ…\m{B}さんの？」;;;<0678> ... C'est... à vous ?
<0679> 手にした人形を示しながら言う。;;;<0679> demanda-t-elle en indiquant la marionnette dans sa main.
<0680> \{\m{A}}「まあな」;;;<0680> Ben, ouais.
<0681> \{美凪}「………」;;;<0681> .........
<0682> \{美凪}「…お友達？」;;;<0682> ... C'est votre ami ?
<0683> \{\m{A}}「それは失礼な物言いだとは思わんか…？」;;;<0683> Tu ne trouves pas que c'est déplacé de dire ça...?
<0684> \{美凪}「………」;;;<0684> .........
<0685> \{美凪}「…ではお子さん」;;;<0685> ... Dans ce cas, votre enfant ?
<0686> 俺は何者だ…。;;;<0686> Elle me prenait pour qui...?
<0687> \{\m{A}}「それは俺の商売道具だ。言ってなかったか？」;;;<0687> C'est mon outil de travail. Je ne t'en ai jamais parlé ?
<0688> \{美凪}「………」;;;<0688> .........
<0689> 少し考えてからコクリと頷く。;;;<0689> Elle réfléchit un instant, puis secoua la tête.
<0690> そうか、言ってなかったか…。;;;<0690> Je ne lui en avais donc pas encore parlé...
<0691> \{美凪}「…とても汚れていますね」;;;<0691> ... Elle est très sale.
<0692> \{\m{A}}「ああ、ずいぶん長い間、こき使ってきたからな」;;;<0692> Ouais, ça fait un moment que je m'en sers.
<0693> \{美凪}「………」;;;<0693> .........
<0694> \{美凪}「………」;;;<0694> .........
<0695> \{美凪}「あ…」;;;<0695> Ah...
<0696> \{\m{A}}「ん？」;;;<0696> Hmn ?
<0697> \{美凪}「…お人形…目がなくなりかけてます」;;;<0697> ... Son œil... est sur le point de tomber.
<0698> \{\m{A}}「それは元々だから気にしなくてもいい」;;;<0698> Elle a toujours été comme ça, pas besoin de s'inquiéter.
<0699> \{美凪}「そう…」;;;<0699> Ah bon...
<0700> \{\m{A}}「うん？」;;;<0700> Hmm ?
<0701> \{美凪}「………」;;;<0701> .........
<0702> なにやら、思案に耽る遠野。;;;<0702> Elle devait être perdue dans ses pensées.
<0703> 致し方なく、しばらくの間、答えが出るのを待つことにした。;;;<0703> Je n'avais pas d'autre choix que d'attendre jusqu'à ce qu'elle se décide à réagir.
<0704> ………。;;;<0704> ..........
<0705> ……。;;;<0705> .......
<0706> …。;;;<0706> ....
<0707> ………。;;;<0707> .......
<0708> ……。;;;<0708> .......
<0709> …。;;;<0709> ....
<0710> ………。;;;<0710> ..........
<0711> ……。;;;<0711> .......
<0712> …。;;;<0712> ....
<0713> \{美凪}「…あ」;;;<0713> ... Ah.
<0714> \{\m{A}}（お？）;;;<0714> Oh ?
<0715> どうやら、答えが出たらしい。;;;<0715> On dirait bien qu'elle avait choisi ce qu'elle allait dire.
<0716> \{美凪}「…\m{B}さん」;;;<0716> ... \m{B}-san.
<0717> \{\m{A}}「なんだ」;;;<0717> Quoi ?
<0718> \{美凪}「…お人形…直してさしあげましょうか？」;;;<0718> ... Votre marionnette... Pourrais-je m'en occuper ?
<0719> \{\m{A}}「どうやって？」;;;<0719> Comment ça ?
<0720> \{美凪}「………」;;;<0720> .........
<0721> \{美凪}「…じゃん」;;;<0721> ... Tada.
<0722> いきなり手に糸のついた針が現れた。;;;<0722> Un fil et une aiguille s'étaient soudainement manifestés dans ses mains.
<0723> どこからどうやって出したのか全然わからない。;;;<0723> Je n'avais pas la moindre idée d'où elle avait pu le sortir.
<0724> \{美凪}「…貸してみてください」;;;<0724> ... Vous pourriez me la prêter, s'il vous plaît ?
<0725> \{\m{A}}「あ、ああ」;;;<0725> O-Ok.
<0726> 人形ともがれた目を渡す。;;;<0726> Je lui tendis ma marionnette à l'œil presque détaché.
<0727> 遠野は受け取るや否や、慣れた手つきで目を顔に縫いつけた。;;;<0727> Aussitôt qu'elle la reçut, elle commença à recoudre l'œil d'un geste habile.
<0728> \{美凪}「…どうぞ」;;;<0728> ... Voici.
<0729> \{\m{A}}「…おぉ…」;;;<0729> ... Ooh...
<0730> その仕上がりは完璧だった。;;;<0730> Le résultat était parfait.
<0731> トロそうに見えて、なかなかやるものだ。;;;<0731> Elle avait l'air un peu lente, mais elle savait y faire.
<0732> \{\m{A}}「サンキュー」;;;<0732> Thank you.
<0733> \{美凪}「………」;;;<0733> .........
<0734> \{美凪}「…産休？」;;;<0734> ... Sankyuu (congé maternité) ?
<0735> …違う。;;;<0735> ... Mais non.
<0736> \{\m{A}}「感謝のサンキューだ」;;;<0736> 'Thank you', comme des remerciements.
<0737> \{美凪}「…感謝」;;;<0737> ... 'Remerciements'.
<0738> \{美凪}「………」;;;<0738> .........
<0739> \{美凪}「……ありがとう？」;;;<0739> ...... 'Merci' ?
<0740> \{\m{A}}「まあ、そうだな」;;;<0740> Ben, ouais.
<0741> \{美凪}「………」;;;<0741> .........
<0742> \{美凪}「…ありがとう…」;;;<0742> ... Merci...
<0743> 反芻するように呟きながら、俺の顔を見る。;;;<0743> marmonna-t-elle perdue dans ses pensées tout en me regardant.
<0744> \{美凪}「…ありがとう」;;;<0744> ... Merci.
<0745> \{\m{A}}「…何で、俺に感謝するんだ」;;;<0745> ... Pourquoi tu me remercies ?
<0746> \{美凪}「…ありがとうの…ありがとう」;;;<0746> ... Je vous remercie... de m'avoir remerciée.
<0747> 一瞬、頭が混乱する物言い。;;;<0747> Ces mots avaient semé la confusion dans mon esprit.
<0748> \{\m{A}}「………」;;;<0748> .........
<0749> \{\m{A}}「ああ…ありがとう」;;;<0749> Ouais... Merci.
<0750> 少し、頭の中を整理すると、ありがとうを返しておいた。;;;<0750> Après avoir remis de l'ordre dans mes idées, de je lui rendis son 'merci'.
<0751> \{美凪}「………」;;;<0751> .........
<0752> \{美凪}「…ありがとうのありがとうの…ありがとう？」;;;<0752> ... Vous me remerciez de vous avoir remercié de m'avoir remerciée ?
<0753> \{\m{A}}「まあ…そう、なるかな」;;;<0753> Ben... c'est l'idée.
<0754> \{美凪}「…じゃあ」;;;<0754> ... Dans ce cas.
<0755> \{美凪}「…ありがとう」;;;<0755> Merci.
<0756> \{美凪}「………」;;;<0756> .........
<0757> \{美凪}「…ちなみにこれは…ありがとうのありがとうのありがとうの…」;;;<0757> ... Je précise que... je vous remercie de m'avoir remerciée de vous avoir remercié de...
<0758> \{\m{A}}「遠野」;;;<0758> Tohno.
<0759> 危険な香りを察知して、言葉を遮る。;;;<0759> Sentant le danger, je l'interrompis.
<0760> \{美凪}「………？」;;;<0760> .........?
<0761> \{\m{A}}「きりがないから、もうやめよう」;;;<0761> Ça n'en finira jamais, arrêtons là.
<0762> \{美凪}「………」;;;<0762> .........
<0763> \{美凪}「…がっくり」;;;<0763> ... Sniff.
<0764> そう言って、少しだけ頭を傾かせた。;;;<0764> dit-elle, la tête légèrement abattue.
<0765> \{\m{A}}「でも凄いぞ、遠野美凪」;;;<0765> Tu sais, c'est génial, Tohno Minagi.
<0766> \{美凪}「………」;;;<0766> .........
<0767> うなだれていた首を、ゆっくり起こす。;;;<0767> Elle releva lentement la tête.
<0768> \{美凪}「……凄い？」;;;<0768> ...... 'Génial' ?
<0769> \{\m{A}}「ああ。凄い」;;;<0769> Ouais. Génial.
<0770> \{美凪}「………」;;;<0770> .........
<0771> \{美凪}「…えっへん」;;;<0771> ... Ahem.
<0772> そして、僅かに胸を反らした。;;;<0772> Elle bomba ensuite légèrement le torse.
<0773> \{美凪}「…では…他にも直しておきましょうか」;;;<0773> ... Maintenant... Pourrais-je recoudre le reste ?
<0774> \{\m{A}}「本当か？頼む」;;;<0774> Vraiment ? Je t'en prie.
<0775> \{美凪}「…はい」;;;<0775> ... D'accord.
<0776> ちくちくちく…;;;<0776> \bFwip fwip fwip\u...
<0777> 細やかに手を動かし、修繕していく。;;;<0777> Sa main bougeait avec précision alors qu'elle la raccommodait.
<0778> \{美凪}「………」;;;<0778> .........
<0779> \{美凪}「…これできれい」;;;<0779> ... Comme ça, elle est toute jolie.
<0780> やがて、遠野が人形を抱き上げた。;;;<0780> Elle me la montra.
<0781> \{\m{A}}「おぉ…」;;;<0781> Ooh..
<0782> 二度目の、感嘆の息をつく。;;;<0782> Je poussai un second cri d'admiration.
<0783> 受け取ってみると、各部をチェックしてみた。;;;<0783> Je lui pris la marionnette des mains et en inspectai les moindres détails.
<0784> 取れそうな部分、ほつれていた部分、すべてが綺麗に補修されていた。;;;<0784> Les parties qui se décollaient ou étaient déchirées avait toutes été parfaitement raccommodées.
<0785> \{\m{A}}「すまないな…」;;;<0785> Désolé de t'avoir fait faire ça...
<0786> \{美凪}「………」;;;<0786> .........
<0787> ぷるぷると、首を左右に振った。;;;<0787> Elle secoua la tête frénétiquement de gauche à droite.
<0788> \{美凪}「…このくらいお任せです」;;;<0788> ... Si ce n'est que ça, vous pouvez compter sur moi.
<0789> \{美凪}「…私…裁縫好きですから」;;;<0789> ... Je... J'aime bien la couture.
<0790> \{\m{A}}「でも、なんだか悪いな」;;;<0790> Mais bon, je me sens un peu coupable.
<0791> \{美凪}「…そう…思いますか」;;;<0791> ... Ah bon... Vraiment ?
<0792> \{\m{A}}「まあ、少しな」;;;<0792> Bah, un petit peu.
<0793> \{美凪}「…それでは…ええと」;;;<0793> ... Dans ce cas... Voyons...
<0794> \{美凪}「…かわりに…私からも一つお願いしていいですか」;;;<0794> Pourriez-vous... faire une chose pour moi... En contrepartie ?
<0795> \{\m{A}}「ああ。何でも言ってくれ」;;;<0795> Ouais. Dis-moi ce que tu veux, je le ferai.
<0796> \{美凪}「………」;;;<0796> .........
<0797> \{美凪}「…なんでも？」;;;<0797> ... 'Ce que je veux' ?
<0798> \{\m{A}}（はっ！しまった！）;;;<0798> Ha ! Zut !
<0799> \{\m{A}}「俺にできることならきいてやろう」;;;<0799> Tant que ça reste dans mes capacités.
<0800> \{美凪}「………」;;;<0800> .........
<0801> \{美凪}「…残念」;;;<0801> ... Dommage.
<0802> \{\m{A}}「………」;;;<0802> .........
<0803> いったい、俺になにをやらせるつもりだったのだろう…。;;;<0803> Mais qu'avait-elle bien pu vouloir me faire faire...?
<0804> \{\m{A}}「で、お願いってなんだ」;;;<0804> Alors, qu'est-ce que tu veux que je fasse ?
<0805> \{美凪}「…はい…えっと」;;;<0805> ... Alors... Eh bien.
<0806> \{美凪}「…あとでみちるが来ると思いますので…伝えていたただけますか」;;;<0806> ... Je pense que Michiru va bientôt arriver... Vous pourriez lui transmettre un message ?
<0807> \{\m{A}}「何をだ？」;;;<0807> Lui transmettre quoi ?
<0808> \{美凪}「…私が…もう帰ったことを」;;;<0808> ... Lui dire... que je suis déjà rentrée.
<0809> \{\m{A}}「帰ったことをって…」;;;<0809> Que tu es déjà rentrée...
<0810> \{美凪}「…はい」;;;<0810> ... Oui.
<0811> \{美凪}「…今日は早く帰らねばならないのです」;;;<0811> ... Je dois rentrer tôt, aujourd'hui.
<0812> \{\m{A}}「そうなのか…わかった。お安いご用だ」;;;<0812> Je vois... D'accord. Pas de problème.
<0813> \{美凪}「…お願いいたします」;;;<0813> ... Je vous remercie.
<0814> ぺこりと頭を垂れる。;;;<0814> Elle me salua.
<0815> \{美凪}「…それと\m{B}さんにもひとつお伝えしたいことが」;;;<0815> ... Maintenant, il y a autre chose que j'aimerais vous dire.
<0816> \{\m{A}}「ん？なんだ」;;;<0816> Hmn ? Quoi ?
<0817> \{美凪}「…実は…たいへん言いづらいことなんですが…」;;;<0817> ... En vérité... C'est assez délicat de le dire...
<0818> \{\m{A}}「…なんだよ、かしこまって」;;;<0818> ... Pas besoin de tant de chichis.
<0819> 遠野の神妙な声に、俺は幾分背筋を伸ばした。;;;<0819> Les politesses de Tohno me poussèrent à me roidir un petit peu.
<0820> \{美凪}「…\m{B}さん」;;;<0820> ... \m{B}-san.
<0821> \{\m{A}}「え…」;;;<0821> Eh...
<0822> 遠野が、不意に俺の胸元に鼻を寄せてくる。;;;<0822> Tohno se rapprocha de moi, et à ma grande surprise, vint poser son nez contre mon torse.
<0823> 長く艶やかな遠野の髪から漂う香りが、俺の鼻先をからかうようによぎった。;;;<0823> Le parfum de ses longs cheveux soyeux vint me chatouiller le nez.
<0824> \{美凪}「………」;;;<0824> .........
<0825> \{美凪}「…やっぱり」;;;<0825> ... Je m'en doutais.
<0826> ゆっくりと胸元を離れながら呟く。;;;<0826> murmura-t-elle en se décollant lentement de mon torse.
<0827> \{美凪}「…\m{B}さん…お風呂に入っていませんね」;;;<0827> ... \m{B}-san... Vous ne prenez pas de bains, dites-moi ?
<0828> \{\m{A}}「ん？ああ、まあな」;;;<0828> Hmn ? Bah non.
<0829> \{美凪}「………」;;;<0829> .........
<0830> \{美凪}「…汗くさいですよ」;;;<0830> ... Vous sentez la transpiration.
<0831> がーーーん！;;;<0831> \bPaaaaf\u !
<0832> \{\m{A}}「マジか…」;;;<0832> Sérieux...?
<0833> \{美凪}「…残念ながら」;;;<0833> ... Malheureusement, oui.
<0834> 自分の匂いをかいでみる。;;;<0834> Je me reniflai pour essayer de m'en rendre compte.
<0835> \{\m{A}}「……」;;;<0835> .........
<0836> 確かに、汗くさい。;;;<0836> Je sentais effectivement la transpiration.
<0837> 考えてみれば、何日か風呂に入ってない…。;;;<0837> Maintenant que j'y pense, ça fait combien de temps que je n'ai pas pris de bain...?
<0838> かといって、入れるあてがあるわけでもない。;;;<0838> Cela dit, ce n'était pas comme si j'avais ce qu'il fallait pour en prendre.
<0839> 体を洗わなければ、匂いはどんどん蓄積されていくばかり…。;;;<0839> Mais si je ne me lavais pas, l'odeur ne ferait que devenir de plus en plus pestilentielle.
<0840> \{\m{A}}「むむむ…」;;;<0840> Mumumu...
<0841> 悩む。;;;<0841> C'était un problème.
<0842> \{美凪}「………」;;;<0842> .........
<0843> \{美凪}「…あの…」;;;<0843> ... Excusez-moi...
<0844> \{\m{A}}「ん？」;;;<0844> Hmn ?
<0845> \{美凪}「…シャワーでよろしければ…この中のを使えますよ」;;;<0845> ... Si une douche vous convient... Vous pouvez utiliser celle qui se trouve à l'intérieur.
<0846> 駅舎を指さす。;;;<0846> Elle montra la gare du doigt.
<0847> \{美凪}「…実は私…こういうものを持ってます」;;;<0847> ... Pour tout vous dire... J'ai ramené ceci :
<0848> じゃらっ、とポケットの中から鍵の束を取り出す。;;;<0848> Elle sortit un trousseau de clés de sa poche dans un cliquetis.
<0849> \{美凪}「…これ…この駅舎の鍵なんです」;;;<0849> ... Ce sont... les clés de la gare.
<0850> \{美凪}「…ちなみに…駅舎の中には駅員専用のシャワー室があったりします」;;;<0850> ... Et... Il se trouve qu'à l'intérieur de la gare, il y a une douche réservée aux employés de la gare.
<0851> \{\m{A}}「………」;;;<0851> .........
<0852> \{美凪}「………」;;;<0852> .........
<0853> \{美凪}「…えっと…」;;;<0853> ... Euh...
<0854> \{美凪}「…すごい？」;;;<0854> ... Impressionné ?
<0855> \{\m{A}}「なんで、そんなもん持ってんだよ…」;;;<0855> Pourquoi tu te promènes avec ça ...?
<0856> \{美凪}「………」;;;<0856> .........
<0857> \{美凪}「…びっくり？」;;;<0857> ... Surpris ?
<0858> \{\m{A}}「ああ。まあな」;;;<0858> Bah, ouais.
<0859> \{美凪}「そう…」;;;<0859> Ah bon...
<0860> なぜだかわからないが、遠野は満足そうだった。;;;<0860> Pour une raison qui m'était inconnue, Tohno avait l'air satisfait.
<0861> \{美凪}「…実は…父が以前、この駅の駅長をしていたことがあるんです」;;;<0861> .... En fait... Autrefois, mon père était le chef de gare, ici.
<0862> \{美凪}「…だから鍵を持ってるんですよ…私」;;;<0862> ... C'est pour cela que c'est moi qui ai les clés...
<0863> \{\m{A}}「それ、理由になってないぞ」;;;<0863> Ça ne suffit pas, comme raison.
<0864> \{美凪}「…あれ…そう？」;;;<0864> ... Oh... Ah bon ?
<0865> \{\m{A}}「そう」;;;<0865> Oui.
<0866> \{美凪}「そう…」;;;<0866> Ah bon...
<0867> \{\m{A}}「………」;;;<0867> .........
<0868> \{美凪}「………」;;;<0868> .........
<0869> \{\m{A}}「ま、風呂に入れるなら、なんでもいいけどな」;;;<0869> Bah, tant que je peux prendre un bain, peu importe.
<0870> ヤバイ方向に話しがいきそうなので、深く考えるのはやめにする。;;;<0870> La conversation semblait devenir un poil délicate, alors je préférai ne pas trop insister.
<0871> \{美凪}「…ですね」;;;<0871> ... En effet.
<0872> \{美凪}「…では…この鍵は\m{B}さんにお預けします」;;;<0872> ... Eh bien... Je vous confie ces clés.
<0873> \{\m{A}}「いいのか？」;;;<0873> T'es sûre ?
<0874> \{美凪}「…はい」;;;<0874> ... Oui.
<0875> \{美凪}「…駅にはひとがいた方が良いですから」;;;<0875> ... C'est mieux que quelqu'un soit présent à la gare.
<0876> \{\m{A}}「よくわからない理屈だな」;;;<0876> Je pige pas trop ton raisonnement.
<0877> \{美凪}「…そう？」;;;<0877> ... Ah bon ?
<0878> \{美凪}「…でも…本当のことですよ…それは」;;;<0878> ... Mais... Ceci est la vérité.
<0879> \{美凪}「…ここは…私にとって大切な思い出の場所ですから」;;;<0879> ... Cet endroit... est plein de souvenirs très précieux à mes yeux.
<0880> \{美凪}「…そこが寂れてゆくのは…やっぱり辛いです」;;;<0880> ... Le voir se délabrer... m'attriste particulièrement.
<0881> \{\m{A}}「………」;;;<0881> .........
<0882> \{\m{A}}「そっか」;;;<0882> Pigé.
<0883> \{\m{A}}「そういうことなら、遠慮なく使わせてもらうぞ」;;;<0883> Si c'est comme ça, je ne vais pas me gêner.
<0884> \{美凪}「…はい」;;;<0884> ... Oui.
<0885> \{美凪}「…中にボイラー点火用のライターがあると思いますので…使ってください」;;;<0885> ... Je crois qu'il y a un allume-feu à l'intérieur... Je vous prie de vous en servir.
<0886> \{\m{A}}「わかった」;;;<0886> Compris.
<0887> \{美凪}「…火の取り扱いには注意してくださいね」;;;<0887> ... Soyez prudent quand vous manipulez du feu.
<0888> \{\m{A}}「ああ」;;;<0888> Ouais.
<0889> \{美凪}「…では…みちるのこと…よろしくお願いします」;;;<0889> ... Là-dessus... N'oubliez pas Michiru...
<0890> ぺこりとまた頭を垂れる。;;;<0890> Elle me salua une énième fois.
<0891> \{美凪}「…それでは」;;;<0891> ... Sur ce.
<0892> そして、遠野は帰っていった。;;;<0892> Tohno rentra chez elle.
<0893> 俺は、その後ろ姿が見えなくなってから、鍵を使い、駅舎の中へと入った。;;;<0893> Une fois qu'elle fut sortie de mon champ de vision, j'entrai dans la gare au moyen des clés.
<0894> \{\m{A}}「…っと…俺はなんでこんなところで寝てるんだ」;;;<0894> ... Hé... Pourquoi est-ce que j'ai dormi ici ?
<0895> 眠気に空腹が重なって、思考が停滞気味だった。;;;<0895> Mon esprit était assailli tour à tour par les sensations de somnolence et de faim.
<0896> \{\m{A}}「…ああ…そうか」;;;<0896> ... Aah... Je sais.
<0897> ようやく思い出して、ぼりぼりと頭を掻く。;;;<0897> M'en étant finalement souvenu, je me grattai l'arrière du crâne.
<0898> \{\m{A}}「たしか、人形を直してもらうつもりで、遠野を待ってたんだったな…」;;;<0898> C'est ça : j'attendais que Tohno vienne réparer ma marionnette...
<0899> 確認するように、俺は一人呟いた。;;;<0899> dis-je entre mes dents pour mieux m'en souvenir.
<0900> \{声}「…そうなんですか？」;;;<0900> ... Vraiment ?
<0901> \{\m{A}}「うわっ！」;;;<0901> Uwah !!
<0902> \{美凪}「…どうかしましたか？」;;;<0902> ... Tout va bien ?
<0903> 俺のリアクションを見ながら、遠野は小首を傾げている。;;;<0903> Tohno me regardait faire, l'air interrogatif.
<0904> \{\m{A}}（び、びっくりした…）;;;<0904> E-Elle m'a fait peur...
<0905> せめて、気配ぐらいは漂わせてほしい。;;;<0905> Elle aurait au moins pu signaler sa présence.
<0906> \{\m{A}}「なんだ、いたのか…」;;;<0906> Tiens, t'es là...?
<0907> \{美凪}「………」;;;<0907> .........
<0908> \{美凪}「…おはようございます」;;;<0908> ... Bonjour.
<0909> ぺこりと頭を垂れる。;;;<0909> Elle me salua.
<0910> \{\m{A}}「…おはよう」;;;<0910> ... Salut.
<0911> つられて、俺も頭を垂れる。;;;<0911> Je la saluai de même, par réflexe.
<0912> 夏の午後に、駅前のベンチに座った若い男女が、無表情のまま朝の挨拶。;;;<0912> Une après-midi d'été, un jeune homme et une jeune femme assis sur un banc devant une gare se saluant sans expression, comme si c'était le matin.
<0913> なにかがおかしい…。;;;<0913> Quelque chose clochait...
<0914> \{美凪}「…安らかに眠られてましたね」;;;<0914> ... Vous dormiez si paisiblement.
<0915> \{\m{A}}「みたいだな」;;;<0915> On dirait bien.
<0916> \{美凪}「…お疲れですか？」;;;<0916> ... Vous êtes fatigué ?
<0917> \{\m{A}}「かもしれない」;;;<0917> Peut-être bien.
<0918> \{美凪}「そうですか…」;;;<0918> Je vois...
<0919> \{\m{A}}「そうなんだ」;;;<0919> Ouaip.
<0920> \{美凪}「…えっと…」;;;<0920> ... Euh..
<0921> 視線を落として何かを考え始めた。;;;<0921> Elle baissa les yeux et pensa à quelque chose.
<0922> 当然のことながら、次の行動は予測は不可能だ。;;;<0922> Avec elle, impossible de prédire sa prochaine action.
<0923> \{美凪}「………」;;;<0923> .........
<0924> \{美凪}「………」;;;<0924> .........
<0925> \{美凪}「………」;;;<0925> .........
<0926> \{美凪}「…あ」;;;<0926> ... Ah.
<0927> なにかが閃いたらしい。;;;<0927> Elle sembla avoir eu une illumination.
<0928> \{美凪}「…どうぞ」;;;<0928> ... Je vous en prie.
<0929> 自分の太股をぱんぱんと叩く。;;;<0929> Elle tapota ses cuisses.
<0930> \{\m{A}}「………」;;;<0930> .........
<0931> \{\m{A}}「…なんの真似だ」;;;<0931> ... Qu'est-ce que t'essaies de faire ?
<0932> \{美凪}「…膝枕」;;;<0932> ... Vous pouvez vous servir de mes genoux comme oreiller.
<0933> \{\m{A}}「膝枕？」;;;<0933> Me servir de mes genoux comme oreiller ?
<0934> \{美凪}「…はい」;;;<0934> ... Oui.
<0935> \{美凪}「…膝枕…気持ち良いです」;;;<0935> ... Utiliser les genoux comme oreiller... C'est agréable.
<0936> ぱんぱん。;;;<0936> \bTapote tapote\u.
<0937> \{美凪}「…どうぞ」;;;<0937> ... Je vous en prie.
<0938> \{\m{A}}「………」;;;<0938> .........
<0939> 遠野の目が、『カマ～ン』と俺を誘っている。;;;<0939> Ses yeux semblaient me dire : 'come on~'.
<0940> \{\m{A}}「…遠慮しておく」;;;<0940> ... Je vais devoir refuser.
<0941> 気遣ってくれているつもりだろうか。;;;<0941> Cherchait-elle à s'occuper de moi ?
<0942> まあ、悪い気はしないが…。;;;<0942> Bah, ce n'était pas désagréable...
<0943> \{美凪}「………」;;;<0943> .........
<0944> \{美凪}「…膝枕…嫌い？」;;;<0944> ... Vous n'aimez pas... utiliser les genoux comme oreiller ?
<0945> \{\m{A}}「そういうわけじゃない」;;;<0945> C'est pas pour ça.
<0946> そういう問題でもない。;;;<0946> Là n'était pas le problème.
<0947> \{美凪}「………」;;;<0947> .........
<0948> \{美凪}「…じゃあ…好きということで」;;;<0948> ... Dans ce cas... c'est que vous aimez bien cela.
<0949> ぱんぱん。;;;<0949> \bTapote tapote\u.
<0950> \{美凪}「…どうぞ」;;;<0950> ... Je vous en prie.
<0951> \{\m{A}}「なんでそうなるんだ」;;;<0951> Qu'est-ce qui te fait dire ça ?
<0952> \{美凪}「…さあ…なんででしょう？」;;;<0952> ... Qui sait... Bonne question.
<0953> 首を傾げる。;;;<0953> Elle pencha sa tête sur le côté.
<0954> \{美凪}「…\m{B}さん…わかりますか？」;;;<0954> ... \m{B}-san... Vous en avez une idée ?
<0955> \{\m{A}}「俺に訊いてどうする」;;;<0955> Pourquoi tu me demandes à moi ?
<0956> \{美凪}「…ですよね」;;;<0956> ... En effet.
<0957> \{\m{A}}「………」;;;<0957> .........
<0958> \{\m{A}}「はぁ…」;;;<0958> Haa...
<0959> 脳味噌が膿んでしまいそうだ。;;;<0959> Je sentais ma matière grise s'user en temps réel.
<0960> 話題を変えることにする。;;;<0960> Je décidai de changer de sujet.
<0961> \{\m{A}}「とにかく、膝枕はいい」;;;<0961> Enfin bref, je n'ai pas besoin de ce genre d'oreiller.
<0962> \{美凪}「…そうですか…残念」;;;<0962> ... Je vois... Dommage.
<0963> なにが残念なのだろうか。;;;<0963> Pourquoi, 'dommage' ?
<0964> \{美凪}「…またの機会ということですね」;;;<0964> ... Remettons cela à une prochaine fois.
<0965> またの機会などあろうはずがない。;;;<0965> Il n'y aura pas de 'prochaine fois'.
<0966> \{\m{A}}「そんなことより、実は頼みたいことがあるんだ」;;;<0966> Dans tous les cas, j'ai quelque chose à te demander.
<0967> 気を取りなおして、本日の目的を発表する。唐突に。;;;<0967> Je déclarai abruptement mon intention.
<0968> \{美凪}「…頼みたいこと？」;;;<0968> ... 'Quelque chose à me demander' ?
<0969> \{\m{A}}「ああ」;;;<0969> Ouais.
<0970> \{美凪}「…なんでしょうか…はてさて」;;;<0970> ... Qu'est-ce que cela pourrait bien être... Bonne question.
<0971> もぞもぞと態勢を整える。;;;<0971> Elle gesticula, comme si elle se préparait à quelque chose.
<0972> なぜか服装も整える。;;;<0972> Pour une raison quelconque, elle ajusta ses vêtements.
<0973> \{\m{A}}（…ふざけてるわけじゃないよな、たぶん）;;;<0973> ... Elle n'a pas l'air de plaisanter, on dirait.
<0974> \{\m{A}}「…準備オッケーか？」;;;<0974> ... T'es prête ?
<0975> \{美凪}「…はい」;;;<0975> ... Oui.
<0976> \{\m{A}}「では…」;;;<0976> Alors...
<0977> 神妙に、こほんっ、と一つ咳払いをする。;;;<0977> Je m'éclaircis la gorge.
<0978> \{\m{A}}「実は、昨日、直してもらった人形のことなんだが…」;;;<0978> Tu vois, hier, tu as rafistolé ma marionnette...
<0979> \{美凪}「…なるほど。喋りましたか」;;;<0979> ... Je vois. Elle s'est mise à parler ?
<0980> \{\m{A}}「………」;;;<0980> .........
<0981> \{美凪}「………」;;;<0981> .........
<0982> \{\m{A}}「…いや、残念ながら喋らなかった」;;;<0982> ... Nan, malheureusement, elle ne s'est pas mise à parler.
<0983> \{美凪}「…そうですか…残念」;;;<0983> ... Ah bon... Dommage.
<0984> \{\m{A}}「って、そういうことじゃなくてだな」;;;<0984> Hé, ce n'est pas le sujet.
<0985> \{美凪}「…？」;;;<0985> ...?
<0986> \{\m{A}}「せっかく直してもらったのに悪いんだが、あの服をどうにかしてほしいんだ」;;;<0986> Je suis désolé de te demander ça alors que tu as fait tellement d'efforts pour la rafistoler, mais j'aimerais que tu fasses quelque chose pour ces vêtements.
<0987> \{美凪}「…服？」;;;<0987> ... 'Ces vêtements' ?
<0988> \{\m{A}}「ああ。あのピンク色をした、乙女の純情ぶりぶりな服だ」;;;<0988> Ouais. Pour ces vêtements pleins de froufrous qui transpirent l'innocence d'une jeune fille.
<0989> \{美凪}「………」;;;<0989> .........
<0990> \{美凪}「…ピンク嫌い？」;;;<0990> ... Vous n'aimez pas le rose ?
<0991> \{\m{A}}「色は関係ない」;;;<0991> Ce n'est pas la couleur, le problème.
<0992> \{美凪}「…？」;;;<0992> ...?
<0993> \{\m{A}}「実はな…あの人形は男の子なんだ」;;;<0993> En fait... Cette marionnette est un garçon.
<0994> 思いつきで直してもらいたい理由を述べてみた。;;;<0994> Je tentai de lui expliquer la raison pour laquelle je voulais qu'elle corrige cela.
<0995> \{美凪}「…男の子？」;;;<0995> ... 'Un garçon' ?
<0996> \{\m{A}}「ああ。男の子が、あんな服を着ているのはおかしいだろ？」;;;<0996> Ouais. C'est bizarre pour un garçon de porter des vêtements pareils.
<0997> \{美凪}「………」;;;<0997> .........
<0998> \{美凪}「…好きで着ている人もいますよ…大人でも」;;;<0998> ... Il y a des gens qui aiment porter cela... Même des adultes.
<0999> …確かに。;;;<0999> ... Certes.
<1000> \{\m{A}}「いや、彼はいちおうノーマルなもんでな」;;;<1000> Mais nan, celui-ci est normal.
<1001> \{美凪}「………」;;;<1001> .........
<1002> \{美凪}「…そうですか…わかりました」;;;<1002> ... Soit... Je comprends.
<1003> \{\m{A}}「わかってくれたか」;;;<1003> C'est bien que tu comprennes.
<1004> \{美凪}「…はい…わかっちゃいました」;;;<1004> ... Oui... J'ai compris.
<1005> \{\m{A}}「そら良かった」;;;<1005> C'est cool, ça.
<1006> これで一安心だ。;;;<1006> J'étais maintenant rassuré.
<1007> \{美凪}「…水玉模様に変えましょう」;;;<1007> ... Mettons un motif à pois à la place.
<1008> \{\m{A}}「色だけ変えても同じだっ」;;;<1008> Ça revient ua même si tu touches juste la couleur.
<1009> \{美凪}「…？」;;;<1009> ...?
<1010> \{\m{A}}「はぁ…」;;;<1010> Haa...
<1011> ぼりぼりと頭を掻く。;;;<1011> Je me grattai l'arrière du crâne.
<1012> なんだか、目頭が熱くなってきた。;;;<1012> Ça me donnait presque envie de pleurer.
<1013> \{\m{A}}「どうせ服を着せてくれるなら、普通の男の子が着るような服にしてくれ」;;;<1013> Quitte à l'habiller, autant lui mettre des vêtements standards pour garçon.
<1014> 知らず、言葉尻に溜息がまじった。;;;<1014> Sans le vouloir, j'avais conclu ma phrase sur un soupir.
<1015> \{美凪}「………」;;;<1015> .........
<1016> \{美凪}「…オーバーオールとか」;;;<1016> ... Peut-être une salopette.
<1017> \{\m{A}}「なんだそれは」;;;<1017> C'est quoi, ça ?
<1018> \{美凪}「…えっと…たしかこういう…」;;;<1018> ... Alors... Si je ne dis pas de bêtise, c'est comme ça...
<1019> 手で、空中にオーバーオールとやらの形をつくる。;;;<1019> Elle traça avec ses mains les contours d'une salopette dans les airs.
<1020> \{\m{A}}「………」;;;<1020> .........
<1021> \{\m{A}}「…なるほど」;;;<1021> ... Je vois.
<1022> わかった振りをしておく。;;;<1022> Je fis semblant d'avoir compris.
<1023> \{\m{A}}「なんでもいいから、とにかく男物の服を頼む」;;;<1023> N'importe quoi, tant que ce sont des habits masculins.
<1024> \{美凪}「………」;;;<1024> .........
<1025> \{美凪}「…わかりました」;;;<1025> ... D'accord.
<1026> こくりと頷く。;;;<1026> Elle hocha la tête.
<1027> \{\m{A}}「そうか。わかってくれたか」;;;<1027> Je vois.  T'as l'air d'avoir compris.
<1028> \{美凪}「…くれました」;;;<1028> ... En effet.
<1029> もう一度、こくりと頷く。;;;<1029> Elle hocha la tête une seconde fois.
<1030> 今度こそ本当にわかってもらえたようだ。;;;<1030> Cette fois, elle paraissait avoir compris pour de bon.
<1031> \{美凪}「では…」;;;<1031> Sur ce...
<1032> 遠野はノーモーションで両手に針と糸を出現させる。;;;<1032> Une aiguille et un fil apparurent comme par magie dans ses mains.
<1033> \{美凪}「………」;;;<1033> .........
<1034> \{美凪}「…直します」;;;<1034> ... Je vais la recoudre.
<1035> そう言うや否や、遠野は俺に背中を向けた。;;;<1035> Ces mots prononcés, Tohno se tourna aussitôt dos à moi.
<1036> \{\m{A}}「…？」;;;<1036> ...?
<1037> 微かに肩が動いている。;;;<1037> Je pouvais voir ses épaules remuer légèrement.
<1038> 結構小刻みで素早い動きだ。;;;<1038> Ses mouvements étaient quelque peu saccadés, mais vifs.
<1039> ぴた…。;;;<1039> \bStop\u...
<1040> 止まった。;;;<1040> Elle arrêta de bouger.
<1041> \{美凪}「………」;;;<1041> .........
<1042> 何か考えているらしい。;;;<1042> On dirait qu'elle réfléchissait.
<1043> また動き出す。;;;<1043> Puis elle recommença à bouger.
<1044> それからまもなくして…。;;;<1044> Un petit moment plus tard...
<1045> \{美凪}「どうぞ…できました」;;;<1045> Tenez... J'ai fini.
<1046> そう言って人形を渡す遠野の顔は、どこかやつれていた。;;;<1046> annonça-t-elle en me tendant la marionnette. Elle semblait fatiguée.
<1047> \{\m{A}}「お、おう。サンキュー」;;;<1047> O-Ok. Merci.
<1048> 人形を受け取り、仕上がり具合を見る。;;;<1048> Je lui pris la marionnette des mains, et contemplai l'ouvrage terminé.
<1049> 元の人形だ。;;;<1049> Elle était de retour.
<1050> スカートをはく前の、あるがままの形をした人形だ。;;;<1050> Elle était revenue à son état d'avant la robe.
<1051> 当然、ちゃんと綺麗に補修されている。;;;<1051> Naturellement, le raccommodage était excellent.
<1052> \{\m{A}}「おお、やるな」;;;<1052> Ooh, pas mal.
<1053> \{美凪}「…このくらいお任せです」;;;<1053> ... Si ce n'est que ça, vous pouvez compter sur moi.
<1054> \{美凪}「…私…裁縫好きですから」;;;<1054> ... Je... J'aime bien la couture.
<1055> \{\m{A}}「でも、なんだか悪いな」;;;<1055> Mais bon, je me sens un peu coupable.
<1056> \{美凪}「…そう…思いますか」;;;<1056> ... Ah bon... Vraiment ?
<1057> \{\m{A}}「まあ、少しな」;;;<1057> Bah, un petit peu.
<1058> \{美凪}「…それでは…ええと」;;;<1058> ... Dans ce cas... Voyons...
<1059> \{美凪}「…かわりに…私からも一つお願いしていいですか」;;;<1059> Pourriez-vous... faire une chose pour moi... En contrepartie ?
<1060> \{\m{A}}「ああ。何でも言ってくれ」;;;<1060> Ouais. Dis-moi ce que tu veux, je le ferai.
<1061> \{美凪}「………」;;;<1061> .........
<1062> \{美凪}「…なんでも？」;;;<1062> ... 'Ce que je veux' ?
<1063> \{\m{A}}（はっ！しまった！）;;;<1063> Ha ! Zut !
<1064> \{\m{A}}「俺にできることならきいてやろう」;;;<1064> Tant que ça reste dans mes capacités.
<1065> \{美凪}「………」;;;<1065> .........
<1066> \{美凪}「…残念」;;;<1066> ... Dommage.
<1067> \{\m{A}}「………」;;;<1067> .........
<1068> いったい、俺になにをやらせるつもりだったのだろう…。;;;<1068> Mais qu'avait-elle bien pu vouloir me faire faire...?
<1069> \{\m{A}}「で、お願いってなんだ」;;;<1069> Alors, qu'est-ce que tu veux que je fasse ?
<1070> \{美凪}「…はい…えっと」;;;<1070> ... Alors... Eh bien.
<1071> \{美凪}「…あとでみちるが来ると思いますので…伝えていたただけますか」;;;<1071> ... Je pense que Michiru va bientôt arriver... Vous pourriez lui transmettre un message ?
<1072> \{\m{A}}「何をだ？」;;;<1072> Lui transmettre quoi ?
<1073> \{美凪}「…私が…もう帰ったことを」;;;<1073> ... Lui dire... que je suis déjà rentrée.
<1074> \{\m{A}}「帰ったことをって…」;;;<1074> Que tu es déjà rentrée...
<1075> \{美凪}「…はい」;;;<1075> ... Oui.
<1076> \{美凪}「…今日は早く帰らねばならないのです」;;;<1076> ... Je dois rentrer tôt, aujourd'hui.
<1077> \{\m{A}}「そうなのか…わかった。お安いご用だ」;;;<1077> Je vois... D'accord. Pas de problème.
<1078> \{美凪}「…お願いいたします」;;;<1078> ... Je vous remercie.
<1079> ぺこりと頭を垂れる。;;;<1079> Elle me salua.
<1080> \{美凪}「…それと\m{B}さんにもひとつお伝えしたいことが」;;;<1080> ... Maintenant, il y a autre chose que j'aimerais vous dire.
<1081> \{\m{A}}「ん？なんだ」;;;<1081> Hmn ? Quoi ?
<1082> \{美凪}「…実は…たいへん言いづらいことなんですが…」;;;<1082> ... En vérité... C'est assez délicat de le dire...
<1083> \{\m{A}}「…なんだよ、かしこまって」;;;<1083> ... Pas besoin de tant de chichis.
<1084> 遠野の神妙な声に、俺は幾分背筋を伸ばした。;;;<1084> Les politesses de Tohno me poussèrent à me roidir un petit peu.
<1085> \{美凪}「…\m{B}さん」;;;<1085> ... \m{B}-san.
<1086> \{\m{A}}「え…」;;;<1086> Eh...
<1087> 遠野が、不意に俺の胸元に鼻を寄せてくる。;;;<1087> Tohno se rapprocha de moi, et à ma grande surprise, vint poser son nez contre mon torse.
<1088> 長く艶やかな遠野の髪から漂う香りが、俺の鼻先をからかうようによぎった。;;;<1088> Le parfum de ses longs cheveux soyeux vint me chatouiller le nez.
<1089> \{美凪}「………」;;;<1089> .........
<1090> \{美凪}「…やっぱり」;;;<1090> ... Je m'en doutais.
<1091> ゆっくりと胸元を離れながら呟く。;;;<1091> murmura-t-elle en se décollant lentement de mon torse.
<1092> \{美凪}「…\m{B}さん…お風呂に入っていませんね」;;;<1092> ... \m{B}-san... Vous ne prenez pas de bains, dites-moi ?
<1093> \{\m{A}}「ん？ああ、まあな」;;;<1093> Hmn ? Bah non.
<1094> \{美凪}「………」;;;<1094> .........
<1095> \{美凪}「…汗くさいですよ」;;;<1095> ... Vous sentez la transpiration.
<1096> がーーーん！;;;<1096> \bPaaaaf\u !
<1097> \{\m{A}}「マジか…」;;;<1097> Sérieux...?
<1098> \{美凪}「…残念ながら」;;;<1098> ... Malheureusement, oui.
<1099> 自分の匂いをかいでみる。;;;<1099> Je me reniflai pour essayer de m'en rendre compte.
<1100> \{\m{A}}「……」;;;<1100> .........
<1101> 確かに、汗くさい。;;;<1101> Je sentais effectivement la transpiration.
<1102> 考えてみれば、何日か風呂に入ってない…。;;;<1102> Maintenant que j'y pense, ça fait combien de temps que je n'ai pas pris de bain...?
<1103> かといって、入れるあてがあるわけでもない。;;;<1103> Cela dit, ce n'était pas comme si j'avais ce qu'il fallait pour en prendre.
<1104> 体を洗わなければ、匂いはどんどん蓄積されていくばかり…。;;;<1104> Mais si je ne me lavais pas, l'odeur ne ferait que devenir de plus en plus pestilentielle.
<1105> \{\m{A}}「むむむ…」;;;<1105> Mumumu...
<1106> 悩む。;;;<1106> C'était un problème.
<1107> \{美凪}「………」;;;<1107> .........
<1108> \{美凪}「…あの…」;;;<1108> ... Excusez-moi...
<1109> \{\m{A}}「ん？」;;;<1109> Hmn ?
<1110> \{美凪}「…シャワーでよろしければ…この中のを使えますよ」;;;<1110> ... Si une douche vous convient... Vous pouvez utiliser celle qui se trouve à l'intérieur.
<1111> 駅舎を指さす。;;;<1111> Elle montra la gare du doigt.
<1112> \{美凪}「…実は私…こういうものを持ってます」;;;<1112> ... Pour tout vous dire... J'ai ramené ceci :
<1113> じゃらっ、とポケットの中から鍵の束を取り出す。;;;<1113> Elle sortit un trousseau de clés de sa poche dans un cliquetis.
<1114> \{美凪}「…これ…この駅舎の鍵なんです」;;;<1114> ... Ce sont... les clés de la gare.
<1115> \{美凪}「…ちなみに…駅舎の中には駅員専用のシャワー室があったりします」;;;<1115> ... Et... Il se trouve qu'à l'intérieur de la gare, il y a une douche réservée aux employés de la gare.
<1116> \{\m{A}}「………」;;;<1116> .........
<1117> \{美凪}「………」;;;<1117> .........
<1118> \{美凪}「…えっと…」;;;<1118> ... Euh...
<1119> \{美凪}「…すごい？」;;;<1119> ... Impressionné ?
<1120> \{\m{A}}「なんで、そんなもん持ってんだよ…」;;;<1120> Pourquoi tu te promènes avec ça ...?
<1121> \{美凪}「………」;;;<1121> .........
<1122> \{美凪}「…びっくり？」;;;<1122> ... Surpris ?
<1123> \{\m{A}}「ああ。まあな」;;;<1123> Bah, ouais.
<1124> \{美凪}「そう…」;;;<1124> Je vois...
<1125> なぜだかわからないが、遠野は満足そうだった。;;;<1125> Pour une raison qui m'était inconnue, Tohno avait l'air satisfait.
<1126> \{美凪}「…実は…父が以前、この駅の駅長をしていたことがあるんです」;;;<1126> .... En fait... Autrefois, mon père était le chef de gare, ici.
<1127> \{美凪}「…だから鍵を持ってるんですよ…私」;;;<1127> ... C'est pour cela que c'est moi qui ai les clés...
<1128> \{\m{A}}「それ、理由になってないぞ」;;;<1128> Ça ne suffit pas, comme raison.
<1129> \{美凪}「…あれ…そう？」;;;<1129> ... Oh... Ah bon ?
<1130> \{\m{A}}「そう」;;;<1130> Oui.
<1131> \{美凪}「そう…」;;;<1131> Ah bon...
<1132> \{\m{A}}「………」;;;<1132> .........
<1133> \{美凪}「………」;;;<1133> .........
<1134> \{\m{A}}「ま、風呂に入れるなら、なんでもいいけどな」;;;<1134> Bah, tant que je peux prendre un bain, peu importe.
<1135> ヤバイ方向に話しがいきそうなので、深く考えるのはやめにする。;;;<1135> La conversation semblait devenir un poil délicate, alors je préférai ne pas trop insister.
<1136> \{美凪}「…ですね」;;;<1136> ... En effet.
<1137> \{美凪}「…では…この鍵は\m{B}さんにお預けします」;;;<1137> ... Eh bien... Je vous confie ces clés.
<1138> \{\m{A}}「いいのか？」;;;<1138> T'es sûre ?
<1139> \{美凪}「…はい」;;;<1139> ... Oui.
<1140> \{美凪}「…駅にはひとがいた方が良いですから」;;;<1140> ... C'est mieux que quelqu'un soit présent à la gare.
<1141> \{\m{A}}「よくわからない理屈だな」;;;<1141> Je pige pas trop ton raisonnement.
<1142> \{美凪}「…そう？」;;;<1142> ... Ah bon ?
<1143> \{美凪}「…でも…本当のことですよ…それは」;;;<1143> ... Mais... Ceci est la vérité.
<1144> \{美凪}「…ここは…私にとって大切な思い出の場所ですから」;;;<1144> ... Cet endroit... est plein de souvenirs très précieux à mes yeux.
<1145> \{美凪}「…そこが寂れてゆくのは…やっぱり辛いです」;;;<1145> ... Le voir se délabrer... m'attriste particulièrement.
<1146> \{\m{A}}「………」;;;<1146> .........
<1147> \{\m{A}}「そっか」;;;<1147> Pigé.
<1148> \{\m{A}}「そういうことなら、遠慮なく使わせてもらうぞ」;;;<1148> Si c'est comme ça, je ne vais pas me gêner.
<1149> \{美凪}「…はい」;;;<1149> ... Oui.
<1150> \{美凪}「…中にボイラー点火用のライターがあると思いますので…使ってください」;;;<1150> ... Je crois qu'il y a un allume-feu à l'intérieur... Je vous prie de vous en servir.
<1151> \{\m{A}}「わかった」;;;<1151> Compris.
<1152> \{美凪}「…火の取り扱いには注意してくださいね」;;;<1152> ... Soyez prudent quand vous manipulez du feu.
<1153> \{\m{A}}「ああ」;;;<1153> Ouais.
<1154> \{美凪}「…では…みちるのこと…よろしくお願いします」;;;<1154> ... Là-dessus... N'oubliez pas Michiru...
<1155> ぺこりとまた頭を垂れる。;;;<1155> Elle me salua une énième fois.
<1156> \{美凪}「…それでは」;;;<1156> ... Sur ce.
<1157> そして、遠野は帰っていった。;;;<1157> Tohno rentra chez elle.
<1158> 俺は、その後ろ姿が見えなくなってから、鍵を使い、駅舎の中へと入った。;;;<1158> Une fois qu'elle fut sortie de mon champ de vision, j'entrai dans la gare au moyen des clés.
<1159> \{美凪}「…でも…少し時間がかかります」;;;<1159> ... Mais... Cela risque de prendre un peu de temps.
<1160> \{\m{A}}「それは、いっこうにかまわないぞ」;;;<1160> Ça ne me pose aucun problème.
<1161> \{美凪}「…本当に？」;;;<1161> ... Vraiment ?
<1162> \{\m{A}}「ああ。人形が、まともな姿にもどるならな」;;;<1162> Ouais. Tant que t'arrives à la remettre en forme.
<1163> \{美凪}「………」;;;<1163> .........
<1164> \{美凪}「…一晩かかります」;;;<1164> ... Ça devrait prendre la nuit.
<1165> \{\m{A}}「一晩？裁縫上手な遠野さんにしては、えらく時間がかかるんだな」;;;<1165> La nuit ? Ça en fait du temps pour quelqu'un d'aussi doué pour la couture que toi.
<1166> \{美凪}「………」;;;<1166> .........
<1167> \{美凪}「…男の子の服は…慣れてないから」;;;<1167> ... C'est que je n'ai pas l'habitude... de faire des vêtements pour homme.
<1168> \{\m{A}}「そうか」;;;<1168> Je vois.
<1169> まあ、一晩ぐらいなら問題ないだろう。;;;<1169> Bah, attendre une nuit n'était pas un problème.
<1170> むしろ、たった一晩で、あれがもとに戻るなら御の字と言える。;;;<1170> Au contraire, je devrais être assez satisfait du fait que cela ne prendrait qu'une nuit.
<1171> \{\m{A}}「じゃ、頼まれてくれるか」;;;<1171> Alors, je peux compter sur toi ?
<1172> バッグの中に隠し持っていた人形を差し出す。;;;<1172> Je sortis ma marionnette de mon sac et la lui remis.
<1173> \{美凪}「…はい」;;;<1173> ... Oui.
<1174> 遠野がそれを受け取る。;;;<1174> Tohno l'accepta.
<1175> \{美凪}「…えっと…」;;;<1175> ... Euh...
<1176> \{美凪}「…じゃあ明日…ここで待っていてもらえますか」;;;<1176> ... Alors, pourriez-vous... m'attendre ici, demain ?
<1177> \{\m{A}}「わかった」;;;<1177> Pas de problème.
<1178> \{\m{A}}「今日と同じぐらいの時間でいいのか？」;;;<1178> À la même heure qu'aujourd'hui, ça ira ?
<1179> \{美凪}「…はい」;;;<1179> ... Oui.
<1180> \{美凪}「…午前中は用事がありますので…昼過ぎに」;;;<1180> ... J'ai des choses à faire le matin... alors après manger.
<1181> \{\m{A}}「わかった」;;;<1181> Pas de problème.
<1182> \{美凪}「…それと…明日は\m{B}さんが寝てしまう前にきちゃいます」;;;<1182> ... Aussi... Demain, j'essaierai d'être là avant que ne vous vous endormiez.
<1183> \{\m{A}}「なんで」;;;<1183> Pourquoi ?
<1184> \{美凪}「…膝枕…してさしあげますから」;;;<1184> ... Je voudrais... que vous utilisiez mes genoux comme oreiller.
<1185> \{\m{A}}「………」;;;<1185> .........
<1186> まだ諦めてなかったのか…。;;;<1186> Elle n'avait toujours pas abandonné...
<1187> 意外としつこい性格なのかもしれない。;;;<1187> Elle semblait être plus têtue que je ne le pensais.
<1188> \{\m{A}}「…眠たくなったらな」;;;<1188> ... Si j'ai envie de dormir.
<1189> むげに断るのも気が引けるので、それだけを答えた。;;;<1189> Je me sentirais mal de refuser brutalement, alors j'avais répondu cela.
<1190> \{美凪}「…はい…お楽しみです」;;;<1190> ... Oui... J'ai hâte.
<1191> なにやら、遠野の表情がとても嬉しそうに見えた。;;;<1191> L'expression de son visage trahissait une certaine joie.
<1192> そんなに膝枕をしたいのだろうか。;;;<1192> Avait-elle à ce point envie de me prêter ses genoux ?
<1193> やはり、こいつは謎だ。;;;<1193> C'était une sacrée énigme, celle-là.
<1194> \{美凪}「…では…本日はこれにて失礼いたします」;;;<1194> ... Sur ce... Je vais devoir vous quitter pour aujourd'hui.
<1195> 手にしていた人形をしまいながら言う。;;;<1195> dit-elle en rangeant la marionnette qui se trouvait dans ses mains.
<1196> \{\m{A}}「もう帰るのか？」;;;<1196> Tu rentres déjà ?
<1197> \{美凪}「…はい」;;;<1197> ... Oui.
<1198> \{美凪}「…帰ってさっそく服をこしらえますので」;;;<1198> ... Une fois rentrée, je m'attèlerai immédiatement à ses vêtements.
<1199> \{\m{A}}「そうか。悪いな」;;;<1199> Je vois. Désolé de te déranger.
<1200> \{美凪}「…かまいません」;;;<1200> ... Cela ne me dérange pas.
<1201> \{美凪}「…私…お裁縫好きですから」;;;<1201> ... J'aime bien... la couture.
<1202> \{美凪}「…それより…私からも一つお願いしていいですか」;;;<1202> Mis à part ceci, pourriez-vous... faire une chose pour moi... En contrepartie ?
<1203> \{\m{A}}「ああ。何でも言ってくれ」;;;<1203> Ouais. Dis-moi ce que tu veux, je le ferai.
<1204> \{美凪}「………」;;;<1204> .........
<1205> \{美凪}「…なんでも？」;;;<1205> ... 'Ce que je veux' ?
<1206> \{\m{A}}（はっ！しまった！）;;;<1206> Ha ! Zut !
<1207> \{\m{A}}「俺にできることならきいてやろう」;;;<1207> Tant que ça reste dans mes capacités.
<1208> \{美凪}「………」;;;<1208> .........
<1209> \{美凪}「…残念…がっくり」;;;<1209> ... Dommage... Sniff.
<1210> \{\m{A}}「………」;;;<1210> .........
<1211> 危ないところだった。;;;<1211> J'avais eu chaud.
<1212> いったい、俺になにをやらせるつもりだったのだろう…。;;;<1212> Mais qu'avait-elle bien pu vouloir me faire faire...?
<1213> \{\m{A}}「で、お願いってなんだ」;;;<1213> Alors, qu'est-ce que tu veux que je fasse ?
<1214> \{美凪}「…はい…えっと」;;;<1214> ... Alors... Eh bien.
<1215> \{美凪}「…あとでみちるが来ると思いますので…私が家に帰ったこと…伝えていただけますか」;;;<1215> ... Je pense que Michiru va bientôt arriver... Pourriez-vous lui dire... que je suis déjà rentrée ?
<1216> \{\m{A}}「ああ、そんなことか。お安いご用だ」;;;<1216> Aah, c'était ça. Pas de problème.
<1217> \{美凪}「…ありがとうございます」;;;<1217> ... Je vous remercie.
<1218> ぺこりと頭を垂れる。;;;<1218> Elle me salua.
<1219> \{美凪}「…あ…それと、\m{B}さんにもひとつお伝えしたいことが」;;;<1219> ... Ah... Maintenant, il y a autre chose que j'aimerais vous dire.
<1220> \{\m{A}}「ん？なんだ」;;;<1220> Hmn ? Quoi ?
<1221> \{美凪}「…実は…たいへん言いづらいことなんですが…」;;;<1221> ... En vérité... C'est assez délicat de le dire...
<1222> \{\m{A}}「…なんだよ、かしこまって」;;;<1222> ... Pas besoin de tant de chichis.
<1223> 遠野の神妙な声に、俺は幾分背筋を伸ばした。;;;<1223> Les politesses de Tohno me poussèrent à me roidir un petit peu.
<1224> \{美凪}「…\m{B}さん」;;;<1224> ... \m{B}-san.
<1225> \{\m{A}}「え…」;;;<1225> Eh...
<1226> 遠野が、不意に俺の胸元に鼻を寄せてくる。;;;<1226> Tohno se rapprocha de moi, et à ma grande surprise, vint poser son nez contre mon torse.
<1227> 長く艶やかな遠野の髪から漂う香りが、俺の鼻先をからかうようによぎった。;;;<1227> Le parfum de ses longs cheveux soyeux vint me chatouiller le nez.
<1228> \{美凪}「………」;;;<1228> .........
<1229> \{美凪}「…やっぱり」;;;<1229> ... Je m'en doutais.
<1230> ゆっくりと胸元を離れながら呟く。;;;<1230> murmura-t-elle en se décollant lentement de mon torse.
<1231> \{美凪}「…\m{B}さん…お風呂に入っていませんね」;;;<1231> ... \m{B}-san... Vous ne prenez pas de bains, dites-moi ?
<1232> \{\m{A}}「ん？ああ、まあな」;;;<1232> Hmn ? Bah non.
<1233> \{美凪}「………」;;;<1233> .........
<1234> \{美凪}「…汗くさいですよ」;;;<1234> ... Vous sentez la transpiration.
<1235> がーーーん！;;;<1235> \bPaaaaf\u !
<1236> \{\m{A}}「マジか…」;;;<1236> Sérieux...?
<1237> \{美凪}「…残念ながら」;;;<1237> ... Malheureusement, oui.
<1238> 自分の匂いをかいでみる。;;;<1238> Je me reniflai pour essayer de m'en rendre compte.
<1239> \{\m{A}}「……」;;;<1239> .........
<1240> 確かに、におう。;;;<1240> Je sentais effectivement la transpiration.
<1241> 考えてみれば、何日か風呂に入ってない…。;;;<1241> Maintenant que j'y pense, ça fait combien de temps que je n'ai pas pris de bain...?
<1242> かといって、入れるあてがあるわけでもない。;;;<1242> Cela dit, ce n'était pas comme si j'avais ce qu'il fallait pour en prendre.
<1243> 体を洗わなければ、匂いはどんどん蓄積されていくばかり…。;;;<1243> Mais si je ne me lavais pas, l'odeur ne ferait que devenir de plus en plus pestilentielle.
<1244> \{\m{A}}「むむむ…」;;;<1244> Mumumu...
<1245> 悩む。;;;<1245> C'était un problème.
<1246> \{美凪}「………」;;;<1246> .........
<1247> \{美凪}「…あの…」;;;<1247> ... Excusez-moi...
<1248> \{\m{A}}「ん？」;;;<1248> Hmn ?
<1249> \{美凪}「…シャワーでよろしければ…この中のを使えますよ」;;;<1249> ... Si une douche vous convient... Vous pouvez utiliser celle qui se trouve à l'intérieur.
<1250> 駅舎を指さす。;;;<1250> Elle montra la gare du doigt.
<1251> \{美凪}「…実は私…こういうものを持ってます」;;;<1251> ... Pour tout vous dire... J'ai ramené ceci :
<1252> じゃらっ、とポケットの中から鍵の束を取り出す。;;;<1252> Elle sortit un trousseau de clés de sa poche dans un cliquetis.
<1253> \{美凪}「…これ…この駅舎の鍵なんです」;;;<1253> ... Ce sont... les clés de la gare.
<1254> \{美凪}「…ちなみに…駅舎の中には駅員専用のシャワー室があったりします」;;;<1254> ... Et... Il se trouve qu'à l'intérieur de la gare, il y a une douche réservée aux employés de la gare.
<1255> \{\m{A}}「………」;;;<1255> .........
<1256> \{美凪}「………」;;;<1256> .........
<1257> \{美凪}「…えっと…」;;;<1257> ... Euh...
<1258> \{美凪}「…すごい？」;;;<1258> ... Impressionné ?
<1259> \{\m{A}}「なんで、そんなもん持ってんだよ…」;;;<1259> Pourquoi tu te promènes avec ça ...?
<1260> \{美凪}「………」;;;<1260> .........
<1261> \{美凪}「…びっくり？」;;;<1261> ... Surpris ?
<1262> \{\m{A}}「ああ。まあな」;;;<1262> Bah, ouais.
<1263> \{美凪}「そう…」;;;<1263> Ah bon...
<1264> なぜだかわからないが、遠野は満足そうだった。;;;<1264> Pour une raison qui m'était inconnue, Tohno avait l'air satisfait.
<1265> \{美凪}「…実は…父が以前、この駅の駅長をしていたことがあるんです」;;;<1265> .... En fait... Autrefois, mon père était le chef de gare, ici.
<1266> \{美凪}「…だから鍵を持ってるんですよ…私」;;;<1266> ... C'est pour cela que c'est moi qui ai les clés...
<1267> \{\m{A}}「それ、理由になってないぞ」;;;<1267> Ça ne suffit pas, comme raison.
<1268> \{美凪}「…あれ…そう？」;;;<1268> ... Oh... Ah bon ?
<1269> \{\m{A}}「そう」;;;<1269> Oui.
<1270> \{美凪}「そう…」;;;<1270> Ah bon...
<1271> \{\m{A}}「………」;;;<1271> .........
<1272> \{美凪}「………」;;;<1272> .........
<1273> \{\m{A}}「ま、風呂に入れるなら、なんでもいいけどな」;;;<1273> Bah, tant que je peux prendre un bain, peu importe.
<1274> ヤバイ方向に話しがいきそうなので、深く考えるのはやめにする。;;;<1274> La conversation semblait devenir un poil délicate, alors je préférai ne pas trop insister.
<1275> \{美凪}「…ですね」;;;<1275> ... En effet.
<1276> \{美凪}「…では…この鍵は\m{B}さんにお預けします」;;;<1276> ... Eh bien... Je vous confie ces clés.
<1277> \{\m{A}}「いいのか？」;;;<1277> T'es sûre ?
<1278> \{美凪}「…はい」;;;<1278> ... Oui.
<1279> \{美凪}「…駅にはひとがいた方が良いですから」;;;<1279> ... C'est mieux que quelqu'un soit présent à la gare.
<1280> \{\m{A}}「よくわからない理屈だな」;;;<1280> Je pige pas trop ton raisonnement.
<1281> \{美凪}「…そう？」;;;<1281> ... Ah bon ?
<1282> \{美凪}「…でも…本当のことですよ…それは」;;;<1282> ... Mais... Ceci est la vérité.
<1283> \{美凪}「…ここは…私にとって大切な思い出の場所ですから」;;;<1283> ... Cet endroit... est plein de souvenirs très précieux à mes yeux.
<1284> \{美凪}「…そこが寂れてゆくのは…やっぱり辛いです」;;;<1284> ... Le voir se délabrer... m'attriste particulièrement.
<1285> \{\m{A}}「………」;;;<1285> .........
<1286> \{\m{A}}「そっか」;;;<1286> Pigé.
<1287> \{\m{A}}「そういうことなら、遠慮なく使わせてもらうぞ」;;;<1287> Si c'est comme ça, je ne vais pas me gêner.
<1288> \{美凪}「…はい」;;;<1288> ... Oui.
<1289> \{美凪}「…中にボイラー点火用のライターがあると思いますので…使ってください」;;;<1289> ... Je crois qu'il y a un allume-feu à l'intérieur... Je vous prie de vous en servir.
<1290> \{\m{A}}「わかった」;;;<1290> Compris.
<1291> \{美凪}「…火の取り扱いには注意してくださいね」;;;<1291> ... Soyez prudent quand vous manipulez du feu.
<1292> \{\m{A}}「ああ」;;;<1292> Ouais.
<1293> \{美凪}「…では…みちるのこと…よろしくお願いします」;;;<1293> ... Là-dessus... N'oubliez pas Michiru...
<1294> ぺこりと頭を垂れる。;;;<1294> Elle me salua.
<1295> \{\m{A}}「そっちこそ、俺の人形をよろしくな」;;;<1295> Et toi de même, prends soin de ma marionnette.
<1296> \{美凪}「…はい…がんばっちゃいます」;;;<1296> ... Oui... Je ferai de mon mieux.
<1297> \{\m{A}}「ああ。がんばっちゃってくれ」;;;<1297> Ouais. Fais de toi mieux.
<1298> \{美凪}「…では…がんばっちゃう印に…これを進呈」;;;<1298> ... Sur ce... Pour vous encourager à toujours faire votre mieux... J'ai un cadeau :
<1299> \{\m{A}}「…ん？」;;;<1299> ... Hmn ?
<1300> 差し出されたのは、見覚えのある包装紙で綺麗に包装されている小箱。;;;<1300> Elle me présenta une petite boîte, élégamment emballée d'un papier qui m'était familier.
<1301> \{\m{A}}「なんだこれは」;;;<1301> Qu'est-ce que c'est ?
<1302> \{美凪}「…星の砂」;;;<1302> ... Du sable étoilé.
<1303> \{\m{A}}「ああ、この間のあれか」;;;<1303> Aah, le truc de l'autre fois.
<1304> 確か、必要以上にファンシーな趣をしていた憶えがある。;;;<1304> Si je ne dis pas de bêtise, ça avait un sens plus élaboré qu'à première vue.
<1305> \{美凪}「…\m{B}さんにも差し上げようと思って…持ってきたんです」;;;<1305> ... Je voulais vous l'offrir...
<1306> \{\m{A}}「俺に？」;;;<1306> À moi ?
<1307> \{美凪}「…はい…\m{B}さんに」;;;<1307> ... Oui... À vous.
<1308> \{\m{A}}「いいのか？」;;;<1308> T'es sûre de ça ?
<1309> \{美凪}「………」;;;<1309> .........
<1310> こくりと頷く。;;;<1310> Elle hocha la tête.
<1311> \{美凪}「あの…」;;;<1311> Je...
<1312> \{\m{A}}「ん？」;;;<1312> Hmn ?
<1313> \{美凪}「…私も同じもの持ってますから…これで三人お揃いです」;;;<1313> ... J'ai le même... Comme ça, on en a un tous les trois.
<1314> 微かに頬を朱色に染める。;;;<1314> Mes joues virèrent un petit peu au rouge.
<1315> \{\m{A}}「まあ、そういうことになるな」;;;<1315> Bah, si tu le dis.
<1316> \{美凪}「…はい」;;;<1316> ... Oui.
<1317> \{美凪}「…合体攻撃ができますよ…がっきーん、と…」;;;<1317> ... Nous pouvons faire une attaque combinée... \bBaam\u...
<1318> \{\m{A}}「なにに対してだ」;;;<1318> Pour attaquer quoi ?
<1319> \{美凪}「さぁ…」;;;<1319> Qui sait...
<1320> \{\m{A}}「………」;;;<1320> .........
<1321> \{美凪}「………」;;;<1321> .........
<1322> \{\m{A}}「………」;;;<1322> .........
<1323> \{美凪}「あの…」;;;<1323> Je...
<1324> 遠野は小箱を差し出したまま困惑している。;;;<1324> Tohno semblait gênée de toujours avoir en main la petite boîte qu'elle me tendait.
<1325> \{\m{A}}「あ、ああ…すまない」;;;<1325> A-Aah... Pardon.
<1326> 多少慌てた風に、俺は遠野から小箱を受け取る。;;;<1326> Un peu paniqué, je pris la boîte.
<1327> 別段、欲しいわけでもないのだが…まあ邪魔になるものでもないので良しとする。;;;<1327> On ne pouvait pas dire que je la voulais particulièrement... Mais bon, tant que ça ne me gênait pas...
<1328> ちなみに、合体攻撃なるものをするつもりもない。;;;<1328> D'ailleurs, je précise que je n'avais pas l'intention de participer à la moindre attaque combinée.
<1329> あれは危険だからだ。;;;<1329> Ce serait dangereux.
<1330> \{\m{A}}「悪いな」;;;<1330> Merci.
<1331> \{美凪}「…いえ…そんな…」;;;<1331> ... Non... Pas besoin...
<1332> 視線を逸らした遠野の表情は、心なしか嬉しそうだった。;;;<1332> Elle avait beau détourner les yeux, son visage trahissait une certaine joie.
<1333> \{美凪}「…では…私はこれで」;;;<1333> ... Il est maintenant... temps pour moi...
<1334> \{\m{A}}「ああ。気をつけてな」;;;<1334> Ouais. Prends soin de toi.
<1335> ぺこりと頭を垂れて、遠野は帰っていった。;;;<1335> Tohno me salua puis rentra chez elle.
<1336> 俺は、その後ろ姿が見えなくなってから、鍵を使い、駅舎の中へと入った。;;;<1336> Une fois qu'elle fut sortie de mon champ de vision, j'entrai dans la gare au moyen des clés.
<1337> ………。;;;<1337> ..........
<1338> ……。;;;<1338> .......
<1339> …。;;;<1339> ....
<1340> シャワーを浴び終えると、俺はさっそく夕食の準備にとりかかった。;;;<1340> Après avoir pris une douche, je me mis immédiatement à l'œuvre pour préparer le dîner.
<1341> と言っても、さほど難しいことはなく、準備は簡単に終わった。;;;<1341> Enfin, ce n'était rien de bien compliqué. Les préparatifs furent rapidement complétés.
<1342> 米を洗い、飯盒を火にかける。;;;<1342> Je lavai le riz et mis ma gamelle sur le feu.
<1343> 後は、米が炊きあがるのをウキウキしながら待つのみである。;;;<1343> Cela fait, il ne me restait plus qu'à attendre avec hâte que le rit cuise.
<1344> 俺は、焦る気持ちを抑え、ひたすら待った。;;;<1344> J'attendis, en essayant de contrôler mon impatience.
<1345> ………。;;;<1345> ..........
<1346> ……。;;;<1346> .......
<1347> …。;;;<1347> ....
<1348> \{\m{A}}「ん？」;;;<1348> Hmn ?
<1349> 背後から、誰かの視線を感じた。;;;<1349> Je sentis un regard sur mon dos.
<1350> 俺を見つめている。いや、睨んでいるかもしれない。;;;<1350> On me fixait du regard. Nan, on me \bfusillait\u du regard.
<1351> 俺は、その視線を辿るように振り返った。;;;<1351> Je me retournai pour révéler l'origine de ce regard.
<1352> そこには…。;;;<1352> Et derrière moi se trouvait...
<1353> \{みちる}「………」;;;<1353> .........
<1354> オレンジ色の黄昏に、ぽつんと立ちつくすみちるの姿。;;;<1354> Une Michiru esseulée, se tenant sans un mot dans le crépuscule orangé.
<1355> \{\m{A}}「み…」;;;<1355> Mi...
<1356> \{\m{A}}「えっ…」;;;<1356> Hain...!?
<1357> 声をかけようとした刹那、少女の姿が霞んで見えた。;;;<1357> À l'instant-même où j'allais lui adresser la parole, sa silhouette sembla s'évaporer.
<1358> 湖上に浮かぶ蜃気楼のように…。;;;<1358> Comme un mirage flottant à la surface d'un lac...
<1359> 幻に咽ぶ、透明な涙のように…。;;;<1359> Comme une larme transparente, étouffée d'illusion...
<1360> でも、それは一瞬のことで…。;;;<1360> Mais cela ne dura qu'un instant.
<1361> \{みちる}「………」;;;<1361> .........
<1362> \{\m{A}}「みちる…？」;;;<1362> Michiru...?
<1363> 西日が、彼方の尾根をオレンジ色に染めていた。;;;<1363> Le soleil couchant teintait d'orange les crêtes des reliefs.
<1364> 長く伸びゆく影が、今日の終わり、明日の居所を探していた。;;;<1364> Les longues ombres s'étendaient à la poursuite de la fin du jour et de leur rendez-vous avec le lendemain.
<1365> \{\m{A}}「…どうした、こんな時間に」;;;<1365> ... Qu'est-ce que tu fais ici à une heure pareille ?
<1366> 穏やかに、声をかける。;;;<1366> Je lui adressai calmement la parole.
<1367> \{みちる}「………」;;;<1367> .........
<1368> \{みちる}「…うん…あのね」;;;<1368> ... Euh... En fait...
<1369> 夢から覚めたばかりの、寂しい幼子のように…。;;;<1369> Telle une enfant abandonnée qui venait seulement de d'émerger d'un rêve...
<1370> \{みちる}「…美凪…もうかえっちゃったよね…」;;;<1370> ... Minagi... est déjà rentrée...?
<1371> \{\m{A}}「ああ。少し前にな」;;;<1371> Ouais. Il y a quelque temps.
<1372> \{みちる}「んに…そっか…」;;;<1372> Hmmni... Je vois...
<1373> 悲しげに、肩を落とす。;;;<1373> Ses épaules tombèrent, suggérant une certaine mélancolie.
<1374> \{\m{A}}「………」;;;<1374> .........
<1375> \{\m{A}}「用事が…あるみたいだったからな」;;;<1375> Elle... avait quelque chose à faire.
<1376> \{みちる}「うん。でも明日になったら、また会えるから」;;;<1376> Ok. Mais je la reverrai demain.
<1377> \{\m{A}}「…悪い…俺が用事を頼んだんだ」;;;<1377> ... Désolé... Mais elle m'a demandé de te dire ça.
<1378> \{みちる}「ううん。いいよ、明日になったら、また会えるから」;;;<1378> C'est rien. De toute façon, je la reverrai demain.
<1379> そう言って、みちるは笑う。;;;<1379> dit-elle en souriant.
<1380> \{みちる}「それよりね、\m{B}\m{A}」;;;<1380> Et sinon, \m{B}\m{A}.
<1381> \{\m{A}}「なんだ」;;;<1381> Quoi ?
<1382> \{みちる}「うん…あのね…」;;;<1382> ... Euh... En fait...
<1383> \{\m{A}}「………」;;;<1383> .........
<1384> \{みちる}「………」;;;<1384> .........
<1385> \{みちる}「…ありがとね…」;;;<1385> ... Merci...
<1386> \{\m{A}}「え…」;;;<1386> Hein...?
<1387> \{みちる}「美凪、すごく楽しそうだった」;;;<1387> Minagi avait l'air super contente.
<1388> 彼方の稜線が、空の色に霞んでゆく…。;;;<1388> Au loin, les cols se noyaient dans les couleurs du ciel...
<1389> \{\m{A}}「………」;;;<1389> .........
<1390> \{\m{A}}「…見てたのか？」;;;<1390> ... Tu nous regardais ?
<1391> 夜が、足音を忍ばせながら、海辺の町に近づいてきている。;;;<1391> La nuit se faufilait à pas de loup pour envahir ce village depuis la mer.
<1392> \{みちる}「…うん…」;;;<1392> ... Oui...
<1393> \{みちる}「みちるは…いつも美凪のそばにいるから…」;;;<1393> Minagi et moi... avons toujours été ensemble.
<1394> 人々の姿が霞む黄昏。;;;<1394> Les silhouettes des gens s'évanouissaient dans le crépuscule.
<1395> 誰？と訊ねたら、そこから誰の声が聞こえてくるだろうか…。;;;<1395> Si je demandais : 'qui est-ce', quelqu'un me répondrait-il ?
<1396> そして、この空の彼方には…。;;;<1396> Et, là-haut dans le ciel...
<1397> \{みちる}「…ずっとね…かんがえてたの…」;;;<1397> ... J'y ai... toujours réfléchi...
<1398> \{みちる}「…いっぱいいっぱいかんがえてたの…」;;;<1398> ... Beaucoup, beaucoup réfléchi...
<1399> 茜色の空に、言葉が解き放たれてゆく。;;;<1399> Ses mots s'envolaient dans les cieux cramoisis.
<1400> \{みちる}「…すこしかなしいけど…」;;;<1400> ... C'est un peu triste...
<1401> \{みちる}「でも、やっぱりこれでいいんだって…そう思ったの…」;;;<1401> Mais je me suis dit qu'en fin de compte... c'était bien comme ça...
<1402> 遠い海風にあおられて、行き場をなくした鳥が一羽。;;;<1402> Un oiseau égaré était emporté au loin par les vents marins.
<1403> \{\m{A}}「………」;;;<1403> .........
<1404> \{\m{A}}「…なんのことだ」;;;<1404> ... De quoi tu parles ?
<1405> \{みちる}「………」;;;<1405> .........
<1406> みちるは答えない。;;;<1406> Michiru ne répondit pas.
<1407> ただ、寂しげに微笑むばかりで…。;;;<1407> Elle se contenta d'un sourire amer...
<1408> \{みちる}「もうすぐ、一番星が見えるよ」;;;<1408> L'Étoile du berger sera bientôt visible.
<1409> \{\m{A}}「え…」;;;<1409> Hein...?
<1410> \{みちる}「だから、みちるはもうかえるね」;;;<1410> C'est pour ça que je vais de voir rentrer.
<1411> そして…。;;;<1411> Ensuite...
<1412> 気がつけば、少女の姿は、夕空に黒く浮き上がった木立の隙間に消え入り…。;;;<1412> Quand je repris mes esprits, sa silhouette avait disparu entre les arbres dont le noir jurait avec le ciel du soir...
<1413> \{\m{A}}「みちる…？」;;;<1413> Michiru...?
<1414> 辺りを見回し、姿を探してみる。;;;<1414> Je scrutai les environs à sa recherche.
<1415> でも、もうそこには誰もいない。;;;<1415> Mais elle n'était déjà plus là.
<1416> たったひとつ、そこにあったのは…。;;;<1416> Elle avait laissé une seule chose derrière elle :
<1417> \{\m{A}}「………」;;;<1417> .........
<1418> ベンチの横に置かれた、ストローがささったままの紙コップ。;;;<1418> Un gobelet en carton, dans lequel était plantée une paille, le tout traînant sur le banc.
<1419> 俺は、石鹸水が入ったままの紙コップを手に取り、それをじっと見つめた。;;;<1419> Je pris le gobelet rempli d'eau savonneuse dans une main, et l'inspectai.
<1420> \{\m{A}}「あいつ…」;;;<1420> Celle-là...
<1421> ストローを取り、ゆっくりとその口を吹いてみる。;;;<1421> Je pris la paille, et soufflai doucement à l'intérieur.
<1422> 吹く息に合わせて、シャボン玉がストローの先でゆっくりとふくらむ。;;;<1422> Au rythme de mon souffle, une bulle de savon se forma lentement à l'extrémité de la paille.
<1423> シャボン玉が、夕暮れに向かって漂ってゆく。;;;<1423> La bulle s'en alla flotter dans le crépuscule.
<1424> ふわりふわりと、風に戸惑いながら漂ってゆく…。;;;<1424> Elle dansait d'un pas hésitant, confuse par le rythme du vent.
<1425> 俺は手の中に視線をもどした。;;;<1425> Mon regard revint au contenu de mes mains.
<1426> 紙コップを足下に置いて、ベンチの上に寝転がる。;;;<1426> Je posai le gobelet en carton à mes pieds, et m'allongeai sur le banc.
<1427> 視界一面に、藍を抱き始めた空がひろがる。;;;<1427> Au coin de ma vision, le ciel tournait indigo.
<1428> 視線をずらせば、飯盒の下で燃える炎が目についた。;;;<1428> Je regardai ailleurs, et mon regard se posa sur ma gamelle posée sur le feu.
<1429> 炎は、夕暮れと同じ色をしていた。;;;<1429> Les flammes étaient de la même couleur que le soleil couchant.
<1430> その上では、生まれたばかりの一番星の輝きがひとつ…。;;;<1430> Et au-dessus de tout cela, l'Étoile du berger révélait ses premières lueurs.
<1431> ………。;;;<1431> ..........
<1432> ……。;;;<1432> .......
<1433> …。;;;<1433> ....
