<0000> ７月２５日(火);;;<0000> 25/07 (mar.)
<0001> 朝。;;;<0001> Le matin.
<0002> 目覚めると同時に、透明な青空が視界を被った。;;;<0002> Au réveil, mon regard se noya dans la clarté du ciel azuré.
<0003> 眩しい。;;;<0003> Éblouissant.
<0004> 目を細めて、辺りを見回してみる。;;;<0004> J'inspectai les alentours, les yeux plissés.
<0005> …。;;;<0005> ....
<0006> ……。;;;<0006> .......
<0007> ………。;;;<0007> ..........
<0008> 間違いなかった。;;;<0008> Cela ne faisait plus aucun doute :
<0009> ここは、もう観鈴の家じゃない。;;;<0009> Je n'étais pas chez Misuzu.
<0010> 久しぶりに、一人きりの朝。;;;<0010> Pour la première fois depuis un bon moment, je commençais la journée seul.
<0011> 眼を擦りながら身を起こし、肺に空気を満たす。;;;<0011> Je me levai en me frottant les yeux, et me remplis les poumons d'air.
<0012> 木立が吐き出す夏の匂いが、体中に満ちてゆくのを感じた。;;;<0012> Mon corps s'emplit des parfums de l'été dégagés par les arbres.
<0013> 歯を磨き、出かける準備をする。;;;<0013> Je me lavai les dents, puis me préparai à partir.
<0014> 目的地は、もちろん米屋。;;;<0014> J'avais bien sûr le magasin de riz comme destination.
<0015> そろそろ腹の虫が鳴き出したので、急がなければならない。;;;<0015> Il fallait que je me dépêche si je ne voulais pas entendre mon ventre gronder.
<0016> ガラス越しに、待合室の壁に掛けられた時計を見ると、時刻は午前十時を回っていた。;;;<0016> Je vis à travers la fenêtre de la salle d'attente qu'une horloge était montée au mur et indiquait dix heures du matin.
<0017> この時間なら、店も開いているだろう。;;;<0017> Le magasin devrait être ouvert, à cette heure.
<0018> 俺は、いそいそとポケットに人形を突っ込み、駅前を後にする。;;;<0018> Je fourrai sans plus attendre ma marionnette dans ma poche, puis quittai la gare.
<0019> \{\m{A}}「っと、その前に、行くところがあるんだったな」;;;<0019> Ah, avant ça, il faut que je passe quelque part.
<0020> 約束を思い出し、俺は彼女の家へと向かった。;;;<0020> Me rappelant ma promesse à Misuzu, je pris la route de sa maison.
<0021> 門の前にじっと、観鈴が立っていた。;;;<0021> Elle m'attendait sagement devant le portail.
<0022> \{\m{A}}「よぅ」;;;<0022> Yo !
<0023> \{観鈴}「あ、おはよー」;;;<0023> Ah, salut—.
<0024> \{観鈴}「遅いから…忘れてるのかと思った…」;;;<0024> Tu es en retard... Je pensais que tu avais oublié...
<0025> \{\m{A}}「大丈夫だ。覚えてる」;;;<0025> Ne t'inquiète pas. Je m'en suis souvenu.
<0026> \{\m{A}}「あれだけ世話になったんだからな」;;;<0026> Après tout, je te dois tellement.
<0027> \{観鈴}「オタマジャクシの恩返し」;;;<0027> Un échange de bons procédés de la part du têtard.
<0028> \{\m{A}}「なんだよ、それ」;;;<0028> Qu'est-ce que tu racontes ?
<0029> \{観鈴}「ううん、なんでもないよ。なんでもない」;;;<0029> Non, rien. Rien du tout.
<0030> \{観鈴}「恩返しなんだね…」;;;<0030> Un échange de bons procédés, hein...?
<0031> \{\m{A}}「そうだな」;;;<0031> On peut dire ça.
<0032> \{観鈴}「いこっ」;;;<0032> On y va !
<0033> \{\m{A}}「ああ」;;;<0033> Ouais.
<0034> 夏の日差しの中を歩いていく。;;;<0034> Je marchais dans la lumière du soleil d'été.
<0035> 学校に辿り着くまでの短い間、観鈴はひっきりなしに喋り続けた。;;;<0035> Sur la petite route qui nous menait à l'école, Misuzu ne cessait pas de bavarder.
<0036> 俺は適当に相づちを打っていた。;;;<0036> Je me contentais de répondre le strict minimum pour entretenir la conversation.
<0037> \{観鈴}「ついた」;;;<0037> On y est.
<0038> \{\m{A}}「急げよ。まだチャイム鳴ってないだろ」;;;<0038> Magne-toi. Ça n'a pas encore sonné.
<0039> \{観鈴}「うん」;;;<0039> Oui.
<0040> \{観鈴}「じゃあ、勉強がんばってくるね」;;;<0040> Bon, ben, je vais faire de mon mieux.
<0041> \{\m{A}}「ああ、頑張ってこい」;;;<0041> Ouais, fais de ton mieux.
<0042> \{観鈴}「見送ってくれてありがとー。ばいばーい」;;;<0042> Merci de m'avoir accompagnée—. Bye bye—.
<0043> しばらく、手を振りながら元気に走っていく観鈴の背中を見送る。;;;<0043> Misuzu s'en alla, passant un moment à agiter le bras avec énergie pour me dire au revoir.
<0044> それが見えなくなると用がなくなってしまう。;;;<0044> Une fois que je ne la vis plus, je n'avais plus rien à faire là.
<0045> \{\m{A}}「いくか…」;;;<0045> Partons...
<0046> 校門を離れた。;;;<0046> 
<0047> ………。;;;<0047> ..........
<0048> ……。;;;<0048> .......
<0049> …。;;;<0049> ....
<0050> 商店街に辿り着く。;;;<0050> J'étais arrivé dans la rue commerçante.
<0051> 相変わらずひとけはなくて、ただひたすらに閑散としている。;;;<0051> Comme toujours, elle était déserte.
<0052> \{\m{A}}「しかし…」;;;<0052> Cependant...
<0053> \{\m{A}}「ここの経営者たちは、どうやって生計をたててるんだろうな」;;;<0053> Comment les propriétaires des magasins font pour gagner de quoi vivre ici ?
<0054> 思わず余計な心配をしてしまう。;;;<0054> Je m'inquiétais pour des choses qui ne me regardaient pas.
<0055> \{\m{A}}「はんっ、俺に心配されるようじゃあ、終いだぜっ」;;;<0055> Bah, si même moi j'm'inquiète pour eux, c'est qu'ils sont foutus.
<0056> \{\m{A}}「ぐはっ」;;;<0056> Argh !
<0057> 自分の言葉に、精神的ダメージを喰らう。;;;<0057> Mes propres mots m'avaient infligé de sacrés dégâts au moral.
<0058> …しまった。墓穴を掘った。;;;<0058> ... Punaise. Je creusais ma propre tombe.
<0059> \{\m{A}}「っと、ひとりよがってる場合じゃないな」;;;<0059> Hé, c'est pas le moment de me sentir fier tout seul dans mon coin.
<0060> 今は、米屋に行くことが何よりも先決だった。;;;<0060> Il était de la plus urgente importance que j'allasse au magasin de riz.
<0061> 確か、米屋は商店街の端にあったはずだ。;;;<0061> Si ma mémoire était bonne, le magasin de riz était au bout de la rue commerçante.
<0062> 急ごう。;;;<0062> Dépêchons-nous.
<0063> 数十メートル歩いて、米屋の前に辿り着く。;;;<0063> Après avoir marché quelques dizaines de mètres, j'arrivai en face du magain de riz.
<0064> 店先には、『新沼米酒店』と書かれた看板。;;;<0064> La devanture indiquait en grand : 'Alcool de riz Niinuma'.
<0065> 他の日用品なども取りそろえているのだろう。;;;<0065> Ils devaient sûrement avoir aussi d'autres objets du quotidien à vendre.
<0066> 店は大きく、ちょっとしたスーパーのようだ。;;;<0066> Le magasin était presque aussi grand qu'un supermarché.
<0067> フィーーーン…;;;<0067> \bFwiiish\u...
<0068> 自動扉が開く。;;;<0068> La porte automatique s'ouvrit.
<0069> どんっ！\shake{5};;;<0069> \bBam\u !! \shake{5}.
<0070> \{\m{A}}「おっと」;;;<0070> Oups.
<0071> \{声}「きゃっ」;;;<0071> Kya !
<0072> どさっ。;;;<0072> \bPlop\u !
<0073> 店から出てきた年輩の女性とぶつかる。;;;<0073> J'avais heurté une femme d'âge moyen qui sortait du magasin.
<0074> \{女性}「ご、ごめんなさい…」;;;<0074> D-Désolée...
<0075> \{\m{A}}「いてて…」;;;<0075> Aïe...
<0076> 俺は、女性が引いていたカートに、すねを打ちつけていた。;;;<0076> Mon tibia s'était cogné contre le caddie qu'elle poussait.
<0077> \{女性}「あっ、た、たいへん…」;;;<0077> Ah ! C-C'est grave... 
<0078> 店で買った物だろうか。;;;<0078> Avait-elle acheté tout ça dans le magasin ?
<0079> 女性は、妙におどおどした動きで、ぶつかった際にカートから落ちた重そうな米袋を拾い上げている。;;;<0079> D'un geste hésitant, elle commença à ramasser les lourds sacs de riz qui étaient tombés du chariot lors de la collision.
<0080> \{\m{A}}「………」;;;<0080> .........
<0081> その様子を、じっと見つめてみる。;;;<0081> Je la regardai faire pendant quelques instants.
<0082> \{\m{A}}（しかし…）;;;<0082> Quand même...
<0083> 目の前の米袋を数えてみる。;;;<0083> Je comptai les sacs de riz.
<0084> …１。;;;<0084> ... Un.
<0085> ……２。;;;<0085> ...... Deux.
<0086> ………３。;;;<0086> ......... Trois.
<0087> これが、カートに乗った米袋の数。;;;<0087> C'était là le nombre de sacs de riz qu'elle transportait.
<0088> そして…。;;;<0088> Ensuite...
<0089> \{女性}「うっ…どうしよう…持ち上がらないわ」;;;<0089> Uuh... Que faire...? Je n'arrive pas à les soulever.
<0090> …１。;;;<0090> ... Un.
<0091> ……２。;;;<0091> ...... Deux.
<0092> これが、カートから落ちた米袋の数。;;;<0092> C'était là le nombre de sacs de riz qui étaient tombés de son caddie.
<0093> 合計５袋。;;;<0093> Soit un total de cinq sacs.
<0094> \{\m{A}}（…買いすぎだっての）;;;<0094> ... Ça fait beaucoup trop à la fois.
<0095> 明るい大家族か。あるいは単に飲食店関係か。;;;<0095> A-t-elle une grande et heureuse famille ? Ou bien travaille-t-elle simplement dans la restauration ?
<0096> \{女性}「困ったわ…」;;;<0096> Je n'y arrive pas...
<0097> 女性は、見た目２０キロ入りの米袋を持ち上げることができずに、言葉どおり困り果てている。;;;<0097> Comme elle venait de le dire, la dame n'arrivait pas à soulever les sacs de riz qui devaient bien peser vingt kilos chacun.
<0098> \{\m{A}}「………」;;;<0098> .........
<0099> 放っておく;;;<0099> La laisser
<0100> 手を貸す;;;<0100> Lui prêter main-forte
<0101> \{女性}「うーん…」;;;<0101> Hmm...
<0102> 米袋を持ち上げようと何度も試みるが、一向にビクともしない。;;;<0102> Elle tenta à plusieurs reprises de soulever un des sacs de riz, mais ce dernier ne bougea pas d'un poil.
<0103> \{\m{A}}「………」;;;<0103> .........
<0104> 俺は、黙ってその横を擦り抜け、店内へと足を運ぶ。;;;<0104> Je me glissai dans le magasin, passant à côté d'elle en l'ignorant.
<0105> 背後から、女性と店員が会話する声。;;;<0105> Je l'entendis parler à un employé du magasin.
<0106> どうやら、店員に手伝ってもらい、事なきを得たようだ。;;;<0106> Il semblait que tout s'était bien fini grâce au coup de main de celui-ci.
<0107> \{\m{A}}「これからは、配達を頼むことをお勧めするぞ」;;;<0107> Les prochaines fois, elle devrait demander à se les faire livrer.
<0108> しょうがない…。;;;<0108> Pas le choix...
<0109> 目の前で困り果てているひとを見過ごすわけにはいかないような気がする。;;;<0109> Je ne pouvais pas ignorer une personne en détresse juste sous mes yeux.
<0110> \{\m{A}}（ラッキーだな。俺は今、機嫌が良いんだ）;;;<0110> C'est qu'elle en a de la chance : je suis de bonne humeur, aujourd'hui.
<0111> 心中で呟きながら、足下の米袋を拾い上げる。;;;<0111> murmurai-je dans ma tête tout en ramassant le sac à mes pieds.
<0112> \{\m{A}}「うっ」;;;<0112> Ugh !
<0113> 見た目以上に重い。;;;<0113> Il était plus lourd qu'il en avait l'air.
<0114> \{女性}「ど、どうも、申し訳ありません」;;;<0114> M-Merci beaucoup, je suis vraiment désolée.
<0115> 必要以上に恐縮しながら、その女性はぺこぺこと頭を下げる。;;;<0115> Elle était bien plus reconnaissante que nécessaire, et me salua répétitivement.
<0116> \{\m{A}}「気にするな」;;;<0116> Ce n'est rien, ne vous en faites pas.
<0117> 俺だって、責任の一端は担っている。;;;<0117> À vrai dire, j'étais à moitié responsable.
<0118> …しかし、重い。;;;<0118> ... Mais quand même, qu'est-ce que c'était lourd.
<0119> どうにかこうにか、米袋をカートに乗せ終える。;;;<0119> Après maints efforts, les sacs étaient de retour dans le caddie.
<0120> \{\m{A}}「ふぅ…」;;;<0120> Fiou...
<0121> 痺れて赤くなった手を、ぷらぷらと上下に振る。;;;<0121> je secouai mes mains engourdies et rougies.
<0122> \{女性}「ありがとうございます。力持ちなんですね」;;;<0122> Merci beaucoup. Vous êtes bien fort.
<0123> 女性が、柔らかな笑みを見せる。;;;<0123> La dame m'adressa un doux sourire.
<0124> \{\m{A}}「いや、これぐらいは大したことないぞ」;;;<0124> Bof, c'était du gâteau.
<0125> 実は、かなり必死だった。;;;<0125> En réalité, je venais de faire un effort monstre.
<0126> \{\m{A}}「まとめ買いするなら、配達を頼んだ方がいいんじゃないか」;;;<0126> Quitte à acheter en gros, autant vous faire livrer, non ?
<0127> カートに乗った五つの米袋に目配せをする。;;;<0127> Je lançai un coup d'oeil vers les cinq sacs de riz arrangés dans le caddie.
<0128> \{女性}「はぁ…私も、そうしたいとは思っているのですが…」;;;<0128> Haa... J'y ai pensé, aussi, mais...
<0129> そこまで言って、女性は言葉を濁した。;;;<0129> Elle ne termina pas sa phrase.
<0130> その顔は、なぜか寂しそうで…。;;;<0130> Son visage semblait mélancolique.
<0131> いつかどこかで見たことのあるような顔で…。;;;<0131> J'avais l'impression d'avoir déjà vu une telle expression...
<0132> \{\m{A}}「ま、好き好きだけどな」;;;<0132> Bah, c'est vous qui voyez.
<0133> 俺は、目をそらすように店内へと足を運ぶ。;;;<0133> J'évitai son regard, et pénétrai dans le magasin.
<0134> \{女性}「…ありがとうございました」;;;<0134> ... Merci beaucoup.
<0135> 背後から、消え入りそうな女性の声。;;;<0135> J'entendis une voix à peine audible derrière moi.
<0136> どこか聞き覚えのある声…。;;;<0136> Il me sembla avoir déjà entendu cette voix quelque part...
<0137> \{\m{A}}「…っ」;;;<0137> ...!
<0138> ハッとして、俺は振り返る。;;;<0138> Par réflexe, je jetai un coup d'œil par-dessus mon épaule.
<0139> 女性が、自動扉をくぐり、フラフラしながら店外へとカートを押しながら出ていく。;;;<0139> Elle avait franchi la porte automatique. Elle chancelait en poussant son caddie à l'extérieur du magasin.
<0140> \{\m{A}}「………」;;;<0140> .........
<0141> フラフラフラ…;;;<0141> \bChancelle chancelle chancelle\u...
<0142> …フラフラフラ…;;;<0142> ... \bChancelle chancelle chancelle\u...
<0143> フラフラフラ…;;;<0143> \bChancelle chancelle chancelle\u...
<0144> …かなり、危なっかしい。;;;<0144> ... Ça avait l'air dangereux.
<0145> \{\m{A}}「………」;;;<0145> .........
<0146> \{\m{A}}「ったく…しょうがないな」;;;<0146> Bon sang... J'ai pas le choix, hein ?
<0147> 頭を掻きながら、俺は踵を返し、女性の背を追いかけた。;;;<0147> Tout en me grattant l'arrière du crâne, je vis volte-face, et rattrapai la dame.
<0148> \{\m{A}}「ほら、貸せよ」;;;<0148> Laissez, je vais m'en occuper.
<0149> 女性に追いつき、カートを代わりに押してやる。;;;<0149> Je la rattrapai, et me mis à pousser son caddie pour elle. 
<0150> やはり米袋を五つも積んだカートは重く、女性の力ではキツイのがわかる。;;;<0150> Un caddie chargé de cinq sacs de riz était forcément trop lourd pour les bras d'une femme.
<0151> \{\m{A}}（一袋２０キロとして、それが五つ…\p…\p…\p…\pげっ）;;;<0151> Chaque sac pèse vingt kilos, et il y en a cinq... \p...\p...\p...\p Geh
<0152> 計算すると、とんでもない重さだった。;;;<0152> Le total donnait un poids ridicule.
<0153> \{女性}「あ、ありがとうございます…」;;;<0153> M-Merci beaucoup...
<0154> 相変わらず、女性は見ていて気の毒になるくらい恐縮を繰り返している。;;;<0154> Elle me faisait encore sa mine de chien battu, et s'excusait sans cesse.
<0155> まあ、見知らぬ男に世話になっているのだから、無理もないが…。;;;<0155> Bah, c'était compréhensible après avoir reçu l'aide d'un inconnu.
<0156> \{\m{A}}「で、どこまで押せばいいんだ」;;;<0156> Dites-moi, je vous le pousse jusqu'où ?
<0157> \{女性}「は、はい、あの…商店街の入り口に車を止めてますので…」;;;<0157> A-Alors, en fait... ma voiture est garée à l'entrée de la rue commerçante.
<0158> \{\m{A}}「わかった」;;;<0158> Compris.
<0159> カラカラカラ…;;;<0159> \bCrri crri\u...
<0160> …カラカラカラ…;;;<0160> ... \bCrri crri\u...
<0161> カラカラカラ…;;;<0161> \bCrri crri\u...
<0162> ………。;;;<0162> ..........
<0163> ……。;;;<0163> .......
<0164> …。;;;<0164> ....
<0165> \{\m{A}}「ふぅ…これで全部だな」;;;<0165> Fiou... C'était le dernier ?
<0166> 計１００キロの米袋を車に乗せ終えて、額に浮かんだ汗を拭う。;;;<0166> Après avoir fini de charger cent kilos de riz dans la voiture, j'essuyai mon front dégoulinant de sueur.
<0167> \{女性}「ど、どうもご親切に…」;;;<0167> J-Je vous remercie du fond du cœur...
<0168> ぺこぺこ…;;;<0168> \bSalue salue\u...
<0169> \{\m{A}}「気にするなって。旅は道連れ世は情けと言うだろ」;;;<0169> Ce n'est rien. À deux, c'est mieux, comme on dit.
<0170> 旅をしてるのは俺だけだが…。;;;<0170> Dixit celui qui passe sa vie à voyager seul...
<0171> \{女性}「は、はい、そうですね」;;;<0171> O-Oui, vous avez raison.
<0172> ぺこぺこ…;;;<0172> \bSalue salue\u...
<0173> \{\m{A}}「………」;;;<0173> .........
<0174> ぽりぽりと頭を掻く。;;;<0174> Je me grattai la tête.
<0175> \{\m{A}}「まあ、これからは、まとめ買いの数を加減するこったな」;;;<0175> Bah, vous devriez en prendre moins à la fois, à l'avenir.
<0176> \{女性}「はあ…」;;;<0176> Oui...
<0177> \{女性}「娘が、お米を好きでよく食べるものですから、つい…」;;;<0177> Mais, c'est que ma famille adore le riz et en mange tout le temps...
<0178> \{\m{A}}「………」;;;<0178> .........
<0179> １００キロの米を平らげる娘って、いったい…。;;;<0179> Une fille qui gobe cent kilos de riz, et puis quoi encore...
<0180> \{女性}「でも、娘の喜ぶ顔を見られるなら、このくらいの苦労は平気なんです」;;;<0180> Mais cette épreuve n'est rien par rapport à la joie de voir son visage radieux.
<0181> \{\m{A}}「…そういうもんか？」;;;<0181> ... Vraiment ?
<0182> \{女性}「ええ。そういうものですよ、母親というのは」;;;<0182> Oui. Ça marche comme ça, une mère.
<0183> 親馬鹿ですけどね、と女性は笑う。;;;<0183> Elle sourit, comme pour dire qu'elle se rendait bien compte qu'elle gâtait trop sa fille.
<0184> その笑顔に、俺は遥かな記憶を思い起こす。;;;<0184> Ce sourire raviva en moi de très vieux souvenirs.
<0185> \{女性}「では、私はこれで」;;;<0185> Sur ce, je vais devoir y aller.
<0186> \{\m{A}}「ああ」;;;<0186> Ouais.
<0187> ぺこりと頭を下げてから、女性は車に乗り込み、エンジンをかける。;;;<0187> Après m'avoir encore salué, elle monta dans sa vooiture et mit en marche le moteur.
<0188> ブロロロロォォォォ…;;;<0188> \bBroooouuuum\u...
<0189> ずぴゅーーーんっ。\shake{1};;;<0189> \bZwiiiiim\u ! \shake{1}
<0190> 巨大な砂煙を吐いて、女性が運転する車が、夏の陽射しの中へと猛スピードで消えていった。;;;<0190> La voiture souleva un énorme nuage de poussière, avant de disparaître à toute allure dans la lumière de l'été.
<0191> \{\m{A}}「………」;;;<0191> .........
<0192> 車に乗ると、ひとが変わるタイプだろうか…。;;;<0192> Était-elle du genre à devenir quelqu'un d'autre derrière un volant...?
<0193> ………。;;;<0193> ..........
<0194> ……。;;;<0194> .......
<0195> …。;;;<0195> ....
<0196> 踵を返し、俺は再び商店街の中へと入った。;;;<0196> Je fis demi-tour, et entrai une seconde fois dans la rue commerçante.
<0197> \{声}「ふ、ふ、ふ、ふ、ふ」;;;<0197> Fu, fu, fu, fu, fu.
<0198> \{\m{A}}「………」;;;<0198> .........
<0199> どこからともなく、怪しい笑い声が聞こえてくる。;;;<0199> J'entendis un drôle de ricanement venir de je ne sais où.
<0200> \{声}「見ていたぞ、\m{B}君…」;;;<0200> J'ai tout vu, \m{B}-kun.
<0201> \{\m{A}}「………」;;;<0201> .........
<0202> \{声}「ふ、ふ、ふ、ふ、ふ」;;;<0202> Fu, fu, fu, fu, fu.
<0203> \{\m{A}}「………」;;;<0203> .........
<0204> …急ごう。;;;<0204> ... Dépêchons-nous.
<0205> 俺は、声を無視して、さっさと米屋に向かうことにした。;;;<0205> Je ne prêtai pas attention à la voix, et me mis en route vers le magasin de riz.
<0206> \{声}「こらこら、さも当たり前のように無視するな」;;;<0206> Hé oh, ne fais pas comme si tu ne m'avais pas entendue.
<0207> わしっと、後頭部をつかまれる。;;;<0207> Elle m'attrapa par l'arrivée des cheveux.
<0208> \{\m{A}}「はぁ…」;;;<0208> Haa...
<0209> \{\m{A}}「なんだよ。なにか用か」;;;<0209> Quoi ? Qu'est-ce que tu me veux ?
<0210> ため息混じりに振り返ると、そこには予想通り、あの女が立っていた。;;;<0210> Je me retournai en soupirant, et vis la femme à laquelle je m'attendais.
<0211> \{聖}「ふふ…おはよう、\m{B}君」;;;<0211> Fufu... Salut, \m{B}-kun.
<0212> 怪しげな表情で挨拶をされる。;;;<0212> Elle me salua d'une voix qui n'annonçait rien de bon.
<0213> \{\m{A}}「…なんだよ、その不敵な笑いは」;;;<0213> ... C'est quoi ce rire provocateur ? 
<0214> \{聖}「ふふふ…いや、なに…」;;;<0214> Fufufu... Rien du tout...
<0215> \{聖}「そうかそうか…君と遠野さんは、もうそんな仲になっていたのか」;;;<0215> Je vois, je vois... Alors comme ça Tohno-san et toi êtes déjà si proches ?
<0216> \{\m{A}}「はぁ？」;;;<0216> Haa ?
<0217> \{聖}「うんうん、やはり、君はすみにおけないなぁ」;;;<0217> Hmm-hmm, je me doutais bien qu'il ne fallait pas te sous-estimer.
<0218> \{\m{A}}「………」;;;<0218> .........
<0219> なにやら納得した風に何度もうなずく女医がひとり。;;;<0219> La doctoresse hochait la tête en rythme, comme pour marquer son approbation.
<0220> \{聖}「ふむ…これは、佳乃ももう少し焦らさないといけないな…」;;;<0220> Hmm... À ce rythme, Kano a intérêt à y mettre du sien...
<0221> ぶつぶつ…;;;<0221> \bChuchote chuchote\u...
<0222> \{\m{A}}「………」;;;<0222> .........
<0223> \{\m{A}}「…おい」;;;<0223> ... Hé.
<0224> \{聖}「うん？なんだ、ラブラブハンター」;;;<0224> Hmm ? Qu'y a-t-il, Love-love Hunter ?
<0225> …妙なあだ名を付けられた。;;;<0225> ... Elle m'avait refilé un drôle de surnom.
<0226> \{\m{A}}（ラブラブハンター…愛の狩人…）;;;<0226> 'Love-love Hunter'... Le chasseur de l'amour...
<0227> イヤすぎる…。;;;<0227> Immonde.
<0228> \{\m{A}}「あんた、さっきから何をひとりで納得してるんだ」;;;<0228> Hé, qu'est-ce qui te prend depuis tout à l'heure, à dire des trucs puis acquiescer toute seule ?
<0229> \{\m{A}}「忠告しておくが、朝っぱらから、かなり不気味だぞ」;;;<0229> Si je peux me permettre, c'est plutôt malsain de faire ça dès le matin.
<0230> ぽかっぽかっ。\shake{1}\shake{1};;;<0230> \bPif paf\u ! \shake{1}\shake{1}
<0231> \{\m{A}}「いててっ」;;;<0231> Aïe ouille !
<0232> \{聖}「不気味で悪かったな」;;;<0232> Je te prie de m'excuser d'être malsaine.
<0233> \{\m{A}}「く…二発もなぐるなよ」;;;<0233> Geh... Pas besoin de me frapper deux fois.
<0234> \{聖}「知るか」;;;<0234> Je savais pas.
<0235> …知ってくれ。;;;<0235> ... Tu aurais dû.
<0236> \{聖}「まったく…遠野さんの母上には親切だったくせに、なんで私にはその態度なんだ」;;;<0236> Franchement... Pourquoi tu te comportes si gentiment avec la mère de Tohno-san et pas avec moi ?
<0237> \{\m{A}}「うん？遠野の母親？」;;;<0237> Hmm ? La mère de Tohno ?
<0238> \{聖}「ああ。さっき、カートを引いてやってたじゃないか。見てたんだぞ」;;;<0238> Ouais. Un peu plus tôt, je t'ai vu pousser son caddie pour elle.
<0239> \{\m{A}}「………」;;;<0239> .........
<0240> \{\m{A}}「…あれ、彼女の母親だったのか」;;;<0240> ... Eh ? C'était la mère de Tohno ?
<0241> \{聖}「だったのかって…」;;;<0241> C'était donc ça...
<0242> \{聖}「もしかして知らずに手を貸していたのか？」;;;<0242> Tu es en train de me dire que tu lui as donné un coup de main sans même le savoir ?
<0243> \{\m{A}}「ああ。これっぽっちも知らなかったぞ」;;;<0243> Ouais. J'en avais pas la moindre idée.
<0244> そうか。どうりで声に聞き覚えがあると思ったら、遠野の声か。;;;<0244> Je comprends. C'était donc logique que sa voix me rappelât quelque chose : la voix de Tohno.
<0245> なるほど。米つながりだ。;;;<0245> Et effectivement, elles étaient liées par le riz.
<0246> \{聖}「なんだ知らなかったのか。そうならそうと、早く言え」;;;<0246> Donc tu n'en savais rien ? Tu aurais dû me le dire plus tôt.
<0247> \{\m{A}}「………」;;;<0247> .........
<0248> 言う暇を与えなかった者が言う。;;;<0248> Elle ne m'avai même pas laissé le temps de dire quoi ce ce fût.
<0249> \{聖}「じゃあ、いちおう覚えておけ。あれが、遠野さんの母上だ」;;;<0249> Dans ce cas, pour le moment, souviens-toi d'elle. C'était la mère de Tohno-san.
<0250> \{聖}「優しくて、良い人だったろ？」;;;<0250> N'est-elle pas une gentille personne ?
<0251> \{\m{A}}「まあな」;;;<0251> On peut dire ça.
<0252> 素直に同意する。;;;<0252> J'acquiesçai par politesse.
<0253> \{\m{A}}「…確かに…あんたほど悪人には見えなかった…」;;;<0253> ... C'est sûr... qu'elle n'avait pas l'air aussi mauvaise que toi...
<0254> ぼそぼそ…;;;<0254> dis-je entre mes dents.
<0255> \{聖}「おい、今、なんて言った」;;;<0255> Hé, qu'est-ce que t'as dit, là ?
<0256> \{\m{A}}「いや、なにも申さなかったぞ」;;;<0256> Rien, absolument rien.
<0257> \{聖}「ふむ…そうか、空耳だったかな」;;;<0257> Hmm... Je vois, ce devait être mon imagination.
<0258> \{\m{A}}「ああ。きっとそうだろ」;;;<0258> Ouais, certainement.
<0259> …ヤバかった。;;;<0259> ... J'ai eu chaud.
<0260> \{\m{A}}「それより、遠野の母親って、娘思いだな」;;;<0260> Tiens, d'ailleurs, la mère de Tohno tient vraiment à sa fille, non ?
<0261> できるかぎり冷静に、話題を変えてみる。;;;<0261> J'essayai de changer de sujet aussi discrètement que possible.
<0262> \{聖}「えっ…」;;;<0262> Hein...?!
<0263> \{\m{A}}「あれだけの量の米、娘のために買ったんだろ」;;;<0263> C'est pour elle qu'elle a acheté tout ce riz, hein.
<0264> \{聖}「………」;;;<0264> .........
<0265> \{聖}「ああ…そうだな…」;;;<0265> Ouais... C'est vrai...
<0266> 聖の反応が、心なし鈍いような…。;;;<0266> La réaction de Hijiri me sembla plutôt creuse...
<0267> \{聖}「………」;;;<0267> .........
<0268> \{聖}「そうだろうな…」;;;<0268> C'est vrai qu'on peut dire ça...
<0269> 不意に、聖の表情が曇りを見せた。;;;<0269> Son visage s'assombrit soudainement.
<0270> \{\m{A}}「ん？どうかしたのか」;;;<0270> Hmn ? Quelque chose ne va pas ?
<0271> \{聖}「いや…」;;;<0271> C'est pas ça...
<0272> \{\m{A}}「？」;;;<0272> ?
<0273> \{聖}「………」;;;<0273> .........
<0274> \{\m{A}}「………」;;;<0274> .........
<0275> \{\m{A}}「…どこか悪いのか？」;;;<0275> ... Tu as mal quelque part ?
<0276> \{聖}「なぜだ？」;;;<0276> Qu'est-ce qui te fait dire ça ?
<0277> \{\m{A}}「極悪とはいえ、一応医者のあんたが顔を曇らせるからな」;;;<0277> Même si c'est grave, tu es médecin, alors ne fais pas cette tête.
<0278> \{聖}「………」;;;<0278> .........
<0279> \{\m{A}}「そんなに悪いのか…？」;;;<0279> C'est vraiment \bsi\u grave que ça ?
<0280> \{聖}「………」;;;<0280> .........
<0281> \{聖}「遠野さんの母上はな…別に、体が悪いというわけじゃないんだ」;;;<0281> La mère de Tohno-san... n'a pas de problème physique.
<0282> \{\m{A}}「うん？どういう意味だ？」;;;<0282> Hmm ? Qu'est-ce que tu veux dire par là ?
<0283> \{聖}「うむ…」;;;<0283> Hmm...
<0284> \{聖}「まあ、病には違いないんだが…」;;;<0284> Bah, c'est pas si différent d'une maladie.
<0285> \{\m{A}}「？」;;;<0285> ?
<0286> \{聖}「………」;;;<0286> .........
<0287> \{\m{A}}「それより、確か遠野の母親って、具合が悪いとか言ってなかったか？」;;;<0287> Tiens, d'ailleurs, tu m'avais dit que la mère de Tohno n'allait pas très bien, non ?
<0288> できるかぎり冷静に、話題を変えてみる。;;;<0288> J'essayai de changer de sujet aussi discrètement que possible.
<0289> \{聖}「えっ…」;;;<0289> Hein...?!
<0290> \{\m{A}}「俺が見た限りじゃあ、とてもそうは見えなかったけどな」;;;<0290> Mais de mon point de vue, ça n'avait pas l'air d'être le cas.
<0291> \{聖}「………」;;;<0291> .........
<0292> \{聖}「そうか…」;;;<0292> Je vois...
<0293> \{\m{A}}「ああ」;;;<0293> Ouais.
<0294> 聖の反応が、心なし鈍いような…。;;;<0294> La réaction de Hijiri me sembla plutôt creuse...
<0295> \{聖}「………」;;;<0295> .........
<0296> \{聖}「そうだろうな…」;;;<0296> C'est vrai qu'on peut dire ça...
<0297> 不意に、聖の表情が曇りを見せた。;;;<0297> Son visage s'assombrit soudainement.
<0298> \{\m{A}}「ん？どうかしたのか」;;;<0298> Hmn ? Quelque chose ne va pas ?
<0299> \{聖}「いや…」;;;<0299> C'est pas ça...
<0300> \{\m{A}}「？」;;;<0300> ?
<0301> \{聖}「………」;;;<0301> .........
<0302> \{聖}「…\m{B}君」;;;<0302> ... m\{B}-kun.
<0303> \{\m{A}}「なんだ」;;;<0303> Quoi ?
<0304> \{聖}「遠野さんの母上はな…別に、体が悪いというわけじゃないんだ」;;;<0304> La mère de Tohno-san... n'a pas de problème physique.
<0305> \{\m{A}}「うん？どういう意味だ？」;;;<0305> Hmm ? Qu'est-ce que tu veux dire par là ?
<0306> \{\m{A}}「そういや、遠野も病気じゃないとか言ってたよな」;;;<0306> Maintenant que j'y pense, Tohno aussi m'a dit qu'elle n'était pas malade.
<0307> \{聖}「うむ…」;;;<0307> Hmm...
<0308> \{聖}「まあ、病には違いないんだが…」;;;<0308> Bah, c'est pas si différent d'une maladie.
<0309> \{\m{A}}「？」;;;<0309> ?
<0310> \{聖}「………」;;;<0310> .........
<0311> ………。;;;<0311> ..........
<0312> ……。;;;<0312> .......
<0313> …。;;;<0313> ....
<0314> …それ以上、聖は何も言わなかった。;;;<0314> ... Hijiri n'ajouta rien de plus.
<0315> 俺も、微妙な空気の変化に、何も訊くことができなかった。;;;<0315> La discussion étant devenue un peu tendue, je ne me sentais pas de lui poser davantage de questions.
<0316> そして…。;;;<0316> Un peu plus tard...
<0317> \{聖}「じゃあな。私はそろそろ仕事にもどる」;;;<0317> Salut. Il faut que je retourne bosser.
<0318> それだけを言って、聖は診療所の中へと消えていった。;;;<0318> Sans rien de dire de plus, elle disparut à l'intérieur de la clinique.
<0319> 俺は、アスファルトの照り返しの中に、ひとり取り残された。;;;<0319> Je restai seul sur l'asphalte brûlant.
<0320> \{\m{A}}「………」;;;<0320> .........
<0321> 胸の奥に、言い知れない感情が産声を上げる。;;;<0321> Une émotion indescriptible était en train de jaillir au fond de mon cœur.
<0322> それは、ゆっくりと渦を巻いて…。;;;<0322> Elle tournoya lentement...
<0323> そして、やがて誰かの顔に変わってゆく。;;;<0323> ... Avant de se transformer en visage.
<0324> 誰の顔なのかは、はっきりと見て取れない。;;;<0324> Je ne pouvais pas distinguer clairement de quel visage in s'agissait.
<0325> でも、それは確かに誰かの顔で…。;;;<0325> Mais c'était indéniablement le visage de quelqu'un.
<0326> 見覚えのある顔で…。;;;<0326> Un visage que j'avais déjà vu quelque part...
<0327> \{\m{A}}「………」;;;<0327> .........
<0328> \{\m{A}}「…まあ、いい」;;;<0328> ... Bah, peu importe.
<0329> 俺は、思考に折り合いをつけて、再び米屋に向かって足を踏み出す。;;;<0329> Je me résignai à arrêter d'y réfléchir, et repris la route du magasin de riz.
<0330> その足取りが重かったのは、単に空腹のためか。;;;<0330> Étais-ce à cause de la faim que mes pas s'étaient alourdis ?
<0331> あるいは…。;;;<0331> Ou bien...
<0332> ………。;;;<0332> ..........
<0333> ……。;;;<0333> .......
<0334> …。;;;<0334> ....
<0335> ………。;;;<0335> .......
<0336> ……。;;;<0336> .......
<0337> …。;;;<0337> ....
<0338> 米屋で米をもらい、来た道を引き返す。;;;<0338> Après avoir récupéré du riz au magasin, je repris la route en sens inverse.
<0339> 足取りが、かなりふらついている。;;;<0339> Je titubais un peu.
<0340> \{\m{A}}「お、重い…」;;;<0340> C-C'est lourd...
<0341> 俺は、米屋から数十メートル歩いたところで、すでに限界を迎えていた。;;;<0341> Je n'avais parcouru que quelques dizaines de mètres depuis le magasin et j'étais déjà à bout de forces.
<0342> どさっ\shake{1};;;<0342> \bBoum\u ! \shake{1}
<0343> ２０キロ入りの米袋を地面に降ろし、俺は診療所の前で力尽きる。;;;<0343> Mes dernières forces me quittèrent juste en face de la clinique, ce qui me força à lâcher le sac de vingt kilos.
<0344> やはり、お米券二枚を一気に交換したのは間違いだったかもしれない。;;;<0344> Avoir échangé deux coupons de riz à la fois avait sans doute été une erreur.
<0345> 俺は、米屋から数十メートル歩いたところで、すでに限界を迎えていた。;;;<0345> Je n'avais parcouru que quelques dizaines de mètres depuis le magasin et j'étais déjà à bout de forces.
<0346> どさっ、どさっ、\shake{1}\shake{1};;;<0346> \bBoum\u ! \bBoum\u ! \shake{1}\shake{1}
<0347> ２０キロ入りの米袋をふたつとも地面に降ろし、俺は診療所の前で力尽きる。;;;<0347> Mes dernières forces me quittèrent juste en face de la clinique, ce qui me força à lâcher les deux sacs de vingt kilos.
<0348> \{\m{A}}「ふぅ…」;;;<0348> Fiou...
<0349> 米袋の上に腰を下ろし、ひとまず休憩をとる。;;;<0349> Je m'assis sur un sac de riz le temps de reprendre mon souffle.
<0350> 体中が、一気に重力から解放されたかのような軽さ。;;;<0350> Je me sentais léger, comme si mon corps avait été libéré des effets de la gravité.
<0351> 額に浮かんだ汗を拭いながら、しばらくの間、ぼぅっとしてみる。;;;<0351> J'essuyai la sueur qui perlait sur son front alors que je me sentais dans un état second.
<0352> ようやく現れた幾つかの人影が、目の前を通りすぎてゆく。;;;<0352> Je vis quelques silhouettes passer devant moi.
<0353> \{\m{A}}（………）;;;<0353> .........
<0354> \{\m{A}}（見られているな…）;;;<0354> Ils me regardent tous...
<0355> 人影が通りすぎてゆくたびに、その視線がちらちらと俺を覗いているのがわかる。;;;<0355> Je sentais qu'à chaque fois qu'une silhouette passait, un regard se posait furtivement sur moi.
<0356> …当たり前だ。;;;<0356> ... J'aurais dû m'y attendre.
<0357> こんな場所で米袋をケツに敷き、ぼけっと座っている奴がいたら、俺だって見る。;;;<0357> Si je voyais quelqu'un assis dans un endroit pareil, les fesses posées sur un sac de riz, avec l'air absent, moi aussi, je le dévisagerais.
<0358> \{\m{A}}「と、なればだ…」;;;<0358> Bah, si c'est comme ça...
<0359> ごそごそと、ポケットに突っ込んでおいた人形を取り出す。;;;<0359> Je fourrai une main dans ma poche pour en extraire ma marionnette.
<0360> \{\m{A}}「………」;;;<0360> .........
<0361> 人形と米袋を、交互に見つめてみる。;;;<0361> Je regardai tour à tour ma marionnette et le sac de riz.
<0362> \{\m{A}}「これは、もしかしたらチャンスなんじゃないか？」;;;<0362> Serait-ce une opportunité à saisir ?
<0363> 俺の中に、光明が射した。;;;<0363> J'eus une illumination.
<0364> 俺は今、米袋という新たなアイテムを手に入れたことで、確実に人目をひいている。;;;<0364> Maintenant que j'avais ajouté un sac de riz à mon inventaire, il était certain que j'allais davantage attirer l'attention.
<0365> そう。;;;<0365> Indéniablement.
<0366> ここで、俺がやるべきことは、たったひとつである。;;;<0366> Je n'avais plus qu'une chose à faire.
<0367> うまくすれば、米以外に一品おかずを買える金が稼げるかもしれない。;;;<0367> Si tout se passait bien, je pourrais gagner assez d'argent pour acheter de quoi accompagner mon riz.
<0368> さらにうまくすれば、一気にこの町からおさらばできる金が稼げるかもしれないのだ。;;;<0368> Et avec un peu de chance, j'aurais même de quoi partir de ce village dans la foulée.
<0369> \{\m{A}}「ウハハハハハ」;;;<0369> Uhahahahaha !
<0370> 思わず高笑い。;;;<0370> J'avais rigolé à voix haute par réflexe.
<0371> 文字通りウッハウハだ。;;;<0371> Et j'avais littéralement fait 'uhha-uha'.
<0372> しかも、なぜかより人目をひいているような気がする。;;;<0372> D'ailleurs, il me sembla que l'on me fixait encore plus qu'avant.
<0373> \{\m{A}}「よしっ！やってやるぜっ！」;;;<0373> Bien !! C'est parti mon kiki !!
<0374> 気合い一発。;;;<0374> Je débordais de motivation.
<0375> 俺は人形を地面に置いて、芸を始めた。;;;<0375> Je posai ma marionnette au sol, et commençai mon numéro.
<0376> ………。;;;<0376> ..........
<0377> ……。;;;<0377> .......
<0378> …。;;;<0378> ....
<0379> \{\m{A}}「………」;;;<0379> .........
<0380> \{\m{A}}「………」;;;<0380> .........
<0381> \{\m{A}}「はぁ…」;;;<0381> Haa...
<0382> しばしの間芸に精進した後、天に向かって小さく息を吐いた。;;;<0382> Après m'être concentré sur mon numéro pendant quelque temps, je tournai mon regard vers les cieux et soufflai.
<0383> \{\m{A}}「うまくいかないもんだな…」;;;<0383> Comme si ça aurait pu se passer aussi bien...
<0384> 口端から、ため息まじりの愚痴がこぼれた。;;;<0384> grommelai-je entre deux soupirs.
<0385> あれほど気合いを入れたはずなのに、結局のところ、結果はいつもと同じ、散々だった。;;;<0385> Peu importe l'ardeur que j'y mettais, à la fin, le résultat était le même. C'était dur à avaler.
<0386> \{\m{A}}「なんで、俺が芸を始めた途端に人通りがなくなるんだよ…」;;;<0386> Pourquoi les passants s'évaporent-ils à la seconde où je commence mon numéro...?
<0387> もしかしたら、俺は見えない誰かの意思によって、この町に留められているのではないか？;;;<0387> Étais-je retenu dans cette ville en raison les desseins d'un individu tapi dans l'ombre ?
<0388> そんな、カルトな考えが頭を過ぎる。;;;<0388> Des théories ésotériques fusaient dans mon esprit.
<0389> \{\m{A}}「………」;;;<0389> .........
<0390> \{\m{A}}「帰るか…」;;;<0390> Rentrons...
<0391> 落胆にくれながら、人形を手に、ゆっくりと立ち上がる。;;;<0391> Découragé, je ramassai ma marionnette et me levai.
<0392> \{声}「こらーーー！\m{B}\m{A}ーーー！」\shake{3};;;<0392> Hééééé ! \m{B}\m{A} !!!! \shake{3}
<0393> \{\m{A}}「うわっ！？」;;;<0393> Uwah !!?
<0394> \{みちる}「んにゅ？どしたの？」;;;<0394> Nnyu ? Ça va pas ?
<0395> \{\m{A}}「く…」;;;<0395> Argh...
<0396> \{\m{A}}「う、後ろから大声を出すなっ」;;;<0396> N-Ne hurle pas derrière moi comme ça !
<0397> 不覚にも、心臓がばくばくと鳴っている。;;;<0397> La surprise fit battre mon cœur à tout rompre.
<0398> \{みちる}「むぅ…なんで怒るのよぉ」;;;<0398> Muu... Pourquoi tu t'énerves ?
<0399> \{みちる}「わざわざ、みちるが声をかけてあげたのにぃ」;;;<0399> Tu devrais être content que je t'aie adressé la parole.
<0400> かなり不満そうだ。;;;<0400> Elle avait l'air mécontent.
<0401> \{\m{A}}「馬鹿っ、あれは驚かしたというんだ」;;;<0401> Idiote. Tu m'as fait peur, là.
<0402> \{みちる}「ばかっていうなーーーっ」;;;<0402> Ne me traite pas d'idiote !!!!
<0403> \{\m{A}}「やかましいっ」;;;<0403> La ferme !
<0404> ぽかっ。\shake{1};;;<0404> \bPaf\u. \shake{1}
<0405> \{みちる}「にょるっ」;;;<0405> Nyoru !
<0406> \{みちる}「にゅぅ～～～…」;;;<0406> Nyuu~~~...
<0407> \{\m{A}}「いちいち大声をだすな」;;;<0407> Et arrête de crier pour tout et n'importe quoi !
<0408> またちょっとビックリしてしまった。;;;<0408> Elle m'avait presque fait sursauter une seconde fois.
<0409> \{みちる}「うぅ…脳ミソがゆれてるぅ…」;;;<0409> Uu... Y a mon cerveau qui tremble encore...
<0410> みちるの頭が、左右に微妙な動きを見せている。;;;<0410> Michiru remua doucement sa tête de gauche à droite.
<0411> \{みちる}「…んに？」;;;<0411> ... Hmmnni ?
<0412> はたと俺の手元を見る。;;;<0412> Son regard s'était soudainement posé sur ma main.
<0413> \{みちる}「なにそれ」;;;<0413> C'est quoi ce truc ?
<0414> 指さす。;;;<0414> Elle la pointa du doigt.
<0415> \{\m{A}}「ん？これか？」;;;<0415> Hmn ? Ça ?
<0416> 俺は右手に握ったままの人形を前に示した。;;;<0416> Je lui montrai la marionnette que je tenais dans ma main droite.
<0417> \{みちる}「にょわっ！」;;;<0417> Nyowah !!
<0418> \{\m{A}}「なんだよ」;;;<0418> Quoi encore ?
<0419> \{みちる}「ばっちい人形ぉ～、ぺっ、ぺっ」;;;<0419> Qu'est-ce qu'elle est crade~. Pouah ! Pouah !
<0420> \{\m{A}}（こ、こいつ…）;;;<0420> E-Espèce de...
<0421> 精神に、かなりのダメージを喰らった。;;;<0421> Elle venait de m'infliger de gros dégâts psychologiques.
<0422> \{みちる}「んにゅぅ…」;;;<0422> Nnyuu...
<0423> \{みちる}「ねえ、ちょっとかしてみてみて」;;;<0423> Dis, passe-la-moi un instant.
<0424> ぐいっ、と強引に人形を奪い取られる。;;;<0424> Elle l'arracha de ma main.
<0425> \{\m{A}}「こらっ、なにするんだ」;;;<0425> Hé oh ! Qu'est-ce que tu fiches ?
<0426> \{みちる}「へへ～、いいからいいから」;;;<0426> Héhé~, rien, rien de rien.
<0427> 楽しそうな笑みを浮かべながら、みちるは人形をしげしげと眺めた。;;;<0427> Michiru examina la poupée. Son sourire suggérait qu'elle s'amusait.
<0428> やはり、ガキはガキか。;;;<0428> Bah, c'est qu'une gosse, après tout.
<0429> 人形を手にして喜ぶとは、なかなか可愛いところもあるじゃないか。;;;<0429> La voir toute contente de tenir une marionnette me donna une image un peu plus adorable de Michiru.
<0430> \{みちる}「むぅ～…見れば見るほど、キミはぼろぼろだねぇ…」;;;<0430> Muu~... Plus je te regarde, plus t'as l'air d'être tout usée.
<0431> \{みちる}「かわいそうに…アホな主人の下で苦労してるんだ…」;;;<0431> La pauvre... Ça doit être difficile d'être sous les ordres d'un maître aussi stupide...
<0432> \{\m{A}}「しみじみと言うなっ」;;;<0432> Arrête de dire tout haut ce que tu penses.
<0433> 前言撤回。まったく可愛くないガキだ。;;;<0433> Je retire ce que j'ai dit. Elle n'a rien d'adorable, cette gosse.
<0434> に、しても、反論できないのが悔しい。;;;<0434> Cela dit, je n'avais rien à y répondre, et c'était frustrant.
<0435> \{みちる}「んにっ！わかったっ！」;;;<0435> Hmmnni !! Je sais !!
<0436> \{みちる}「みちるが、キミを助けだしてあげるよっ！」;;;<0436> Je vais te sauver !!
<0437> \{\m{A}}「えっ！？」;;;<0437> Hein ?!!
<0438> 少女の目に、使命感の炎が燃えあがった。;;;<0438> Une flamme brûlait dans ses yeux, comme si elle avait trouvé un sens à sa vie.
<0439> \{みちる}「にゃはは、んじゃあねーーー」;;;<0439> Nyahaha, à la prochaine !!!
<0440> ぱたぱたぱたーーー。;;;<0440> \bClop clop clop———\u.
<0441> 窃盗犯が、陽光の中に向かって走りだす。;;;<0441> La voleuse s'enfuit en courant et disparut derrière la lumière du soleil.
<0442> \{\m{A}}「お、おいっ、こら待てっ」;;;<0442> H-Hé ! Arrête-toi !
<0443> 俺もその後を追って走りだす。;;;<0443> Je me mis à lui courir après.
<0444> が、米袋をここにおいたままではいけない。;;;<0444> Sauf que je ne pouvais pas laisser mon riz traîner là...
<0445> \{\m{A}}「く…」;;;<0445> Argh...
<0446> 力を込めて、俺は米袋を肩にかつぐ。;;;<0446> Je rassemblai mes forces, et chargeai le sac sur mon épaule.
<0447> 重量は約２０キロ。;;;<0447> Il pesait environ vingt kilos.
<0448> 力を込めて、俺は米袋をふたつとも肩にかつぐ。;;;<0448> Je rassemblai mes forces, et chargeai les deux sacs sur mon épaule.
<0449> 総重量は約４０キロ。;;;<0449> Ils pesaient au total environ quarante kilos.
<0450> 足を一歩踏み出すだけでも、かなりの体力を使う。;;;<0450> Je sentais mes forces me quitter à chaque pas que je prenais.
<0451> しかし、俺は少女を追いかける。;;;<0451> Mais je continuai quand même à la poursuivre.
<0452> \{\m{A}}「うぐぐぐぐ…」;;;<0452> Ugugugugu...
<0453> なんで、俺がこんな目にあわなきゃならないのだろうか。;;;<0453> Pourquoi est-ce que je dois m'infliger tout ça ?
<0454> 真夏の風が、目尻に冷たかった。;;;<0454> Le vent de la mi-été rafraîchissait les coins de mes yeux.
<0455> ………。;;;<0455> ..........
<0456> ……。;;;<0456> .......
<0457> …。;;;<0457> ....
<0458> \{みちる}「にゃはははは、こっちだよーーーだっ」;;;<0458> Nyahahahaha, par ici !!!!
<0459> \{\m{A}}「ま、待てよ、こらっ」;;;<0459> A-Attends un peu... Hé !
<0460> \{みちる}「にゃはははははは」;;;<0460> Nyahahahahahaha !
<0461> \{みちる}「ほらほら、ふりふりふり～～～」;;;<0461> Hé, regarde, na-na-nèreuh~~~.
<0462> \{\m{A}}「ケ、ケツを振るなっ」;;;<0462> A-Arrête de remuer les fesses.
<0463> \{みちる}「にゃはははは、ひゃっほーーーうっ」;;;<0463> Nyahahahaha, hyahhooooo !
<0464> ぱたぱたぱた…;;;<0464> \bClop clop clop\u...
<0465> \{\m{A}}「く…」;;;<0465> Argh...
<0466> ふらふらふら…;;;<0466> \bOscille oscille oscille\u...
<0467> ………。;;;<0467> ..........
<0468> ……。;;;<0468> .......
<0469> …。;;;<0469> ....
<0470> \{\m{A}}「はぁ…はぁ…」;;;<0470> Haa... Haa...
<0471> とことことこ…;;;<0471> \bPadoum padoum padoum\u...
<0472> \{みちる}「にゃはははは、もう降参かな～？」;;;<0472> Nyahahahaha, t'abandonnes~ ?
<0473> \{\m{A}}「はぁ…はぁ…」;;;<0473> Haa... Haa...
<0474> \{\m{A}}「こ、この…わざわざ近づいてきて言うなっ」;;;<0474> E-Espèce de... T'es revenue me voir exprès pour dire ça ?!
<0475> \{みちる}「んに？近づいちゃダメなの？」;;;<0475> Hmmni ? J'ai pas le droit d'aller te voir ?
<0476> \{みちる}「んじゃあ、わかった。遠くにいくね」;;;<0476> Bon, ben d'accord. Je m'en vais très loin.
<0477> \{\m{A}}「え…」;;;<0477> Hein...?
<0478> ぱたぱたぱたーーー…;;;<0478> \bClop clop clop———\u...
<0479> \{\m{A}}「うおぉぉっ、しまったーーーっ」;;;<0479> Uwooooh ! Zut !!!!
<0480> \{みちる}「にゃははははーーー」;;;<0480> Nyahahahaha——— !
<0481> ………。;;;<0481> ..........
<0482> ……。;;;<0482> .......
<0483> …。;;;<0483> ....
<0484> \{\m{A}}「ぜぇ…ぜぇ…ぜぇ…」;;;<0484> Erf... Erf... Erf...
<0485> \{みちる}「んにゅぅ～…だらしな～い。もう走れないの～？」;;;<0485> Nnyuu~... Quelle chiffe molle~. T'arrives déjà plus à courir~ ?
<0486> \{\m{A}}「ぜぇ…ぜぇ…ぜぇ…」;;;<0486> Erf... Erf... Erf...
<0487> \{みちる}「んにに？」;;;<0487> Hmmnini ?
<0488> \{\m{A}}「ぜぇ…ぜぇ…ぜぇ…」;;;<0488> Erf... Erf... Erf...
<0489> \{みちる}「こらっ、\m{B}\m{A}！みちるが声かけてあげてるんだから、へんじしろっ！」;;;<0489> Hé ! \m{B}\m{A} ! Quand je te parle, tu me réponds !!
<0490> \{\m{A}}「ぜぇ…ぜぇ…ぜぇ…」;;;<0490> Erf... Erf... Erf...
<0491> \{みちる}「んににに？なんか、顔があおいぞ？」;;;<0491> Hmmninini. T'as l'air tout pâle.
<0492> \{\m{A}}「ぜぇ…ぜぇ…ぜぇ…」;;;<0492> Erf... Erf... Erf...
<0493> \{みちる}「もしかして…ほんきで、もうダメ？」;;;<0493> Est-ce... tu serais au bout de tes forces ?
<0494> \{\m{A}}「ぜぇ…ぜぇ…ぜぇ…」;;;<0494> Erf... Erf... Erf...
<0495> \{みちる}「んに…だいじょうぶ？」;;;<0495> Hmmni... Ça va ?
<0496> \{\m{A}}「ぜぇ…ぜぇ…ぜぇ…」;;;<0496> Erf... Erf... Erf...
<0497> \{みちる}「んにゅ…ごめん…はやく走りすぎた」;;;<0497> Nnyu... Désolée... J'ai couru trop vite.
<0498> \{\m{A}}「ぜぇ…ぜぇ…ぜ…\pはっ！」;;;<0498> Erf... Erf... Erf... \p Ha !!
<0499> \{みちる}「にょわっ！？」;;;<0499> Nyowah !!?
<0500> \{\m{A}}「ちっ、はずしたっ」;;;<0500> Tsk, ratée.
<0501> \{みちる}「お、おにょれ～～～、\m{B}\m{A}～～～」;;;<0501> V-Va te fwaire voir~~~, \m{A}\m{B}~~~.
<0502> \{みちる}「だますなんて、ひきょーだぞっ！」;;;<0502> Tu m'as dupé, espèce de lâche !!
<0503> \{\m{A}}「やかましいっ！おまえが卑怯とか言うなっ！」;;;<0503> La ferme !! Et arrête de me traiter de lâche !!
<0504> \{みちる}「んにゅぅ～、もうだまされないからねっ！」;;;<0504> Nnyuu~, je ne me ferai pas avoir deux fois, ok ?!!
<0505> ぱたぱたぱたーーー…;;;<0505> \bClop clop clop———\u...
<0506> くるっ。;;;<0506> \bPivote\u !
<0507> \{みちる}「この能なしやろーーーっ」;;;<0507> Espèce de bon à rien !!!!
<0508> すたたたたたたたーーーーーーっ。;;;<0508> \bTa ta ta ta ta ta ta——————\u !
<0509> \{みちる}「にょわっ！加速しやがったーーーっ！」;;;<0509> Nyowah ! Il accélère !!!!!
<0510> ………。;;;<0510> ..........
<0511> ……。;;;<0511> .......
<0512> …。;;;<0512> ....
<0513> ………。;;;<0513> ..........
<0514> ……。;;;<0514> .......
<0515> …。;;;<0515> ....
<0516> ぐいっ！;;;<0516> \bTire\u !!
<0517> \{みちる}「にょわっ」;;;<0517> Nyowah !
<0518> \{\m{A}}「ぜぇ…ぜぇ…ぜぇ…」;;;<0518> Erf... Erf... Erf...
<0519> ようやく、みちるの、その両に結んだ髪の毛に手が届いた。;;;<0519> J'avais enfin réussi à choper ses deux espèces de couettes.
<0520> \{\m{A}}「ぜぇ…ぜぇ…」;;;<0520> Erf... Erf...
<0521> \{\m{A}}「やっとつかまえたぞ…くそガキ…」;;;<0521> J't'ai enfin attrapée, morveuse...
<0522> どさっ、\shake{1};;;<0522> \bBam\u ! \shake{1}
<0523> 担いでいた米袋を地面に投げ落とす。;;;<0523> Je lâchai le riz que j'avais porté sur mon épaule.
<0524> \{みちる}「んにゅぅ～～～…」;;;<0524> Nnyuu~~~...
<0525> \{\m{A}}「ほら、さっさと人形を返せ」;;;<0525> Allez, rends-moi ma marionnette !
<0526> 急かすように握ったままの髪の毛を引っ張った。;;;<0526> Je lui tirai les cheveux pour qu'elle se dépêche d'obéïr.
<0527> ぐい。;;;<0527> \bTire\u.
<0528> \{みちる}「んにゅ」;;;<0528> Nnyuu !
<0529> ぐいぐい。;;;<0529> \bTire tire\u.
<0530> \{みちる}「んにゅんにゅ」;;;<0530> Nnyuu nnyuu !
<0531> \{\m{A}}「………」;;;<0531> .........
<0532> ちょっとおもしろいかもしれない。;;;<0532> C'est que ça pourrait être marrant...
<0533> さらに引っ張ってみる。;;;<0533> Je tirai de nouveau, pour voir.
<0534> ぐいぐい。;;;<0534> \bTire tire\u.
<0535> \{みちる}「んにゅんにゅ」;;;<0535> Nnyuu nnyuu !
<0536> ぐいぐい。;;;<0536> \bTire tire\u.
<0537> \{みちる}「んにゅんにゅ」;;;<0537> Nnyuu nnyuu !
<0538> \{\m{A}}「………」;;;<0538> .........
<0539> ぐいぐいぐいぐいぐいぐい。;;;<0539> \bTire tire tire tire tire tire\u.
<0540> \{みちる}「んにゅんにゅんにゅんにゅんにゅんにゅ」;;;<0540> Nnyuu nnyuu nnyuu nnyuu nnyuu nnyuu nnyuu !
<0541> \{\m{A}}「おぉ～…」;;;<0541> Ooh~...
<0542> これは、なかなかおもしろい。;;;<0542> Ça devenait très intéressant.
<0543> もっと引っ張ってみよう。;;;<0543> Continuons à tirer et voyons ce que ça donne.
<0544> ぐ…;;;<0544> \bTi-\u...
<0545> がすっ！\shake{7};;;<0545> \bPaf\u ! \shake{7}
<0546> \{\m{A}}「ぐはっ」;;;<0546> Argh !
<0547> \{みちる}「こらーーー！！ひとのあたまであそぶなーーー！！」;;;<0547> Hé !!!!! On joue pas avec les têtes des gens !!!!!
<0548> \{\m{A}}「ぐぅ…」;;;<0548> Argh...
<0549> みぞおちを押さえながらうずくまる。;;;<0549> Je me pliai en deux en serrant mon plexus solaire.
<0550> \{みちる}「むぅ…」;;;<0550> Muu...
<0551> \{\m{A}}「い、いいから、人形を返せよ」;;;<0551> A-Arrête, et rends-moi ma marionnette !
<0552> 右手を差し出す。;;;<0552> Je lui tendis ma main droite.
<0553> \{みちる}「………」;;;<0553> .........
<0554> \{\m{A}}「さっさと渡せ」;;;<0554> Rends-la-moi immédiatement.
<0555> 差し出した右手を、みちるの目の前でぱくぱくと動かす。;;;<0555> Elle fixa ma main droite tendue devant ses yeux avec la bouche qui s'ouvrait et se refermait comme un poisson.
<0556> \{みちる}「むぅ…わかったよぉ」;;;<0556> Muu... D'accord...
<0557> \{みちる}「みちるがつかまったんだから、かえしてあげるよ」;;;<0557> Tu m'as attrapée, alors je te la rends.
<0558> \{みちる}「はい」;;;<0558> Tiens.
<0559> 観念したのか、みちるは素直に俺の右手に人形を…。;;;<0559> Résignée, elle me tendir ma marionnette vers ma main droite...
<0560> ずっしり…;;;<0560> \bPlop\u...
<0561> \{\m{A}}（ん？人形って、こんなに重たかったか？）;;;<0561> Hmn, ma marionnette a toujours été aussi lourde ?
<0562> 右手を見てみる。;;;<0562> Je jetai un œil à ma main droite.
<0563> \{\m{A}}「………」;;;<0563> .........
<0564> ボルトだった。;;;<0564> C'était un boulon.
<0565> しかも錆びていた。;;;<0565> Plus précisément un boulon rouillé.
<0566> \{\m{A}}「おい」;;;<0566> Hé.
<0567> \{みちる}「んに？」;;;<0567> Hmmnni ?
<0568> \{\m{A}}「俺をなめてるだろ、おまえ」;;;<0568> Tu me prends pour un imbécile, non ?
<0569> \{みちる}「なめないよ。ばっちいもん」;;;<0569> Je ne te prends pas pour un imbécile. C'est juste qu'elle est crade.
<0570> \{\m{A}}「つれないことを言うなっ」;;;<0570> Pas besoin de dire des choses aussi cruelles !
<0571> \{\m{A}}「じゃない、ふざけるなっ」;;;<0571> J'veux dire, arrête de te moquer de moi !
<0572> \{\m{A}}「誰がこんなもんをくれと言ったっ」;;;<0572> Je t'ai jamais demandé ça.
<0573> \{みちる}「んにゅ？ちがった？」;;;<0573> Nnyu ? C'était pas ça ?
<0574> \{\m{A}}「人形を返せと、はっきり言っただろうがっ」;;;<0574> Je t'ai clairement demandé de me rendre ma marionnette.
<0575> \{みちる}「むぅ…そうだったかな」;;;<0575> Muu... C'est vrai que tu as dit ça.
<0576> \{\m{A}}「そうだったのだったっ」;;;<0576> C'est vrai qu'il est vrai que j'ai dit ça.
<0577> …なんか、言葉遣いがおかしいぞ、俺。;;;<0577> ... J'avais dit quelque de bizarre, non ?
<0578> \{みちる}「んじゃあ、そのボルトと交換ということで」;;;<0578> Ben t'as qu'à me l'échanger contre ce boulon.
<0579> \{\m{A}}「おまえの瞳は何万だっ」;;;<0579> Combien de millions coûtent des yeux ?
<0580> \{みちる}「なにそれ」;;;<0580> Qu'est-ce que tu racontes ?
<0581> …俺も知らない。;;;<0581> ... Moi non plus.
<0582> \{\m{A}}「って、話をそらすなっ」;;;<0582> Hé, détourne pas la conversation !
<0583> \{みちる}「んにゅぅ～～。\m{B}\m{A}は、さっきから怒ってばっかりだ」;;;<0583> Nyuu~~~. \m{B}\m{A}, tu ne fais que t'énerver depuis tout à l'heure.
<0584> \{みちる}「そんなに怒るとハゲちゃうよ」;;;<0584> Tu vas devenir chauve si tu continues.
<0585> \{\m{A}}「………」;;;<0585> .........
<0586> それは嫌だ。;;;<0586> Tout sauf ça.
<0587> \{\m{A}}「いい子だから人形を返しなさい」;;;<0587> T'es une fille sage ? Alors rends-moi ma marionnette.
<0588> 優しく言ってみた。;;;<0588> demandai-je gentiment.
<0589> \{みちる}「いやプ～～～」;;;<0589> Nan-na-nère~~~.
<0590> \{\m{A}}「てめえーーーーーーっ！！！」;;;<0590> Espèce de—————— !!!!
<0591> 髪の毛が、三本ぬけた。;;;<0591> Je venais de perdre trois cheveux.
<0592> \{みちる}「にゃはははは」;;;<0592> Nyahahahaha !
<0593> 再びみちるが駆け出す。;;;<0593> Michiru décampa de nouveau.
<0594> \{\m{A}}「待てっ、こらっ！」;;;<0594> Attends ! Hé !
<0595> \{みちる}「またないよーーーだっ」;;;<0595> Tu peux toujours courir !!!!
<0596> ぱたぱたぱた。;;;<0596> \bClop clop clop\u.
<0597> ぼふっ！\shake{1};;;<0597> \bBam\u !! \shake{1}
<0598> \{みちる}「んにっ！？」;;;<0598> Hmmnni !!?
<0599> 駆けだした途端、人にぶつかった。;;;<0599> Ella avait foncé dans quelqu'un.
<0600> \{声}「…あらあら…ずいぶんと賑やかですこと…」;;;<0600> ... Oh... Mais je vois l'on s'amuse bien...
<0601> \{\m{A}}（マダム？）;;;<0601> Une dame de la haute ?
<0602> \{みちる}「あっ」;;;<0602> Ah !
<0603> \{美凪}「…こんにちは…お二人さん」;;;<0603> ... Bonjour... à vous autres deux personnes.
<0604> マダムじゃなかった。;;;<0604> Ce n'était pas une dame de la haute ?
<0605> \{\m{A}}（また、妙な登場パターンをマスターしてやがる…）;;;<0605> Elle avait appris une nouvelle drôle de manière d'entrer en scène...
<0606> \{美凪}「…\m{B}さん」;;;<0606> ... \m{B}-san.
<0607> \{\m{A}}「おう、こんにち…」;;;<0607> Ah, bon...
<0608> \{美凪}「…昨日は…寂しかったです」;;;<0608> ... Je me suis sentie bien seule... hier.
<0609> \{\m{A}}「は…？」;;;<0609> Ha...?
<0610> \{美凪}「………」;;;<0610> .........
<0611> \{\m{A}}「…？」;;;<0611> ...?
<0612> \{美凪}「………」;;;<0612> .........
<0613> \{美凪}「…お弁当…」;;;<0613> ... Le bentō...
<0614> \{\m{A}}「あ…」;;;<0614> Ah...
<0615> 霧島診療所でのソーメンですっかり忘れていた。;;;<0615> J'avais oublié parce que j'étais en train de manger des sōmens à la Clinique Kirishima.
<0616> ひょっとして、遠野はあの堤防で俺が来るのをずっと待っていたんだろうか。;;;<0616> Ne me dites pas sue Tohno avait passé tout ce temps à m'attendre à la digue ?
<0617> \{美凪}「…次から気をつけて下さいね」;;;<0617> ... Faites attention la prochaine fois, d'accord ?
<0618> \{\m{A}}「すまん…」;;;<0618> Pardon...
<0619> ここは素直に謝っておく。;;;<0619> J'étais obligé de m'excuser sincèrement.
<0620> \{みちる}「こんにちはー、美凪さーん」;;;<0620> Bonjour—, Minagi-san !
<0621> 俺といるときとはうって変わった少女の笑顔。;;;<0621> Elle était tout sourire, tout le contraire de quand elle me parlait.
<0622> \{美凪}「…こんにちは…みちるさん」;;;<0622> ... Bonjour... Michiru-san.
<0623> 優しくみちるの頭を撫でる。;;;<0623> Elle caressa gentiment la tête de Michiru.
<0624> \{みちる}「へへ～」;;;<0624> Héhé~.
<0625> \{みちる}「今日はもういいの？」;;;<0625> C'est tout bon, pour aujourd'hui ?
<0626> \{美凪}「…うん」;;;<0626> ... Oui.
<0627> \{みちる}「そっか。んじゃあ、あそぼっ」;;;<0627> Ok. Alors, amusons-nous !
<0628> \{美凪}「…うん…いっぱい遊ぼう」;;;<0628> ... Oui... Amusons-nous.
<0629> 商談成立。;;;<0629> Les négotiations étaient terminées.
<0630> \{\m{A}}「待て待てーい」;;;<0630> Attendez un peu.
<0631> \{みちる}「なに？悪代官」;;;<0631> Un problème, Monsieur l'agent de mes deux ?*
<0632> \{\m{A}}「誰が悪代官だっ」;;;<0632> C'est qui qu't'appelles un 'agent de mes deux' ?!
<0633> \{美凪}「…悪代官……」;;;<0633> ... Agent de mes deux......
<0634> …復唱しないでほしい。;;;<0634> Tu pourrais pas arrêter de répéter ce qu'elle dit ?
<0635> \{\m{A}}「遊ぶのは勝手だが、その前に俺の人形を返せ」;;;<0635> Amusez-vous si ça vouc chante. Mais avant ça, rendez-moi ma marionnette.
<0636> \{みちる}「やだ」;;;<0636> Nan.
<0637> \{\m{A}}「返せよっ」;;;<0637> Rends-la !
<0638> \{みちる}「やだもんっ、ぷいっ」;;;<0638> J'ai dit nan ! Na-na-nère !
<0639> \{\m{A}}「お、おまえなぁ…」;;;<0639> E-Espèce de...
<0640> いい加減、本気で腹が立ってきた。;;;<0640> Elle commençait vraiment à me taper sur le système.
<0641> \{美凪}「…人形？」;;;<0641> ... Marionnette ?
<0642> \{\m{A}}「ん？ああ。いちおう大事なものなんだが、それを」;;;<0642> Hmn ? Ouais. J'y tiens pas mal.
<0643> \{\m{A}}「こいつが盗みやがったっ」;;;<0643> Et cette gamine me l'a volée !
<0644> びしっ、と音をたててみちるを指さす。;;;<0644> Je pointai alors Michiru du doigt en claquant ma langue.
<0645> \{美凪}「…本当？」;;;<0645> ... Est-ce vrai ?
<0646> \{みちる}「ち、ちがうよ、べつに盗んだわけじゃないもん」;;;<0646> M-Mais non. Je l'ai pas vraiment volée.
<0647> \{みちる}「あまりにもかわいそうだったから、みちるがたすけてあげたんだよ」;;;<0647> C'est qu'elle avait l'air tellement misérable, alors je l'ai récupérée pour l'aider un peu.
<0648> \{美凪}「………」;;;<0648> .........
<0649> \{美凪}「…こう言ってますが」;;;<0649> ... Tout est dit.
<0650> \{\m{A}}「いい加減なことを言うな」;;;<0650> Arrête de dire n'importe quoi.
<0651> \{\m{A}}「だいいち、俺は人形を不幸にしたおぼえなどない」;;;<0651> Tout d'abord, je ne me rappelle pas avoir causé du tort à ma marionnette.
<0652> \{美凪}「………」;;;<0652> .........
<0653> \{美凪}「…反論は？」;;;<0653> ... Qu'avez-vous à dire pour votre défense ?
<0654> \{みちる}「だってだって、めちゃくちゃばっちかったんだもん」;;;<0654> Mais, mais, elle était toute crade et tout...
<0655> \{みちる}「美凪もみてよ、これ」;;;<0655> Minagi, regarde ça.
<0656> みちるは、遠野の前に人形をさしだした。;;;<0656> Michiru fit voir ma marionnette à Tohno.
<0657> \{美凪}「………」;;;<0657> .........
<0658> \{美凪}「………」;;;<0658> .........
<0659> \{美凪}「………」;;;<0659> .........
<0660> \{美凪}「………」;;;<0660> .........
<0661> \{美凪}「…うわ」;;;<0661> ... Uwah.
<0662> 豊かな表現力だった。;;;<0662> Quelle expressivité...
<0663> \{美凪}「…みちるの勝ち」;;;<0663> ... La victoire revient à Michiru.
<0664> \{みちる}「やったーーーっ、ばんざーーーいっ」;;;<0664> Youpiiii ! Hourraaaaa !
<0665> ぴょこぴょこ飛び跳ねる。;;;<0665> Elle se mit à faire des bonds.
<0666> \{\m{A}}「ばんざーーーいっ、じゃないっ」;;;<0666> Pas de 'hourraaaaa !' avec moi !
<0667> \{\m{A}}「勝手に勝敗を決めるなっ」;;;<0667> Et c'est pas à toi de décider du gagnant !
<0668> 少女の歓喜に水を差す。;;;<0668> Je mis un coup de frein à son enthousiasme.
<0669> \{美凪}「…でも…この汚さは尋常じゃないです」;;;<0669> ... Mais... ce n'est pas rien, comme crasse.
<0670> \{\m{A}}「そこまでのものじゃないだろうがっ」;;;<0670> Elle est pas \bsi\u crade, hein ?
<0671> ぐいっ。;;;<0671> \bSaisis\u.
<0672> \{みちる}「にょわっ」;;;<0672> Nyowah !
<0673> 言いながら、俺はみちるの手から人形を奪い取った。;;;<0673> Au beau milieu de ma phrase, j'avais arraché la marionnette des mains de Michiru.
<0674> えらくあっさりと奪い取れたものだ。;;;<0674> Et ce sans la moindre difficulté.
<0675> \{\m{A}}（はじめから、こうしておけばよかった…）;;;<0675> J'aurais dû faire ça depuis le début...
<0676> 後悔しつつ、俺は人形を見やった。;;;<0676> Tout en regrettant cela, je jetai un œil à ma marionnette.
<0677> \{\m{A}}「………」;;;<0677> .........
<0678> \{\m{A}}「きったねぇ人形…」;;;<0678> Qu'elle est sale, cette marionnette...
<0679> …はっ！？しまった！つい本音が出てしまった。;;;<0679> ... Ha !!? Zut ! J'ai dit tout haut ce que je pensais !
<0680> \{みちる}「でしょ？」;;;<0680> N'est-ce pas ?
<0681> \{みちる}「だから、みちるがきれいにしてあげようと思って」;;;<0681> C'est pour ça que je voulais la nettoyer.
<0682> \{美凪}「…なるほど」;;;<0682> ... Je comprends.
<0683> \{\m{A}}「納得するなよ」;;;<0683> Arrête d'être d'accord avec elle.
<0684> \{美凪}「…そう？」;;;<0684> ... Ah ?
<0685> \{\m{A}}「どんな理由があろうと、ひとのものをとるのは泥棒だぞ」;;;<0685> Peu importe l'excuse, prendre les affaires des gens, c'est du vol.
<0686> \{みちる}「むぅ…」;;;<0686> Muu...
<0687> \{みちる}「みちる、ドロボウじゃないもんっ」;;;<0687> Je suis pas une voleuse !
<0688> \{\m{A}}「いいや。泥棒だ」;;;<0688> Si. T'es une voleuse.
<0689> \{みちる}「ちがうもんっ！」;;;<0689> C'est pas vrai !!
<0690> \{\m{A}}「泥棒」;;;<0690> Voleuse.
<0691> \{みちる}「うぅぅ…」;;;<0691> Uuu...
<0692> もはや涙目だった。;;;<0692> Ça avait suffi à la mettre au bord des larmes.
<0693> 今回のところは、これぐらいで勘弁してやるか。;;;<0693> Je choisis d'être clément et de la laisser en paix pour cette fois.
<0694> \{\m{A}}「と、いうわけで、人形は返してもらうぞ」;;;<0694> Bref, la marionnette reste donc avec moi.
<0695> \{みちる}「うぅ…どういうわけよぉ…」;;;<0695> Uu... C'est quoi la logique derrière ce 'donc'...?
<0696> \{美凪}「………」;;;<0696> .........
<0697> \{美凪}「…あの…\m{B}さん」;;;<0697> ... Pardon... \m{B}-san.
<0698> \{\m{A}}「なんだ」;;;<0698> Quoi ?
<0699> \{美凪}「…その人形…きれいにしたくはありませんか」;;;<0699> ... Cette marionnette... Vous aimeriez qu'elle soit propre ?
<0700> \{\m{A}}「ん？そりゃあ、きれいに越したことはないが…」;;;<0700> Hmn ? Ben, ce serait mieux si elle était propre, forcément...
<0701> \{美凪}「…ですね」;;;<0701> ... Je vois.
<0702> \{\m{A}}「ああ」;;;<0702> Ouais.
<0703> \{美凪}「…では…私がきれいにしてさしあげましょう」;;;<0703> ... Dans ce cas, laissez-moi prendre soin d'elle.
<0704> \{\m{A}}「いや、べつにさしあげられなくても…」;;;<0704> Nan, pas besoin de ça...
<0705> \{美凪}「…人形…かしてみてください」;;;<0705> ... Votre marionnette... prêtez-la-moi, s'il vous plaît.
<0706> すっ、と右手を差し出す。;;;<0706> Elle tendit sa main droite.
<0707> 人形を渡す;;;<0707> Lui confier la marionnette
<0708> 人形を渡さない;;;<0708> Ne pas lui confier la marionnette
<0709> \{\m{A}}「ああ…」;;;<0709> Ok...
<0710> 吸い込まれるように、その手に人形を渡す。;;;<0710> Je lui tendis la marionnette, comme si celle-ci avait été happée.
<0711> \{美凪}「………」;;;<0711> .........
<0712> \{美凪}「…じゃん」;;;<0712> ... Tada.
<0713> と、遠野は裁縫道具を取りだした。;;;<0713> Dit-elle en exhibant un nécessaire à couture.
<0714> \{\m{A}}「どこに隠し持ってたんだ、そんなもんっ」;;;<0714> Où est-ce que tu cachais ce truc ?!
<0715> 一応ツッコんでおく。;;;<0715> dis-je sur le ton de la plaisanterie.
<0716> \{美凪}「…とりあえず…この目がいただけません」;;;<0716> ... En premier lieu... Cet œil ne va pas.
<0717> …やっぱり無視された。;;;<0717> ... Et bien sûr, elle m'ignora.
<0718> \{美凪}「…たしか…パッチワーク用の布があったと思いますが…」;;;<0718> ... 
<0719> ごそごそ…;;;<0719> \bFouille fouille\u...
<0720> \{\m{A}}「ど、どこをごそごそしてるんだ…おまえ」;;;<0720> Mais dans quoi t'es en train de fouiller, là ?
<0721> \{美凪}「………」;;;<0721> .........
<0722> ごそごそごそ…;;;<0722> \bFouille fouille fouille\u...
<0723> …ごそごそごそ…;;;<0723> ... \bFouille fouille fouille\u...
<0724> ごそごそごそ…;;;<0724> \bFouille fouille fouille\u...
<0725> …ぴたっ。;;;<0725> ... \bHop\u.
<0726> \{美凪}「…発見」;;;<0726> ... Trouvé.
<0727> \{美凪}「…じゃじゃん」;;;<0727> ... Ta-tada.
<0728> と、布が眼前にあらわれた。;;;<0728> Un bout de tissu était apparu devant mes yeux.
<0729> 俺の法術なんかより、よっぽどすげぇ。;;;<0729> Ce truc était beaucoup plus impressionnant que mon Houjutsu.
<0730> \{\m{A}}「ラーメンセットも頼む」;;;<0730> Un rāmen, s'il te plaît.
<0731> \{美凪}「…はい？」;;;<0731> ... Plaît-il ?
<0732> \{\m{A}}「…いや、なんでもない」;;;<0732> ... Nan, rien.
<0733> \{美凪}「…？」;;;<0733> ...?
<0734> どうやら、なんでも出せるわけではないようだ。;;;<0734> Apparemment, elle n'était pas non plus capable de faire apparaître n'importe quoi à sa guise.
<0735> 次からは、ものを選んでから頼もう。;;;<0735> La prochaine fois, je réfléchirai davantage à ce que je lui demanderai.
<0736> \{美凪}「…では…この布で目をつくります」;;;<0736> ... Sur ce... Je vais fabriquer un œil avec ce tissu.
<0737> \{美凪}「…よろしいですか？」;;;<0737> ... Cela vous convient-il ?
<0738> \{\m{A}}「ああ、よろしい」;;;<0738> Ouais, ça me va.
<0739> \{美凪}「…では…はじめます」;;;<0739> ... Eh bien... Commençons.
<0740> じょきじょき…;;;<0740> \bCoupe coupe\u...
<0741> 布を人形の目の大きさにあわせて切り取る。;;;<0741> Elle découpa un bout de tissu dont la taille correspondait à celle des yeux de ma marionnette.
<0742> ぴとっ。;;;<0742> \bPlop\u !
<0743> それを人形の顔に張りつける。;;;<0743> Puis elle le fixa sur le visage de cette dernière.
<0744> ちくちく…;;;<0744> \bFwip fwip\u...
<0745> 縫いつける。;;;<0745> Et le cousit.
<0746> \{美凪}「…完成」;;;<0746> ... Terminé.
<0747> 早い。;;;<0747> C'était rapide.
<0748> \{\m{A}}「ほぉ…大した手際だな」;;;<0748> Hoo... Tu te débrouilles pas mal.
<0749> \{美凪}「………」;;;<0749> .........
<0750> \{美凪}「…ぽ」;;;<0750> \bPouf\u.
<0751> 照れた。;;;<0751> Elle rougit.
<0752> \{\m{A}}「じゃ、その調子でカツ丼セットも頼む」;;;<0752> Bon, tant que t'y es, tu pourrais me sortir un katsudon ?
<0753> \{美凪}「…はい？」;;;<0753> ... Pardon ?
<0754> これも無理なようだ。残念。;;;<0754> Ça non plus, ce n'étais pas possible. Dommage.
<0755> \{美凪}「…ついでに…中の綿も入れ替えておきましょうか」;;;<0755> ... Au fait... Devrais-je aussi remplacer le coton à l'intérieur ?
<0756> \{\m{A}}「そうだな。頼む」;;;<0756> Bonne idée. Je t'en prie.
<0757> \{美凪}「…はい」;;;<0757> ... Soit.
<0758> じょきじょき…;;;<0758> \bCoupe coupe\u...
<0759> 人形のわきにある縫い目をほどく。;;;<0759> Elle coupa la couture sous le bras de la marionnette.
<0760> しゅぽっ。;;;<0760> \bFwop\u !
<0761> 中に詰まっていた、硬い綿を抜き取る。;;;<0761> Puis retira tout le coton durcit qui se trouvait dedans.
<0762> ぎゅっ、ぎゅっ。;;;<0762> \bRemplit\u, \bRemplit\u !
<0763> 新しい綿を詰めこむ。;;;<0763> Et la remplit avec du nouveau coton .
<0764> ちくちく…;;;<0764> \bFwip fwip\u...
<0765> 縫いつける。;;;<0765> Puis la recousit.
<0766> \{美凪}「…完成」;;;<0766> ... Terminé.
<0767> \{\m{A}}「すばらしい」;;;<0767> Impressionnant.
<0768> \{\m{A}}「じゃ、五目焼きそばセットを頼む」;;;<0768> Alors, un yakisoba mixte, s'il te plaît.
<0769> \{美凪}「…はい？」;;;<0769> ... Pardon ?
<0770> …これもだめか。;;;<0770> ... Ça non plus.
<0771> なら、試しにこれはどうだろう。;;;<0771> Dans ce cas, essayons ça :
<0772> \{\m{A}}「お米券を…」;;;<0772> Un coupon de riz...
<0773> \{美凪}「…どうぞ」;;;<0773> ... Voici.
<0774> 速攻で出てきた。;;;<0774> Elle en avait sorti un en moins de temps qu'il n'en fallut pour le dire.
<0775> 二枚目獲得;;;<0775> Deuxième coupon : obtenu.
<0776> 四枚目獲得。;;;<0776> Quatrième coupon : obtenu.
<0777> \{\m{A}}（ひゃっほーーー、ラッキーーー）;;;<0777> Waouh !!! Quelle chance !!!
<0778> 無理矢理、喜んでみた。心の中で;;;<0778> Je me forçai à crier mon bonheur. Dans ma tête.
<0779> \{\m{A}}（………）;;;<0779> .........
<0780> \{\m{A}}（さむいぞ…）;;;<0780> C'était bien triste...
<0781> \{美凪}「…どうかしましたか」;;;<0781> ... Quelque chose ne va pas ?
<0782> \{\m{A}}「…いや、なんでもない」;;;<0782> ... Nan, rien de rien.
<0783> \{美凪}「…？」;;;<0783> ...?
<0784> 俺は黙ってお米券を受け取り、ポケットの中にしまった。;;;<0784> J'acceptai le coupon de riz en silence et le rangeai dans ma poche.
<0785> \{みちる}「あ～～～、いいなあ～～～」;;;<0785> Ah~~~, y en a qui on de la chance~~~...
<0786> \{\m{A}}「なにがだ」;;;<0786> Pourquoi ça ?
<0787> \{みちる}「みちるもほしいっ！」;;;<0787> Moi aussi j'en veux !
<0788> \{美凪}「…お米券？」;;;<0788> ... Des coupons de riz ?
<0789> \{みちる}「うんっ！お米店っ！」;;;<0789> Oui ! Un camion de riz !! *
<0790> \{\m{A}}（…それは贅沢だな）;;;<0790> ... Quels goûts de luxe.
<0791> \{美凪}「…じゃあ…あげる」;;;<0791> ... Dans ce cas... C'est pour toi :
<0792> \{\m{A}}（…経営者なのだろうか）;;;<0792> ... C'est elle, le propriétaire ?
<0793> \{みちる}「ほんとっ！」;;;<0793> Vraiment !!?
<0794> \{美凪}「…うん」;;;<0794> ... Oui.
<0795> ごそごそ…;;;<0795> \bFouille fouille\u...
<0796> \{美凪}「…はい…進呈」;;;<0796> ... Tiens... Cadeau.
<0797> ポケットから白い封筒を取り出す。;;;<0797> Elle avait sorti une enveloppe blanche de sa poche.
<0798> \{みちる}「やったーーーっ！しんてーーーーっ！」;;;<0798> Youpiiii !! Un cadeau !!!!!!
<0799> 封筒を受け取り、小躍りする。;;;<0799> Elle récupéra l'enveloppe puis se mit à sauter de joie.
<0800> \{美凪}「………」;;;<0800> .........
<0801> 遠野は、そんなみちるの姿を満足そうに眺めている。;;;<0801> Tohno contempla cela l'air satisfait.
<0802> \{\m{A}}「なあ、ひとつ訊いてもいいか」;;;<0802> Hé, j'ai une question.
<0803> \{美凪}「…はい？」;;;<0803> ... Oui ?
<0804> \{\m{A}}「お前、何枚持ってるんだよ。お米券」;;;<0804> T'en as combien , des coupons de riz ?
<0805> \{美凪}「………」;;;<0805> .........
<0806> \{美凪}「およそ９６枚」;;;<0806> Environ quatre-vingt-seize.
<0807> \{\m{A}}「…そうか」;;;<0807> ... Je vois.
<0808> ちゃんと持っている数を把握しているらしい。;;;<0808> Elle savait exactement combien elle en transportait.
<0809> 前より増えている…。;;;<0809> Leur nombre a augmenté...
<0810> \{美凪}「………」;;;<0810> .........
<0811> \{美凪}「…そんなことより」;;;<0811> ... En outre...
<0812> ずいっと前に出てくる。;;;<0812> Elle fit un pas décidé en avant.
<0813> \{\m{A}}「ん？」;;;<0813> Hmn ?
<0814> \{美凪}「………」;;;<0814> .........
<0815> ちくちくちく…;;;<0815> \bFwip fwip fwip\u...
<0816> \{美凪}「…どうぞ」;;;<0816> ... Voici.
<0817> \{美凪}「…これできれい…お人形」;;;<0817> ... C'est maintenant... une bien jolie marionnette.
<0818> 最後に細かい補修をしてから、遠野が人形を差し出す。;;;<0818> Après quelques petits ajustements finaux, Tohno me rendit ma marionnette.
<0819> \{\m{A}}「ああ、サンキュ」;;;<0819> Ah, ouais, merci.
<0820> 人形を受け取り、しげしげと眺めてみた。;;;<0820> J'acceptai la marionnette et l'inspectai.
<0821> 美しい…。;;;<0821> Magnifique...
<0822> まるで、ちがう人形のようだ。;;;<0822> Au point qu'on aurait dit que ce fût une autre marionnette.
<0823> \{\m{A}}「って、なんだ、この乙女チックな服は」;;;<0823> Hé, c'est quoi cette tenue girly ?
<0824> 人形は、ひらひらのついたピンク色の服を着ていた。;;;<0824> Elle portait maintenant un ensemble rose à froufrous.
<0825> 実に雅である。;;;<0825> Plutôt élégant, à vrai dire.
<0826> \{美凪}「………」;;;<0826> .........
<0827> \{美凪}「…かわいいかと思って」;;;<0827> ... Je me suis dit qu'elle serait mignonne, comme ça.
<0828> \{\m{A}}「お、俺の相棒が…」;;;<0828> Ooh, ma pauvre partenaire...
<0829> ますます奇怪な姿になってゆく…。;;;<0829> Elle avait pris une apparence bien étrange.
<0830> \{美凪}「…これなら…お子様たちの心もゲット」;;;<0830> ... Maintenant... Elle captivera les cœurs des enfants.
<0831> \{\m{A}}「………」;;;<0831> .........
<0832> きゅぴーん！と音が出るほどの目つきで遠野を見る。;;;<0832> Je regardai alors Tohno dans les yeux avec une intensité presque audible.
<0833> \{\m{A}}「マジか」;;;<0833> Sérieux ?
<0834> \{美凪}「………」;;;<0834> .........
<0835> 心なし、神妙な面もちで、こくりとうなずく。;;;<0835> Elle acquiesça, l'air solennel.
<0836> \{\m{A}}（本当にマジなのか…？）;;;<0836> Sérieux pour de vrai...?
<0837> \{みちる}「にょわ～、かわいくなったねぇ～」;;;<0837> Nyowah~, Elle est tellement jolie maintenant~.
<0838> 遠野の横から、みちるが人形をのぞきこんできた。;;;<0838> À côté de Tohno, Michiru était en train de jeter un coup d'œil à la marionnette.
<0839> \{みちる}「へへ～」;;;<0839> Héhé~.
<0840> \{\m{A}}「………」;;;<0840> .........
<0841> なるほど。;;;<0841> Effectivement
<0842> 確かに、お子さまの心をゲットしている。;;;<0842> Indéniablement, elle captiverait les cœurs des enfants.
<0843> と、言うか…。;;;<0843> Cela dit...
<0844> \{\m{A}}「まだいたのか、おまえ」;;;<0844> T'es encore là, toi ?
<0845> がすっ！\shake{7};;;<0845> \bBam\u !! \shake{7}
<0846> \{\m{A}}「ぐはっ」;;;<0846> Argh !
<0847> \{みちる}「いたらわるいかーーーっ」;;;<0847> Ça t'dérange que j'sois là !!!?
<0848> \{\m{A}}「うぐぐ…」;;;<0848> Geh...
<0849> 今度の蹴りは、胃袋を直撃した。;;;<0849> Cette fois, son coup de pied avait frappé en plein dans mon estomac.
<0850> \{美凪}「…大丈夫ですか…\m{B}さん」;;;<0850> ... Est-ce que vous allez bien... \m{B}-san ?
<0851> 苦しみもだえる俺をよそに、遠野はえらく冷静だった。;;;<0851> En contraste avec ma douleur, Tohno était affreusement calme.
<0852> \{\m{A}}「い、いちおうな…」;;;<0852> À-À peu près...
<0853> \{美凪}「………」;;;<0853> .........
<0854> \{美凪}「…みちる…手加減はしてあげないと」;;;<0854> ... Michiru... Tu devrais y aller plus doucement.
<0855> そういう問題じゃない。;;;<0855> Ce n'était pas ça le problème.
<0856> \{みちる}「だってだって、こいつがムカツクこというんだもん」;;;<0856> Mais euh, mais euh, il arrête pas de dire des trucs pour m'embêter.
<0857> \{美凪}「…そう？」;;;<0857> ... Ah bon ?
<0858> \{みちる}「うんっ」;;;<0858> Oui !
<0859> スッと人形をお尻の後ろに隠す。;;;<0859> D'un geste rapide, je dissimulai la marionnette derrière mes fesses.
<0860> \{美凪}「…？」;;;<0860> ...?
<0861> \{\m{A}}「この人形はこのままでいい」;;;<0861> Elle me va très bien comme ça.
<0862> \{美凪}「………」;;;<0862> .........
<0863> 哀しそうに目を細める。;;;<0863> Elle baissa les yeux, l'air affligé.
<0864> \{みちる}「こらーーっ！！」;;;<0864> Hééé !!!
<0865> どごっ！\shake{7};;;<0865> \bPaf\u !! \shake{7}
<0866> \{\m{A}}「ぐはっ」;;;<0866> Argh !
<0867> キレのいいヘッドバッドがみぞおちにめり込む。;;;<0867> Elle m'assena un coup de boule parfait en plein dans le plexus solaire.
<0868> \{みちる}「美凪のこういをムダにするなー！」;;;<0868> Ne rejette pas l'aide de Minagi— !
<0869> \{みちる}「だいたい\m{B}\m{A}は…」;;;<0869> Franchement, \m{B}\m{A}, t'es...
<0870> だんだんフェードアウトしていく意識。;;;<0870> Je me sentis peu à peu défailler.
<0871> ガキが何かを言っているようだが、痛みのせいでよく聞こえなかった。;;;<0871> La gamine était en train de raconter quelque chose, mais ma douleur m'empêchait de saisir ce qu'elle disait.
<0872> そして意識が途絶えた。;;;<0872> Puis je perdis connaissance.
<0873> ………。;;;<0873> ..........
<0874> ……。;;;<0874> .......
<0875> …。;;;<0875> ....
<0876> 次に目を醒ましたとき、最初に目に飛び込んできたのは変わり果てた人形の姿だった。;;;<0876> Quand je rouvris les yeux, une chose me sauta immédiatement aux yeux : ma marionnette avait été complètement transformée.
<0877> \{\m{A}}「………」;;;<0877> .........
<0878> ぐうの音も出ない…。;;;<0878> Les mots me manquaient...
<0879> \{みちる}「んにゅ？  目がさめた？」;;;<0879> Nnyu ? T'es réveillé ?
<0880> \{美凪}「…蘇生完了」;;;<0880> ... Résurrection : complète.
<0881> \{みちる}「\m{B}\m{A}ー、もっとからだをきたえなきゃだめだよー」;;;<0881> \m{B}\m{A}—, faut encore que tu t'endurcisses.
<0882> \{\m{A}}「………」;;;<0882> .........
<0883> 俺は震える手で人形をつかむ。;;;<0883> J'empoignai ma marionnette d'une main tremblante.
<0884> 美しい…。;;;<0884> Magnifique...
<0885> まるで、ちがう人形のようだ。;;;<0885> Au point qu'on aurait dit que ce fût une autre marionnette.
<0886> ひらひらのついたピンク色の服を着ている。;;;<0886> Elle portait maintenant un ensemble rose à froufrous.
<0887> とても乙女チック…。;;;<0887> Très girly, comme style...
<0888> 実に雅である。;;;<0888> En vérité, c'était plutôt élégant.
<0889> \{\m{A}}「…こ、これは…？」;;;<0889> ... Q-Qu'est-ce que...
<0890> 本当に俺の人形なのか…？;;;<0890> Était-ce vraiment ma marionnette...?
<0891> 喉の奥から絞り出すように呟く。;;;<0891> demandai-je dans un râle, ma gorge coincée.
<0892> \{美凪}「…綺麗…」;;;<0892> ... Tellement belle...
<0893> それは認める…。;;;<0893> Jusque là, je suis d'accord...
<0894> \{美凪}「…これなら…お子様たちの心もゲット」;;;<0894> ... Maintenant... Elle captivera les cœurs des enfants.
<0895> \{\m{A}}「………」;;;<0895> .........
<0896> きゅぴーん！と音が出るほどの目つきで遠野を見る。;;;<0896> Je regardai alors Tohno dans les yeux avec une intensité presque audible.
<0897> \{\m{A}}「マジか」;;;<0897> Sérieux ?
<0898> \{美凪}「………」;;;<0898> .........
<0899> 心なし、神妙な面もちで、こくりとうなずく。;;;<0899> Elle acquiesça, l'air solennel.
<0900> \{\m{A}}（本当にマジなのか…？）;;;<0900> Sérieux pour de vrai...?
<0901> \{みちる}「にょわ～、かわいくなったねぇ～」;;;<0901> Nyowah~, Elle est tellement jolie maintenant~.
<0902> 遠野の横から、みちるが人形を見つめながら言う。;;;<0902> À côté de Tohno, Michiru était en train de jeter un coup d'œil à la marionnette.
<0903> \{みちる}「へへ～」;;;<0903> Héhé~.
<0904> \{\m{A}}「………」;;;<0904> .........
<0905> なるほど。;;;<0905> Effectivement.
<0906> 確かに、お子さまの心をゲットしている。;;;<0906> Indéniablement, elle captiverait les cœurs des enfants.
<0907> と、言うか…。;;;<0907> Cela dit...
<0908> ぽかっ！\shake{1};;;<0908> \bPaf\u !! \shake{1}
<0909> \{みちる}「にょひっ！」;;;<0909> Nyohi !!
<0910> みぞおちの恨みを返しておく。;;;<0910> Je lui rendis la pareil pour ce qu'elle avait infligé à mon plexus solaire.
<0911> \{みちる}「いきなりなにすんだ\m{B}\m{A}っ！」;;;<0911> Qu'est-ce qui te prend, \m{B}\m{A} !!
<0912> 頭をさすりながら睨んでくる。;;;<0912> Elle me fixait d'un regard mauvais, en se massant la tête pour soulager la douleur.
<0913> \{\m{A}}「ふん…」;;;<0913> Hmph...
<0914> \{みちる}「んにゅぅ～～～」;;;<0914> Nnyuu~~~.
<0915> \{みちる}「えいっ！」;;;<0915> Hop !!
<0916> がすっ！\shake{7};;;<0916> \bPaf\u ! \shake{7}
<0917> \{\m{A}}「ぐはっ」;;;<0917> Argh !
<0918> 目を逸らした一瞬のスキをつかれた。;;;<0918> J'avais détourné mon regard pendant un bref instant, et elle avait saisi l'occasion.
<0919> \{みちる}「むしすんなぁーーーっ」;;;<0919> Arrête de m'ignorer !!!
<0920> \{\m{A}}「うぐぐ…」;;;<0920> Uguguh...
<0921> 今度の蹴りは、胃袋を直撃した。;;;<0921> Cette fois, son coup de pied avait frappé en plein dans mon estomac.
<0922> \{美凪}「…大丈夫ですか…\m{B}さん」;;;<0922> ... Est-ce que vous allez bien... \m{B}-san ?
<0923> 苦しみもだえる俺をよそに、遠野はえらく冷静だった。;;;<0923> En contraste avec ma douleur, Tohno était affreusement calme.
<0924> \{\m{A}}「い、いちおうな…」;;;<0924> À-À peu près...
<0925> \{美凪}「………」;;;<0925> .........
<0926> \{美凪}「…みちる…手加減はしてあげないと」;;;<0926> ... Michiru... Tu devrais y aller plus doucement.
<0927> そういう問題じゃない。;;;<0927> Ce n'était pas ça le problème.
<0928> \{みちる}「だってだって、こいつがムカツクこというんだもん」;;;<0928> Mais euh, mais euh, il arrête pas de dire des trucs pour m'embêter.
<0929> \{美凪}「…そう？」;;;<0929> ... Ah bon ?
<0930> \{みちる}「うんっ」;;;<0930> Oui !
<0931> \{みちる}「だいたい、その歳で人形をもって歩いてるなんて、やっぱりヘンタイだよっ」;;;<0931> Et puis, c'est forcément un obsédé, s'il se promène avec une marionnette à son page !
<0932> えらい偏見だった。;;;<0932> Quel horrible préjugé.
<0933> \{美凪}「…持って歩いてるんですか？」;;;<0933> ... Est-ce que vous la gardez sur vous quand vous sortez ?
<0934> \{\m{A}}「ああ、まあな」;;;<0934> Bah ouais.
<0935> 正確には、ポケットにねじ込んでいるだけだが…。;;;<0935> Pour être précis, je la garde fourrée au fond de ma poche...
<0936> \{美凪}「………」;;;<0936> .........
<0937> \{美凪}「…なるほど」;;;<0937> ... Je vois.
<0938> \{\m{A}}「うん？」;;;<0938> Hmm ?
<0939> \{美凪}「…よほど大切な人形なんですね…いつも持ち歩いているなんて」;;;<0939> ... Elle doit être très importante pour vous... si vous l'avez toujours sur vous quand vous sortez.
<0940> \{\m{A}}「まあな」;;;<0940> Bah, c'est l'idée.
<0941> なにしろ、俺にとっては唯一の金蔓だ。;;;<0941> Quoi qu'on en dît, c'était ma source de revenus.
<0942> これがなければ、俺は最低限の稼ぎさえ手にすることができない。;;;<0942> Sans elle, je ne gagnerais même pas le minimum pour vivre.
<0943> それに…。;;;<0943> Et puis...
<0944> \{美凪}「…大切な思い出のカタチ」;;;<0944> ... Un corps plein de précieux souvenirs.
<0945> \{\m{A}}「え…」;;;<0945> Eh...?
<0946> 遠野の呟きに、思いが止まる。;;;<0946> Le murmure de Tohno m'avait interrompu alors que j'étais perdu dans mes pensées.
<0947> \{美凪}「…違いますか？」;;;<0947> ... Je me trompe ?
<0948> \{\m{A}}「………」;;;<0948> .........
<0949> 俺は、手の中の人形をじっと見つめる。;;;<0949> Je dévisageai la marionnette dans ma main.
<0950> \{\m{A}}「………」;;;<0950> .........
<0951> \{\m{A}}「…そうだな。そうかもしれない」;;;<0951> ... Non, c'est vrai. On peut dire ça.
<0952> 一瞬、俺の中を柔らかなものが通り過ぎた。;;;<0952> Pendant un instant, je me sentis traversé par un sentiment de tendresse.
<0953> 懐かしくてせつない、遠い何か…。;;;<0953> Par une nostalgie poignante et lointaine...
<0954> \{美凪}「そう…」;;;<0954> Je vois...
<0955> 呟く遠野の口元が、小さくゆるむ。;;;<0955> Les coins des lèvres de Tohno s'étaient légèrement écartés.
<0956> \{\m{A}}「ん？なにか、おかしなことを言ったか？」;;;<0956> Hmn ? J'ai dit quelque chose de bizarre ?
<0957> \{美凪}「…いいえ…言ってません」;;;<0957> ... Non... Rien de bizarre.
<0958> \{\m{A}}「なら、なんで笑うんだよ」;;;<0958> Alors qu'est-ce qui te fait sourire comme ça ?
<0959> \{美凪}「………」;;;<0959> .........
<0960> \{美凪}「…\m{B}さん…とても優しい顔をされました」;;;<0960> ... Vous... aviez une expression très douce sur le visage.
<0961> \{美凪}「…そのお人形の胸には…きっと幸せな思い出が抱かれているのですね…」;;;<0961> ... Dans le cœur de cette marionnette... se trouvent certainement de très heureux souvenirs...
<0962> \{\m{A}}「………」;;;<0962> .........
<0963> 遠野の声に、過去の光景を思い浮かべてみる。;;;<0963> Ce qu'elle avait dit fit ressurgir en moi des images du passé.
<0964> でも、確実に思い出されるものは苦い光景ばかり。;;;<0964> Mais tous ces souvenirs étaient amers.
<0965> 思い出は、いつも手の届かない空と同じ色をしている。;;;<0965> Ils avaient la même couleur que le ciel que mes bras ne pouvaient atteindre.
<0966> 蒼く儚い色で、いつも透きとおっている。;;;<0966> Un bleu fugace, en permanence transparent.
<0967> でも…それでも…。;;;<0967> Mais... malgré tout...
<0968> \{\m{A}}「…それほどいいもんじゃないさ」;;;<0968> ... Rien d'aussi bien que ce que tu imagines.
<0969> 夏の空…。;;;<0969> Le ciel de l'été...
<0970> 俺は、あそこに辿り着こうと、いつも手を伸ばしている。;;;<0970> J'avais toujours tendu les bras pour chercher à l'atteindre.
<0971> 触れたいものが、あそこにはあって…。;;;<0971> C'était là que se trouvait ce que je ne pouvais toucher...
<0972> でも、手に触れるのは風の断片ばかりで…。;;;<0972> Tout ce que je pouvais toucher, c'étaient des fragments de vent...
<0973> \{\m{A}}「そう言えばな」;;;<0973> À ce propos...
<0974> ふと思い出すことがひとつ。;;;<0974> Quelque chose m'était venu à l'esprit.
<0975> \{\m{A}}「今朝、おまえのおふくろさんに会ったぞ」;;;<0975> Ce matin, j'ai croisé ta mère.
<0976> \{美凪}「え…」;;;<0976> Hein...?
<0977> \{\m{A}}「偶然知り合ったんだが、あの極悪医師に一緒にいるところを見られてな」;;;<0977> On s'est rencontrés par pur hasard, et cette médecin malfaisante nous a vus ensemble.
<0978> \{\m{A}}「後になって、そのひとがおまえのおふくろさんだって、教えてもらったんだよ」;;;<0978> Et un peu plus tard, elle m'a expliqué que ç'avait été ta mère.
<0979> \{美凪}「………」;;;<0979> .........
<0980> \{美凪}「…お母さん…？」;;;<0980> ... Ma mère...?
<0981> \{\m{A}}「ああ」;;;<0981> Ouais.
<0982> \{\m{A}}「良かったな。いいおふくろさんじゃないか」;;;<0982> Je suis content de savoir que ta mère est une bonne personne.
<0983> 『娘の喜ぶ顔を見られるなら、このくらいの苦労は平気なんです』;;;<0983> Cette épreuve n'est rien par rapport à la joie de voir son visage radieux.
<0984> あの時の、暖かな微笑みを思い出す。;;;<0984> Je me rappelai son sourire chaleureux quand elle avait dit ça.
<0985> 俺が持っていないもの…。;;;<0985> C'était là quelque chose que je n'avais pas...
<0986> 俺が遠い昔に忘れてきてしまったもの…。;;;<0986> Quelque chose d'oublié et laissé à un lointain passé...
<0987> \{\m{A}}「そういや、おふくろさん、どこか具合が悪いのか？」;;;<0987> Et d'ailleurs, elle va mal quelque part, ta mère ?
<0988> 聖の曇った顔を思い出し訊いてみる。;;;<0988> Je posai la question en repensant au visage de Hijiri qui s'était assombri.
<0989> \{\m{A}}「そういや、おふくろさん、どこか具合が悪いんだったな」;;;<0989> Et d'ailleurs, elle va mal quelque part, ta mère.
<0990> 俺が見た限り、とてもどこかが悪そうには見えなかったが…。;;;<0990> Enfin, du peu que je l'avais vue, rien ne semblait aller mal chez elle.
<0991> \{\m{A}}「大丈夫なのか？」;;;<0991> Elle va bien ?
<0992> \{\m{A}}「今朝も、ひとりで買い物をしていたが…」;;;<0992> Ce matin, elle faisait les courses toute seule...
<0993> \{美凪}「………」;;;<0993> .........
<0994> \{美凪}「平気です」;;;<0994> Tout va très bien.
<0995> 俺は、遠野美凪という名の少女を見ていた。;;;<0995> Je regardai cette jeune fille qui se nommait Tohno Minagi.
<0996> \{美凪}「…母は…病気ではありませんから」;;;<0996> ... Ma mère... n'est pas malade.
<0997> 呟くように発せられたのは、あの日と同じ言葉。;;;<0997> Elle répéta les mêmes mots que l'autre jour.
<0998> \{美凪}「…身体的には…なにも問題はありません」;;;<0998> ... Rien ne pose problème... au niveau de son corps...
<0999> \{\m{A}}「…どういう意味だ」;;;<0999> ... Qu'est-ce que tu veux dire par là ?
<1000> \{美凪}「………」;;;<1000> .........
<1001> \{美凪}「…こころ…」;;;<1001> ... C'est son cœur...
<1002> \{\m{A}}「心？」;;;<1002> Son cœur ?
<1003> 胸の奥に、なにかを感じる。;;;<1003> J'eus comme un pincement.
<1004> \{美凪}「…母は…夢を見てるんです」;;;<1004> ... Ma mère... rêve.
<1005> 夢…。;;;<1005> Un rêve...
<1006> そこにある夢…。;;;<1006> Un rêve qui existe là-bas...
<1007> 白き翼とともに見る夢…。;;;<1007> Un rêve d'ailes blanches...
<1008> 青き空に見る夢…。;;;<1008> Un rêve des cieux azurés...
<1009> \{美凪}「…あのひとにとって…夢は現（うつつ）…」;;;<1009> ... Pour elle... Ce rêve est la réalité...
<1010> \{美凪}「…夢の向こう側にはなにもないから…」;;;<1010> ... Parce qu'il n'y a rien au-delà de ce rêve...
<1011> \{美凪}「…だから…現を夢で彩るしかない…」;;;<1011> ... C'est pourquoi... tout ce qu'elle pouvait faire, c'était peindre la réalité avec ce rêve...
<1012> \{\m{A}}「………」;;;<1012> .........
<1013> \{\m{A}}「おまえ…」;;;<1013> Tu...
<1014> 少女の言葉の意味を理解することができなかった。;;;<1014> J'étais incapable de saisir le sens des mots de la jeune fille.
<1015> ただ、少女を取りまく空気が、悲しみの色に染まって…。;;;<1015> Cependant, l'air qui l'entourait était teinté de mélancolie...
<1016> その空気が、柔らかく俺の肌に触れて…。;;;<1016> Je le sentis effleurer ma peau...
<1017> \{美凪}「…でも…」;;;<1017> ... Mais...
<1018> \{美凪}「…たとえ…あのひとにとって…私が夢の欠片だとしても…」;;;<1018> ... Disons... que si je n'étais pour elle qu'un fragment de rêve...
<1019> それが…たとえ、いつかは覚めるものだとしても…。;;;<1019> Et... qu'elle en sortait un jour...
<1020> \{美凪}「…それでも私は…」;;;<1020> ... Même dans ce cas, je...
<1021> \{\m{A}}「………」;;;<1021> .........
<1022> \{美凪}「………」;;;<1022> .........
<1023> \{\m{A}}「なあ…おまえの母親って……」;;;<1023> Dis, ta mère... Est-ce que...
<1024> \{みちる}「ダメだよっ、美凪っ！」;;;<1024> Fais pas ça, Minagi !
<1025> \{美凪}「え…」;;;<1025> Hein...?
<1026> 瞬間、陽射しに熱を帯びた空気が、震えたような気がした。;;;<1026> Pendant un instant, l'air chargé des rayons du soleil sembla trembler.
<1027> \{みちる}「そんなこと、言ったらダメだよ美凪…」;;;<1027> Il ne faut pas que tu dises ça, Minagi...
<1028> みちるの声に、時が再び流れ始める。;;;<1028> La voix de Michiru avait rétabli le cours du temps.
<1029> ゆっくりと…。;;;<1029> Lentement...
<1030> …ゆっくりと……。;;;<1030> ... Lentement......
<1031> まるで、灯り始めたロウソクが、闇を優しく照らし出すかのように…。;;;<1031> Comme une bougie qu'on venait d'allumer et qui commençait à dissiper les ténèbres...
<1032> \{美凪}「みちる…」;;;<1032> Michiru...
<1033> \{みちる}「………」;;;<1033> .........
<1034> \{美凪}「………」;;;<1034> .........
<1035> \{美凪}「…そうだね…ごめんなさい」;;;<1035> ... Tu as raison... Pardonne-moi.
<1036> \{みちる}「………」;;;<1036> .........
<1037> \{みちる}「うんっ」;;;<1037> Oui !
<1038> 少女が笑う。;;;<1038> Elle ria.
<1039> \{みちる}「にゃはは、そういうわけでね、\m{B}\m{A}」;;;<1039> Nyahaha, c'est tout pour aujourd'hui, \m{B}\m{A}.
<1040> 笑顔が、俺の目の前にとまる。;;;<1040> Elle arrêta de sourire.
<1041> \{\m{A}}「うん？」;;;<1041> Hmm ?
<1042> \{みちる}「えっとねー」;;;<1042> Alors en fait—...
<1043> \{\m{A}}「なんだよ」;;;<1043> Quoi ?
<1044> \{みちる}「ちょびっとだけ、ふんばってくれる？」;;;<1044> Tu peux rester debout, bien solide sur tes appuis, un tout tout petit moment ?
<1045> \{\m{A}}「ふんばる？」;;;<1045> 'Bien solide sur mes appuis' ?
<1046> \{みちる}「うんっ」;;;<1046> Oui !
<1047> \{みちる}「あ、うごかなくていいからね。その場でいいから」;;;<1047> Ah, pas besoin de bouger. Reste juste là où t'es.
<1048> \{\m{A}}「あ、ああ…」;;;<1048> O-Ok...
<1049> 言われたとおりに、その場で下半身に力を入れる。;;;<1049> répondis-je en contractant le bas de mon corps.
<1050> \{みちる}「準備はいい？」;;;<1050> Tout est prêt ?
<1051> \{\m{A}}「…なんの準備だ」;;;<1051> ... Prêt pour quoi ?
<1052> \{みちる}「んじゃあ、いくよー」;;;<1052> Bon, j'y vais—...
<1053> \{\m{A}}「いく？」;;;<1053> Où ça ?
<1054> すっ、とみちるの姿が消える。;;;<1054> Michiru disparut instantanément.
<1055> \{美凪}「…あ…\m{B}さんが危ない…」;;;<1055> ... Ah... \m{B}-san, attention...
<1056> \{\m{A}}「えっ」;;;<1056> Hé !?
<1057> と、気づいた時には、もう遅かった。;;;<1057> Je réalisai aussitôt, mais il était déjà trop tard.
<1058> どごっ！\shake{7};;;<1058> \bBam\u !! \shake{7}
<1059> \{\m{A}}「ぐはっ」;;;<1059> Argh !
<1060> \{みちる}「美凪がかなしむような話しするな、ばかーーーっ！」;;;<1060> Arrête de dire des choses qui attristent Minagi, débile——— !!
<1061> \{\m{A}}「うぐぐぐぐ…」;;;<1061> Uguguguguh...
<1062> 結局、オチはこれか…。;;;<1062> Alors c'était comme ça que ça se concluait...
<1063> \{みちる}「こんなヤツほっといて、かえろ、美凪」;;;<1063> Laissons ce nullos et rentrons, Minagi.
<1064> \{美凪}「…え…でも…」;;;<1064> ... Hein...? Mais...
<1065> \{みちる}「にゃはは、いいからいいから」;;;<1065> Nyahaha, c'est bon, c'est bon.
<1066> ずるずるずる…;;;<1066> \bTraîne traîne\u...
<1067> …ずるずるずる…;;;<1067> ... \bTraîne traîne\u...
<1068> みちるに引きずられてゆく遠野美凪。;;;<1068> Michiru emmena Tohno Minagi avec elle.
<1069> \{美凪}「…あの…さようなら…\m{B}さん」;;;<1069> ... Je... Au revoir... \m{B}-san.
<1070> \{みちる}「んべーーーっ」;;;<1070> Na-na-nèreeeuh !
<1071> ………。;;;<1071> ..........
<1072> …去ってゆくふたつの影。;;;<1072> ... Leurs ombres s'éloignèrent.
<1073> \{\m{A}}「うぐぐぐぐ…」;;;<1073> Uguguguguh...
<1074> 悶え苦しむひとつの影。;;;<1074> Il ne restait d'une seule âme, qui agonisait de douleur.
<1075> \{\m{A}}「く…なんで、俺がこんな目に…」;;;<1075> Geh... Qu'est-ce que j'ai fait pour mériter ça...?
<1076> それは、誰にもわからない、世界の七不思議だった。;;;<1076> C'était là un des sept mystères du coin... que personne ne savait expliquer...
<1077> ………。;;;<1077> ..........
<1078> ……。;;;<1078> .......
<1079> …。;;;<1079> ....
<1080> 痛みがようやくひいた頃合い。;;;<1080> La douleur s'était enfin calmée.
<1081> 俺は、朝の雪辱戦とばかりに、商店街へと向かうことにした。;;;<1081> Je me mis en route en direction de la rue commerçante pour prendre ma revanche sur la matinée.
<1082> もちろん、右手には俺の長年にわたる相棒。;;;<1082> Bien sûr, j'avais dans ma main droite ma vieille partenaire.
<1083> 子供たちの心をゲットすべく改造された人形。;;;<1083> Ma marionnette avait été remodelée pour pouvoir captiver les cœurs des enfants.
<1084> \{\m{A}}「………」;;;<1084> .........
<1085> …しまった。;;;<1085> ... Zut.
<1086> 服が豪華すぎて、ポケットに納まらない。;;;<1086> Ses vêtements étaient tellement chargés qu'elle ne rentrait plus dans ma poche.
<1087> \{\m{A}}（この得体の知れない嫌な予感はなんだ…？）;;;<1087> C'est quoi cette espèce de mauvais pressentiment...?
<1088> ………。;;;<1088> ..........
<1089> ……。;;;<1089> .......
<1090> …。;;;<1090> ....
<1091> 激闘の２時間が終わった。;;;<1091> Deux heures de lutte acharnée s'achevaient.
<1092> 俺は真っ白に燃えつきていた。;;;<1092> Je m'étais donné jusqu'au bout.
<1093> セミの声が頭に充満し、アスファルトがとろけていく。;;;<1093> Ma tête était remplie des chants des cigales et l'asphalte fondait.
<1094> 地面に転がっているのは、俺の人形。;;;<1094> Ma marionnette était affalée par terre.
<1095> お子さまに大人気なピンクのドレスも装着済み。;;;<1095> Elle était vêtue d'une robe rose qui plaisait fort aux mômes.
<1096> それなのに、収入はゼロだった。;;;<1096> Mais malgré cela, mes gains étaient de zéro.
<1097> というか、そもそもお子さまが通らなかった。;;;<1097> Enfin, en premier lieu, aucun môme n'était passé.
<1098> もう一度、人形を見つめる。;;;<1098> Je jetai encore un coup d'œil à ma marionnette.
<1099> これは本当に俺の人形なのか？;;;<1099> Était-ce vraiment \bma\u marionnette ?
<1100> ここは本当に商店街なのか？;;;<1100> Cet endroit était-il vraiment la rue commerçante ?
<1101> 俺が見ている幻なのではないか？;;;<1101> Ce n'étaient pas des illusions, hein ?
<1102> \{\m{A}}「………」;;;<1102> .........
<1103> 暑すぎて考えがまとまらない。;;;<1103> Il faisait tellement chaud que je n'arrivais pas à organiser mes pensées.
<1104> 看板下に座り込む。;;;<1104> Je m'assis sous une pancarte.
<1105> 日除けの役にさえ立たない。;;;<1105> Ça me protégeait à peine du soleil.
<1106> と思ったら、さっと影が射した。;;;<1106> pensai-je alors qu'une ombre s'étendit sur moi.
<1107> \{聖}「…あいかわらず暇そうだな」;;;<1107> ... Toujours en train de tourner les pouces, hein.
<1108> 看板の持ち主様だった。;;;<1108> Il s'agissait de Madame la propriétaire de la pancarte.
<1109> \{\m{A}}「お互いさまだろ」;;;<1109> Tu peux parler.
<1110> \{聖}「ふふ…それは甘いぞ」;;;<1110> Fufu... Tu me sous-estimes.
<1111> 勝ち誇ったように俺を見下す。;;;<1111> Elle me regarda de haut, l'air triomphant.
<1112> \{聖}「私の方はな、今日は二人も患者さんが来てくれたんだぞ」;;;<1112> Moi, j'ai vu deux patients, aujourd'hui.
<1113> 哀しい報告だった。;;;<1113> Cette déclaration faisait pitié.
<1114> \{聖}「二人とも、熱射病だったぞ」;;;<1114> Les deux avaient fait une insolation.
<1115> 哀しさ倍増だった。;;;<1115> Doublement pitié.
<1116> 聖に悟られないように、人形を素早くポケットに押し込んだ。;;;<1116> Je m'empressai de fourrer ma marionnette dans ma poche avant que Hijiri ne la remarque.
<1117> ゆっくりと腰を上げ、ズボンについた砂埃を叩いて落とす。;;;<1117> Je me relevai tout doucement, puis frappai mon pantalon pour en faire tomber la poussière.
<1118> \{\m{A}}「なあ」;;;<1118> Dis.
<1119> \{聖}「ん？  なんだ」;;;<1119> Hmn ? Qu'y a-t-il ?
<1120> \{\m{A}}「あのコンビ、今日はいないのか？」;;;<1120> L'autre paire, elle est pas là, aujourd'hui ?
<1121> 言うまでもなく、佳乃とポテトのことだ。;;;<1121> Je faisais bien évidemment référence à Kano et Potato.
<1122> \{聖}「ああ。散歩に出ている」;;;<1122> Ouais. Ils sont partis se balader.
<1123> \{聖}「すぐに帰ってくると言ってたから、じきに会えるだろう」;;;<1123> Elle m'a dit qu'elle rentrerait vite, alors elle devrait bientôt être là.
<1124> \{\m{A}}「そうか…」;;;<1124> Je vois...
<1125> \{聖}「なんだ。妹の顔でも見たくなったのか？」;;;<1125> Qu'y a-t-il ? Tu voulais voir ma petite sœur ?
<1126> \{\m{A}}「いや、そういうわけじゃない」;;;<1126> Nan, c'est pas pour ça.
<1127> \{聖}「ふふ…実はな」;;;<1127> Fufu... En fait...
<1128> 意味ありげな笑みを浮かべる。;;;<1128> Elle esquissa un sourire significatif.
<1129> \{聖}「君が来たら必ず引き留めておくようにと、佳乃に言われているんだ」;;;<1129> Kano m'a demandé de ne surtout pas te laisser partir, si jamais tu passais.
<1130> \{聖}「好感度抜群だな、\m{B}君」;;;<1130> Tu lui as laissé une impression très favorable, \m{B}-kun.
<1131> \{\m{A}}「…ちがう」;;;<1131> ... C'est pas pour ça.
<1132> 面と向かってそう言われると、恥ずかしいものがある。;;;<1132> J'étais embarrassé qu'on m'eût dit ça en face.
<1133> \{\m{A}}「また明日って、言っちまったからな」;;;<1133> Je lui ai dit 'à demain'.
<1134> \{\m{A}}「昨日、別れ際に」;;;<1134> Hier, quand on s'est séparés.
<1135> 昨日の午後、佳乃はずっと俺を見送っていた。;;;<1135> Hier après-midi, Kano m'avait regardé partir pendant un long moment.
<1136> 俺が見えなくなるまで、診療所の前にずっと立っていた。;;;<1136> Elle était restée devant la clinique jusqu'à ce qu'elle ne me vît plus.
<1137> \{\m{A}}「それだけの話だ」;;;<1137> C'est juste ça.
<1138> \{聖}「そうか…」;;;<1138> Je vois...
<1139> 顎に手を当てて、そのままなにか考えこむ。;;;<1139> Elle se massa le menton en réfléchissant.
<1140> \{聖}「どうだ。少し中に入らないか」;;;<1140> Ça te dit de venir un petit peu à l'intérieur ?
<1141> 診療所の扉を顎でしゃくりながら言う。;;;<1141> Elle fit un signe de tête en direction de la porte de la clinique.
<1142> \{\m{A}}「ああ、そうだな」;;;<1142> Ouais, ça me va.
<1143> お茶でもよばれることにしよう。;;;<1143> Je décidai d'obéir à l'appel du thé.
<1144> \{\m{A}}「………」;;;<1144> .........
<1145> ごしごしごし…。;;;<1145> \bEssuie essuie essuie\u...
<1146> \{\m{A}}「………」;;;<1146> .........
<1147> ごしごしごし…。;;;<1147> \bEssuie essuie essuie\u...
<1148> \{聖}「そっちが終わったら、こっちの方も頼む」;;;<1148> Quand t'auras fini ce coin-là, occupe-toi de ce coin-ci.
<1149> \{\m{A}}「…わかった」;;;<1149> ... Pigé.
<1150> ごしごしごし…。;;;<1150> \bEssuie cessuie essuie\u...
<1151> \{聖}「ある程度拭いたら、そこのバケツでモップを洗ってくれよ」;;;<1151> Pense à laver ta serpillère dans le sceau qui se trouve là de temps en temps.
<1152> \{\m{A}}「………」;;;<1152> .........
<1153> じゃばじゃば…。;;;<1153> \bSplosh splosh\u...
<1154> \{\m{A}}「………」;;;<1154> .........
<1155> ごしごしごし…。;;;<1155> \bEssuie cessuie essuie\u...
<1156> \{\m{A}}「…なあ」;;;<1156> ... Hé.
<1157> \{聖}「なんだ」;;;<1157> Qu'y a-t-il ?
<1158> \{\m{A}}「なんで俺がこんなことをしてるんだ」;;;<1158> Pourquoi est-ce que je suis en train de faire ça ?
<1159> \{聖}「医療機関は清潔第一なんだ」;;;<1159> Parce que l'hygiène est la priorité de toute institution médicale.
<1160> \{\m{A}}「いや、そういうことじゃなくてだな」;;;<1160> Nan, c'est pas ce que je voulais dire.
<1161> \{\m{A}}「なんで俺が、ここのモップ掛けをしなきゃならないんだ」;;;<1161> Pourquoi est-ce que c'est \bmoi\u qui suis en train de passer un coup de serpillère ici ?
<1162> \{聖}「なんでって、どうせ暇なんだろ、君は」;;;<1162> Ben, parce que t'as rien à faire.
<1163> \{\m{A}}「暇ってわけじゃない」;;;<1163> Je peux pas dire que j'ai rien à faire.
<1164> \{\m{A}}「これでもいちおう、目的を持って日々を過ごしてる」;;;<1164> Je vis chaque jour en pensant à mon objectif.
<1165> \{聖}「ほぉ。それは感心だな」;;;<1165> Hoo. C'est admirable.
<1166> \{聖}「近頃は、目的を持たない若者が多くて困りものなのに」;;;<1166> De nos jours, beaucoup de jeunes n'ont pas d'objectif dans la vie, c'est un problème.
<1167> \{\m{A}}「ふん…」;;;<1167> Hmph...
<1168> ごしごしごし…。;;;<1168> \bEssuie cessuie essuie\u...
<1169> \{聖}「それで、君の日々の目的とはなんだ？」;;;<1169> Et donc, c'est quoi cet objectif qui donne un sens à tes journées ?
<1170> \{\m{A}}「………」;;;<1170> .........
<1171> ごしごしごし…。;;;<1171> \bEssuie cessuie essuie\u...
<1172> \{聖}「人には言えないことなのか？」;;;<1172> C'est quelque chose que tu ne peux pas dire aux autres ?
<1173> \{\m{A}}「………」;;;<1173> .........
<1174> \{\m{A}}「…そうだな。そうかもしれない」;;;<1174> ... Oui. On peut dire ça.
<1175> ごしごしごし…。;;;<1175> \bEssuie cessuie essuie\u...
<1176> \{聖}「そうか」;;;<1176> Soit.
<1177> \{\m{A}}「ああ。悪いな」;;;<1177> Ouais. Désolé.
<1178> 言ったところで、とうてい理解されるとは思えなかった。;;;<1178> Même si je le lui expliquais, elle ne comprendrait probablement pas.
<1179> それに、俺自身が本当にそれを目的としているのか。;;;<1179> En outre, le considérais-je vraiment moi-même comme mon objectif ?
<1180> 未だに結論を出しあぐねているのも確かだった。;;;<1180> Il est vrai que je n'arrivais pas encore à me décider quant à la réponse à cette question.
<1181> だから。;;;<1181> C'était pourquoi...
<1182> 俺は今、こうしてモップ掛けをしている。;;;<1182> J'étais en train de passer la serpillère.
<1183> \{\m{A}}「…って、おい」;;;<1183> ... Hé, oh !
<1184> \{聖}「ん？」;;;<1184> Hmn ?
<1185> \{\m{A}}「あんた今、体よくごまかそうとしただろ」;;;<1185> Juste là, t'as essayé de me rouler !
<1186> \{聖}「なにをだ。お手伝いマシーン」;;;<1186> Qu'est-ce qui te prend, machine à coups de main ?
<1187> \{\m{A}}「だれがマシーンだ」;;;<1187> C'est qui que t'appelle une machine ?
<1188> \{聖}「文句が多いな。アルバイト君」;;;<1188> Tu te plains beaucoup, Temps-partiel-kun.
<1189> \{\m{A}}「…給金が出るのか？」;;;<1189> ... Je vais être payé ?
<1190> \{聖}「美味しいお茶が給金だ」;;;<1190> Le délicieux thé sera ton salaire.
<1191> \{\m{A}}「………」;;;<1191> .........
<1192> すたすたすた…。;;;<1192> \bMarche marche marche\u...
<1193> \{聖}「こら、下駄箱前はもう終わってるだろ」;;;<1193> Hé, tu t'es déjà occupé du coin où on range les chaussures.
<1194> どさっ。;;;<1194> \bPlaf\u !
<1195> モップを放り出し、ガラス扉に手をかける。;;;<1195> Je balançai la serpillère et posai une main sur la porte en verre.
<1196> \{\m{A}}「俺は帰る。止めても無駄だ」;;;<1196> Je rentre. Inutile d'essayer de m'en empêcher.
<1197> \{\m{A}}「じゃあな。達者で暮らしてくれっ…」;;;<1197> À plus. Prends soin de toi...
<1198> どーーーんっ！！\shake{1};;;<1198> \bBam\u !!!!! \shake{1}
<1199> \{\m{A}}「ぐはあっ！」;;;<1199> Aargh !!
<1200> \{佳乃}「たっだいまぁーーーっ」;;;<1200> Rebonjour——— !
<1201> \{ポテト}「ぴこぴこぴこーーーっ」;;;<1201> Piko piko piko——— !
<1202> \{聖}「こらっ、おまえたち」;;;<1202> Hé, vous autres.
<1203> \{聖}「扉は静かに開けろと何度言わせれば気がすむんだ」;;;<1203> Combien de fois faudra-t-il que je vous dise d'ouvrir doucement la porte ?
<1204> \{聖}「元気がいいのは結構だが、少しは加減しろ」;;;<1204> C'est très bien que vous soyez plein d'énergie, mais contrôlez-là un peu.
<1205> \{佳乃}「ごめんなさい～」;;;<1205> Désolée~.
<1206> \{ポテト}「ぴこ～」;;;<1206> Piko~.
<1207> \{聖}「まあいい」;;;<1207> Bah, ça ira.
<1208> \{聖}「それより、\m{B}君が来てるぞ」;;;<1208> Plus important, \m{B}-kun est là.
<1209> \{佳乃}「えっホントっ！  どこどこっ？」;;;<1209> Héé vraiment ?!! Où ça où ça ?!
<1210> \{聖}「足元に倒れてるだろ」;;;<1210> Il est étendu à tes pieds.
<1211> \{佳乃}「あーホントだぁ、なんかぐったりしてる～。つんつん」;;;<1211> Ah— t'as raison ! Il est tout raplapla~. C'est pas drôle.
<1212> \{\m{A}}「………」;;;<1212> .........
<1213> \{聖}「疲れてるんだろ。慣れない勤労奉仕をしたからな」;;;<1213> Il est juste fatigué. Il n'a pas l'habitude de rendre service.
<1214> \{佳乃}「ふーん」;;;<1214> Hmm.
<1215> \{ポテト}「ぴこー」;;;<1215> Piko—.
<1216> \{\m{A}}「………」;;;<1216> .........
<1217> \{佳乃}「あっ、起きあがった」;;;<1217> Ah ! Il se relève.
<1218> \{\m{A}}「………」;;;<1218> .........
<1219> \{聖}「まだ向こうの隅が残っているぞ」;;;<1219> Il te reste encore le coin là-bas.
<1220> \{\m{A}}「………」;;;<1220> .........
<1221> 転がっているモップを拾い、指示された場所まで移動する。;;;<1221> Je ramassai la serpillère qui traînait là, puis me dirigeai vers la zone qu'elle venait de mentionner.
<1222> \{\m{A}}「………」;;;<1222> .........
<1223> ごしごしごし…。;;;<1223> \bEssuie cessuie essuie\u...
<1224> \{佳乃}「どうして\m{A}くんがモップがけしてるのぉ？」;;;<1224> Pourquoi est-ce que \m{A}-kun  passe la serpillère ?
<1225> ごしごしごし…。;;;<1225> \bEssuie cessuie essuie\u...
<1226> \{\m{A}}「………」;;;<1226> .........
<1227> その時、俺はやっと我に返った。;;;<1227> J'avais enfin pleinement repris mes esprits.
<1228> \{佳乃}「あっ、わかったぁ」;;;<1228> Ah ! Je sais !
<1229> \{佳乃}「お手伝いマシーン１号さんだ」;;;<1229> Il est la machine à coups de main n°1.
<1230> \{\m{A}}「…ちがう」;;;<1230> ... Non.
<1231> \{佳乃}「じゃあ２号さん？」;;;<1231> Alors la n°2 ?
<1232> \{\m{A}}「番号の問題じゃない」;;;<1232> C'est pas le numéro le problème.
<1233> \{佳乃}「うぬぬ。むずかしい～」;;;<1233> Ununu. C'est compliqué~.
<1234> \{聖}「佳乃、\m{B}くんになにか用事があったんじゃないのか？」;;;<1234> Kano, tu n'avais pas quelque chose à faire avec \m{B}-kun ?
<1235> \{佳乃}「あっ、そうだぁ」;;;<1235> Ah ! C'est vrai !
<1236> \{佳乃}「\m{A}くん、おさんぽ行こっ！」;;;<1236> \m{B}-kun, allons nous promener !!
<1237> \{\m{A}}「………」;;;<1237> .........
<1238> 次に気がついた時には、蝉時雨の中に立っていた。;;;<1238> L'instant d'après, je me rendis compte que j'étais au beau milieu d'un concert de cigales.
<1239> \{佳乃}「おっさんぽおっさんぽうれしいな～♪」;;;<1239> Une promenade, une promenade, j'adore les promenades~ ♪.
<1240> \{ポテト}「ぴこぴこぴこ～♪」;;;<1240> Piko piko piko~ ♪.
<1241> 横を見る。;;;<1241> Je regardai sur le côté.
<1242> わけのわからない歌を合唱する一人と一匹。;;;<1242> Un humain et un chien étaient en train de chanter une chanson ridicule en chœur.
<1243> \{佳乃}「今をもって、キミをおさんぽ特殊部隊工作員２号さんに任命するっ」;;;<1243> À compter d'aujourd'hui, tu es nommé agent spécial des promenades n°2 !
<1244> \{ポテト}「ぴこっ！」;;;<1244> Piko !!
<1245> \{佳乃}「ちなみに１号さんはあたしだよ～」;;;<1245> À propos, le n°1, c'est moi~.
<1246> \{佳乃}「そして３号さんは\m{A}くんっ！」;;;<1246> Et le n°3, c'est \m{A}-kun !!
<1247> \{\m{A}}「………」;;;<1247> .........
<1248> 任官拒否する気力もなかった。;;;<1248> Je n'avais même plus assez d'énergie pour refuser cette nomination.
<1249> …というか、どの辺が特殊で何を工作する気だ？;;;<1249> ... Et d'ailleurs, pourquoi 'spécial' ? Et pour faire quoi ?
<1250> \{\m{A}}「おまえ、今さっき散歩してきたんじゃないのか？」;;;<1250> Hé, tu viens pas de rentrer de promenade à l'instant ?
<1251> \{佳乃}「うんっ。してきたよぉ」;;;<1251> Si. J'en reviens.
<1252> \{\m{A}}「してきたよぉ、って、ほんわか言われてもな…」;;;<1252> Ça sert à rien de dire 'j'en reviens' de manière aussi niaise...
<1253> \{\m{A}}「またする気か？」;;;<1253> Et tu veux en refaire une ?
<1254> \{佳乃}「うんっ」;;;<1254> Oui !
<1255> \{佳乃}「おさんぽは楽しいから、ずっとしてても平気だよぉ」;;;<1255> C'est toujours fun, les promenades, alors ça me va très bien d'en faire tout le temps.
<1256> \{佳乃}「ねっ、ポテト」;;;<1256> N'est-ce pas, Potato ?
<1257> \{ポテト}「ぴこぴこっ」;;;<1257> Piko piko !
<1258> \{佳乃}「ねっ？」;;;<1258> N'est-ce pas ?!
<1259> 俺の顔を覗き込む。;;;<1259> Elle me dévisageait.
<1260> \{\m{A}}「………」;;;<1260> .........
<1261> \{佳乃}「ねっ？  ねっ？」;;;<1261> N'est-ce pas ?! N'est-ce pas ?!
<1262> \{\m{A}}「………」;;;<1262> .........
<1263> こうなったらとことんつき合う;;;<1263> Autant y aller jusqu'au bout
<1264> 暑いからやめようと懇願する;;;<1264> Il fait trop chaud, la supplier d'arrêter
<1265> 乗りかかった船だ、ここは覚悟を決めて、炎天下の散歩としゃれ込もう。;;;<1265> Il était trop tard pour faire demi-tour. Je me préparai au pire, et me résignai à poursuivre cette promenade sous des chaleurs ardentes.
<1266> \{\m{A}}「どこに連れてってくれるんだ？」;;;<1266> Tu m'emmènes où comme ça ?
<1267> \{佳乃}「ふぇっ…」;;;<1267> Fueh...!?
<1268> \{\m{A}}「散歩に行くんだろ？」;;;<1268> On part se balader, non ?
<1269> \{佳乃}「あっ、うんっ！」;;;<1269> Ah ! Oui !!
<1270> 満面の笑みでぶんぶんと頷く。;;;<1270> Elle m'adressa un grand sourire et hocha vigoureusement la tête.
<1271> \{佳乃}「あたしのとっておきの場所に案内してあげるよぉ」;;;<1271> Je vais t'emmener à un endroit très important pour moi.
<1272> \{\m{A}}「そんな場所があるのか」;;;<1272> T'as un endroit de ce genre ?
<1273> \{佳乃}「うんっ」;;;<1273> Oui !
<1274> \{佳乃}「すっごく静かでねぇ、気持ちが落ちつくの」;;;<1274> C'est super calme, et relaxant.
<1275> \{\m{A}}「…やめないか？」;;;<1275> ... On peut arrêter là ?
<1276> \{佳乃}「ふぇっ？  なにを？」;;;<1276> Fueh ? Arrêter quoi ?
<1277> \{\m{A}}「散歩を」;;;<1277> La promenade.
<1278> \{佳乃}「ええぇーっ。行こうよぉ、きっと楽しいよぉ」;;;<1278> Ehhh— !? Allez ! Ce sera forcément fun.
<1279> \{\m{A}}「こんな暑い中を歩いて、何が楽しいんだ」;;;<1279> Qu'est-ce qu'il y a de fun à marcher sous une chaleur pareille ?
<1280> \{佳乃}「楽しいよぉ、だって太陽さんもギンギラギンなんだからぁ」;;;<1280> C'est fun ! Et puis, le soleil est tout éblouissant et tout. 
<1281> その言葉で暑さが増した様な気がする…。;;;<1281> À l'entendre parler, j'avais l'impression d'avoir encore plus chaud...
<1282> \{\m{A}}「戻る…」;;;<1282> Je fais demi-tour...
<1283> まだ待合室で、モップ掛けをしている方が良い。;;;<1283> J'aurais encore préféré passer la serpillère dans la salle d'attente.
<1284> 少なくともあそこはクーラーがかかっていた。;;;<1284> Au moins, il y avait la climatisation, là-bas.
<1285> \{佳乃}「だめぇ、お散歩にいくのぉ」;;;<1285> Interdit ! On va faire une promenade.
<1286> 病院に戻ろうとする俺の袖を引っ張りながら、子供の様に駄々をこねる。;;;<1286> Alors que j'essayai de retourner à la clinique, elle se mit à me tirer la manche et à faire des caprices comme un enfant.
<1287> \{\m{A}}「目的もなく歩き回るような、バカバカしいことはしたくない」;;;<1287> C'est stupide de se promener sans destination.
<1288> \{佳乃}「目的…？」;;;<1288> 'Destination'...?
<1289> \{佳乃}「あっ、そうだ」;;;<1289> Ah ! Je sais.
<1290> ポンと手を打ち俺を見る。;;;<1290> Elle frappa des mains et me regarda.
<1291> \{佳乃}「あたしのとっておきの場所に案内してあげるよぉ」;;;<1291> Je vais t'emmener à un endroit très important pour moi.
<1292> \{\m{A}}「とっておき？」;;;<1292> 'Très important' ?
<1293> \{佳乃}「うんっ」;;;<1293> Oui !
<1294> \{佳乃}「すっごく静かでねぇ、気持ちが落ちつくの」;;;<1294> C'est super calme, et relaxant.
<1295> 微かだが、暑さを超える興味が胸の奥底に芽生える。;;;<1295> Je sentis une once de curiosité germer au fond de mon cœur, assez forte pour repousser la chaleur.
<1296> この少女の口から、『気持ちが落ち着く』という言葉を聞くとは思わなかった。;;;<1296> Je n'aurais jamais imaginé entendre le mot 'relaxant' sortir de la bouche de cette fille.
<1297> \{\m{A}}「そうだな…」;;;<1297> Si tu le dis...
<1298> \{\m{A}}「案内してもらえるか」;;;<1298> Tu me montres la route ?
<1299> \{佳乃}「うん、かしこまったよぉ」;;;<1299> Oui, compris cinq sur cinq !
<1300> \{佳乃}「ポテトも行こっ」;;;<1300> Potato, tu viens aussi !
<1301> \{ポテト}「ぴこ」;;;<1301> Piko.
<1302> \{佳乃}「よおし、出撃だー」;;;<1302> Bien ! À l'attaque— !
<1303> 元気いっぱいに歩き出す。;;;<1303> Elle se mit en marche, le pas plein d'entrain.
<1304> 本当に、静かな場所に着けるのか？;;;<1304> Me menait-elle vraiment vers un endroit calme ?
<1305> かなり心配だった。;;;<1305> J'avais un léger doute à ce sujet.
<1306> ………。;;;<1306> ..........
<1307> \{佳乃}「ぜんたーいとまれっ」;;;<1307> Section—, arrêt !
<1308> \{ポテト}「ぴこぴこ」;;;<1308> Piko piko.
<1309> \{\m{A}}「………」;;;<1309> .........
<1310> 結局ここかい。;;;<1310> Alors comme ça, c'était là ?
<1311> 神社へと続く農道にかかった橋のたもと。;;;<1311> Nous étions à côté du pont que traversait le chemin agricole qui menait au sanctuaire.
<1312> さらさらと水の流れる音が、橋の下から聞こえてくる。;;;<1312> On entendait les murmures du ruisseau qui passait dessous.
<1313> 山際に横たわる緑が、目に眩しい。;;;<1313> Et la végétation qui ceinturait les collines était éblouissante.
<1314> 静かな場所と言えないこともないが。;;;<1314> On ne pouvait pas dire que ce ne fût pas un 'endroit calme'.
<1315> \{\m{A}}「おまえのとっておきって、ここのことだったわけな」;;;<1315> C'est ici, ton 'endroit très important pour toi' ?
<1316> \{佳乃}「うんっ」;;;<1316> Oui !
<1317> \{佳乃}「人気がないから、静かでいいでしょぉ？」;;;<1317> Il n'y a pas grand monde, alors c'est calme, non ?
<1318> \{\m{A}}「………」;;;<1318> .........
<1319> たしかに、人通りは微塵も存在しない。;;;<1319> Effectivement, il n'y avait pas la moindre trace de vie.
<1320> \{\m{A}}「でもな…」;;;<1320> Mais, quand même...
<1321> \{佳乃}「ん？」;;;<1321> Hmn ?
<1322> \{\m{A}}「なにもなさすぎる」;;;<1322> Y a que dalle.
<1323> \{佳乃}「そんなことないよぉ」;;;<1323> Mais non !
<1324> \{佳乃}「ほら、あそこ、家っ」;;;<1324> Hé, par là, des maisons !
<1325> 二軒。;;;<1325> Deux maisons.
<1326> \{佳乃}「外灯っ」;;;<1326> Des lampadaires !
<1327> 二本。;;;<1327> Deux lampadaires.
<1328> \{佳乃}「ダメだよ\m{A}くん、ぜいたくは敵だよぉ」;;;<1328> C'est pas bien, \m{A}-kun. Le luxe est ton ennemi.*
<1329> …贅沢と戦いに来たのか、俺は。;;;<1329> ... Apparemment, j'étais venu me battre pour le luxe.
<1330> \{\m{A}}「…まあ、こういうのはキライじゃないけどな」;;;<1330> ... Bah, ce genre d'endroits ne me déplaît pas.
<1331> \{佳乃}「ほんとっ？」;;;<1331> Vraiment ?!
<1332> \{\m{A}}「ああ」;;;<1332> Ouais.
<1333> \{佳乃}「よかったぁ。キライって言われたらどうしようかと思ったよぉ」;;;<1333> Ça me rassure. Je ne sais pas ce que j'aurais fait si tu avais dit l'inverse.
<1334> はっと息を吐き出し、ほにゃっと微笑む。;;;<1334> Elle soupira brusquement et esquissa un petit sourire.
<1335> 欄干に身体を預け、川面を眺める。;;;<1335> Je m'appuyai sur la balustrade pour contempler la surface de l'eau.
<1336> 用水路を兼ねているような、小さな小川だ。;;;<1336> C'était un petit ruisseau qui servait aussi de canal d'irrigation.
<1337> 水はよく透き通っていて、底の様子がよくわかった。;;;<1337> L'eau étant transparente, j'en discernais parfaitement le fond.
<1338> 生き物がいれば、たぶん見えるだろう。;;;<1338> S'il y avait des animaux, je les verrais probablement.
<1339> \{佳乃}「じーーーーっ」;;;<1339> Hmmmmm...
<1340> \{\m{A}}「………」;;;<1340> .........
<1341> 生き物を探していた。;;;<1341> Elle cherchait des animaux du regard.
<1342> \{佳乃}「あっ！  あーーーっ！」;;;<1342> Ah !! Aaaah !
<1343> \{佳乃}「カメっ！  今カメさんがいたよぉ！」;;;<1343> Une tortue !! Il y a une tortue !
<1344> \{\m{A}}「…どこに？」;;;<1344> ... Où ça ?
<1345> \{佳乃}「ほらっ、あそこあそこっ！」;;;<1345> Ah ! Là, là !!
<1346> 橋の上から、大きく身を乗り出す…。;;;<1346> Elle se pencha de plus en plus en avant...
<1347> …ずるっ。;;;<1347> ... \bGlisse\u !
<1348> \{佳乃}「あっ…」;;;<1348> Ah...!
<1349> \{佳乃}「きゃああああああっ」;;;<1349> Kyaaaaaa !
<1350> ばっしゃーんっ！\shake{1};;;<1350> \bSplash\u !! \shake{1}
<1351> \{佳乃}「きゅぅ～～～…」;;;<1351> Kyuu~~~...
<1352> \{\m{A}}「おいっ、大丈夫か」;;;<1352> Hé ! Ça va ?
<1353> 欄干から小川を覗き込んだ。;;;<1353> Je jetai un œil depuis la balustrade.
<1354> \{佳乃}「アイタタタァ…」;;;<1354> Ouille ouille ouille...
<1355> とりあえず、大丈夫そうだった。;;;<1355> A priori, elle allait bien.
<1356> \{佳乃}「だいじょうぶじゃないよお…」;;;<1356> Je ne vais \bpas\u bien...
<1357> 腰をさすりながら、不満げに言う。;;;<1357> dit-elle d'un ton contrarié en se massant le bas du dos.
<1358> 怪我もないようだ。;;;<1358> Elle n'avait pas l'air d'être blessée.
<1359> まだカメに未練があるのか、きょろきょろと辺りを見回している。;;;<1359> Elle inspectait autour d'elle, suggérant qu'elle était encore à la recherche de la tortue.
<1360> と、佳乃は俺の冷たい視線に気づいた。;;;<1360> Puis Kano remarqua mon regard glacial.
<1361> \{佳乃}「………」;;;<1361> .........
<1362> \{佳乃}「えっと…今日はいい天気だねぇ」;;;<1362> Euh... Il fait beau, aujourd'hui !
<1363> とてもわかりやすい誤魔化し方だった。;;;<1363> C'était évidemment un effort pitoyable pour essayer de ne faire semblant de rien.
<1364> \{\m{A}}「水泳にはもってこいの日和だな」;;;<1364> C'est même le temps parfait pour faire trempette.
<1365> \{佳乃}「ぐさっ…」;;;<1365> Ouch...!
<1366> \{\m{A}}「服もよく乾くだろうし」;;;<1366> Au moins, tes vêtements devraient sécher rapidement.
<1367> \{佳乃}「ぐさぐさっ…」;;;<1367> Ouch ouch...!
<1368> \{\m{A}}「だからって、服のまま泳ぐのはいただけないな」;;;<1368> Quand bien même, ça ne se fait pas de nager tout habillé.
<1369> \{佳乃}「ぐさぐさぐさっ…」;;;<1369> Ouch ouch ouch...!
<1370> \{\m{A}}「まるで橋から落ちたマヌケみたいだぞ」;;;<1370> Ça te donne l'air d'un crétin qui serait tombé d'un pont.
<1371> \{佳乃}「はうぅ…」;;;<1371> Hauu...
<1372> \{佳乃}「もお…\m{A}くんのイジワル～…」;;;<1372> Mais euh... \m{A}-kun, arrête de m'embêter~...
<1373> スネてしまった。;;;<1373> Elle était vexée.
<1374> からかいすぎたかもしれない。;;;<1374> Je l'avais peut-être un poil trop taquinée.
<1375> もう少しからかう;;;<1375> La taquiner encore un peu
<1376> 上がってこいと言う;;;<1376> Lui dire de remonter
<1377> \{\m{A}}「ところで、佳乃」;;;<1377> À ce propos, Kano.
<1378> \{\m{A}}「大切な話があるんだが、いいか？」;;;<1378> J'ai quelque chose d'important à te dire, ok ?
<1379> \{佳乃}「えっ？」;;;<1379> Hein ?!
<1380> \{\m{A}}「おまえ、案外スゴいんだな」;;;<1380> Tu m'impressionnes, tu sais ?
<1381> \{佳乃}「えええっ？」;;;<1381> Heeein ?!
<1382> \{\m{A}}「着やせするタイプなんだな」;;;<1382> Apparemment, t'as l'air plus mince quand t'es habillée.
<1383> \{\m{A}}「色は白なんだな」;;;<1383> Et elles sont blanches.
<1384> \{\m{A}}「夏らしくていいな」;;;<1384> Ça fait très estival, c'est sympa.
<1385> \{佳乃}「なっなっなっ…」;;;<1385> Eh ! Eh ! Eh...!
<1386> わけもわからず困惑しまくる佳乃。;;;<1386> Kano était remarquablement déconcertée.
<1387> 俺はびしっと指摘してやった。;;;<1387> Je ne me fis pas prier pour lui en expliquer la raison.
<1388> \{\m{A}}「透けている」;;;<1388> On voit à travers.
<1389> \{\m{A}}「ぴったりと貼りついている」;;;<1389> Ils sont tout collés.
<1390> \{\m{A}}「形までよくわかる」;;;<1390> On peut même voir les formes.
<1391> \{佳乃}「………」;;;<1391> .........
<1392> 胸元に視線を落とす。;;;<1392> Elle posa les yeux sur sa poitrine.
<1393> ようやく自分の状態に気づいたようだった。;;;<1393> Elle semblait avoir enfin compris ce qu'il se passait.
<1394> \{佳乃}「ひょ、ひょええぇぇーーーっ！！」;;;<1394> H-Hyoeeeeeeeh !!!
<1395> \{佳乃}「うわわわわっ、い、いつから気づいてたのっ！？」;;;<1395> Uwawawawah ! D-Depuis quand t'as remarqué !!?
<1396> \{\m{A}}「ずっと前」;;;<1396> Depuis toujours.
<1397> \{佳乃}「ひーーーん、なんで教えてくれなかったのぉー」;;;<1397> Hiiiii, pourquoi tu m'as pas dit— ?
<1398> \{\m{A}}「夏だから開放的な気分に浸っているのかと思ってな」;;;<1398> Je me suis dit que tu te sentais libérée parce que c'est l'été.
<1399> \{佳乃}「そんなわけないよぉー」;;;<1399> Comme si c'était possible—...
<1400> \{\m{A}}「そうだったのか…」;;;<1400> Ce n'était pas ça...?
<1401> \{佳乃}「\m{A}くんのエッチーーーーーっ！」;;;<1401> \m{A}-kun, espèce de cochoooooon !!
<1402> \{\m{A}}「………」;;;<1402> .........
<1403> 俺は悪くないと思うぞ、ちょっとしか。;;;<1403> Je ne me sentais pas coupable. Presque pas.
<1404> \{佳乃}「ひーーーん」;;;<1404> Hiiiii !
<1405> \{\m{A}}「さっさと上がってこい」;;;<1405> Dépêche-toi de remonter.
<1406> \{佳乃}「うん…」;;;<1406> Ok...
<1407> 頷くが動こうとせず、じっとこちらを見上げている。;;;<1407> Elle acquiesça, puis resta plantée là à me regarder.
<1408> \{\m{A}}「…どうした？」;;;<1408> ... Un problème ?
<1409> \{佳乃}「手、引っ張ってくれると嬉しいかなぁって」;;;<1409> Je me disais que ça me ferait plaisir que tu me tendes une main.
<1410> \{\m{A}}「そのまま引きずり落とされそうだから断る」;;;<1410> Si je fais ça, tu vas me tirer pour que je tombe. Je refuse.
<1411> 即答する。;;;<1411> Ma réponse fut immédiate.
<1412> \{佳乃}「うぬぬ…意地悪だよぉ」;;;<1412> Ununu... Tu fais que m'embêter.
<1413> \{\m{A}}「こういう予感は当たる自信があるんだ」;;;<1413> J'ai particulièrement confiance en mon intuition.
<1414> \{佳乃}「うぬぬ～」;;;<1414> Ununu~.
<1415> かぷっ。;;;<1415> \bNom\u !
<1416> \{\m{A}}「ん？」;;;<1416> Hmn ?
<1417> 足に何かがかぶりついてきた。;;;<1417> Quelque chose me mordillait la jambe.
<1418> \{ポテト}「ぴこっ！」;;;<1418> Piko !!
<1419> かぷかぷかぷっ。;;;<1419> \bNom nom nom\u !
<1420> \{\m{A}}「………」;;;<1420> .........
<1421> かなり激しく怒っているらしい。;;;<1421> Il avait l'air très en colère.
<1422> 俺が佳乃をいじめたと思っているのだろう。;;;<1422> Il avait dû se dire que j'étais en train d'embêter Kano.
<1423> \{\m{A}}「…わかった。謝るからやめろ」;;;<1423> ... Compris. Pardon, j'arrête.
<1424> \{ポテト}「ぴこ」;;;<1424> Piko.
<1425> やめた。;;;<1425> Il avait arrêté.
<1426> 素直ないい奴だ。;;;<1426> Quel cabot bien élevé.
<1427> ご褒美に、首根っこをつかんで持ち上げてやる。;;;<1427> En récompense, je le pris par la peau du coup et le soulevai.
<1428> \{ポテト}「ぴこぴこぴこっ…」;;;<1428> Piko piko piko...!
<1429> じたばたするが、遅い。;;;<1429> Il avait beau ce débattre, il était trop tard.
<1430> ぱっと手を離す。;;;<1430> Je le lâchai prestement.
<1431> ぱっしゃーん。;;;<1431> \bSplash\u !
<1432> \{ポテト}「ぴこ～…」;;;<1432> Piko~...
<1433> 為す術もなく、川面を流されていく毛玉。;;;<1433> La boule de poils ne pouvait rien faire d'autre que de flotter à la surface en se laissant emporter par le courant.
<1434> さようなら、ポテト。;;;<1434> Adieu, Potato.
<1435> 俺は君のことを一生忘れない。;;;<1435> Je ne t'oublierai jamais.
<1436> \{ポテト}「ぴこー………」;;;<1436> Piko—.........
<1437> ………。;;;<1437> ..........
<1438> 結局、夕暮れまでここで暇をつぶしてしまった。;;;<1438> En fin de compte, nous étions restés là à flâner.
<1439> あの後勢いで、全員参加の水遊び大会になった。;;;<1439> Nous avions passé un moment à nous éclabousser.
<1440> それから佳乃と、とりとめのない話をした。;;;<1440> Puis Kano avait raconté toutes sortes de choses insignifiantes.
<1441> それも今は尽きている。;;;<1441> Avant d'avoir vidé son énergie pour la journée.
<1442> 遠くの山際に、太陽が沈もうとしている。;;;<1442> Le soleil se couchait derrière les collines.
<1443> 薄闇が迫る中で、風の芯にだけ昼間の熱気が残っていた。;;;<1443> Alors que la luminosité se faisait de plus en plus faible, seul le vent contenait encore des traces de l'air chaud de la journée.
<1444> どこか名残惜しくて、俺は佳乃の横顔を見た。;;;<1444> Je me tournai, non sans hésitation, vers Kano.
<1445> \{\m{A}}「服、乾いたか？」;;;<1445> Tes vêtements, ils ont séché ?
<1446> \{佳乃}「うん…」;;;<1446> Oui...
<1447> \{ポテト}「ぴこ～…」;;;<1447> Piko~...
<1448> \{\m{A}}「毛皮は乾いたか？」;;;<1448> Tes poils ont séché ?
<1449> \{ポテト}「ぴこぴこっ」;;;<1449> Piko piko !
<1450> 佳乃の手首に視線をやる。;;;<1450> Je jetai un coup d'œil au poignet de Kano.
<1451> そこに巻いたバンダナだけは、まだ水をしたたらせていた。;;;<1451> De l'eau dégoulinait encore du bandana qui y était enroulé.
<1452> \{\m{A}}「重そうだな」;;;<1452> Ça doit être lourd.
<1453> \{佳乃}「…重くないもんっ」;;;<1453> ... C'est pas lourd.
<1454> 胸元を隠しながら答える。;;;<1454> répondit-elle en cachant sa poitrine.
<1455> \{\m{A}}「ちがう、そのバンダナだ」;;;<1455> Mais non, je parle de ce bandana.
<1456> \{佳乃}「…ふぇっ？」;;;<1456> ... Fueh ?!
<1457> \{\m{A}}「外して、しぼればいいんじゃないか？」;;;<1457> Pourquoi tu ne l'enlèves pas pour l'essorer ?
<1458> \{佳乃}「えっと…」;;;<1458> Eh ben...
<1459> 視線を下げて、そっとバンダナを見る。;;;<1459> Elle posa son regard sur son bandana.
<1460> \{佳乃}「これは、ぜったい取っちゃダメなの」;;;<1460> Il ne faut absolument pas que je l'enlève.
<1461> 口調がいつもと微妙にちがった。;;;<1461> Son intonation était quelque peu différente de d'habitude.
<1462> \{\m{A}}「…洗ってないのか、それ？」;;;<1462> ... Tu ne vas pas le laver ?
<1463> \{佳乃}「そんなことないもんっ」;;;<1463> Mais si !
<1464> \{\m{A}}「だいたい、不便だろ」;;;<1464> C'est vraiment pas pratique.
<1465> \{佳乃}「もう慣れてるから」;;;<1465> J'ai l'habitude.
<1466> ぽつりと答える。;;;<1466> répondit-elle sèchement.
<1467> 黄色いバンダナは、身体の一部と言えるぐらい佳乃に馴染んでいる。;;;<1467> Ce bandana jaune était tellement emblématique de Kano, qu'on aurait dit qu'il faisait partie de son corps.
<1468> 食事も雑用も、あの右手で普通にこなしていた。;;;<1468> Que ce soit pour manger ou faire les tâches ménagères, elle l'avait toujours à sa main droite.
<1469> 佳乃はいつから、バンダナをしているのだろう？;;;<1469> Depuis quand le portait-elle ?
<1470> あのバンダナの下には、何があるのだろう？;;;<1470> Y a-t-il quelque chose sous ce bandana ?
<1471> それを訊くのは、なぜだかためらわれた。;;;<1471> Sans trop savoir pourquoi, j'hésitai à lui demander.
<1472> バンダナにはもう触れない;;;<1472> Arrêter de mentionner le bandana
<1473> バンダナを外してみろと言う;;;<1473> Lui demander d'enlever le bandana
<1474> \{\m{A}}「さて、帰るか」;;;<1474> Allez, on rentre ?
<1475> \{佳乃}「うん…」;;;<1475> Ok...
<1476> 頷くが、この場を動こうとしない。;;;<1476> Elle acquiesça, mais ne bougea pas.
<1477> どこかもじもじしながら、俺のことを見た。;;;<1477> Elle me regardait en gigotant.
<1478> \{佳乃}「\m{A}くん」;;;<1478> \m{A}-kun.
<1479> \{\m{A}}「何だよ？」;;;<1479> Quoi ?
<1480> \{佳乃}「\m{A}くんは、旅人さんだよね？」;;;<1480> Tu es en voyage, c'est bien ça ?
<1481> \{\m{A}}「そうなるな」;;;<1481> C'est bien ça.
<1482> \{佳乃}「えっとね、今までどんなところを旅してたの？」;;;<1482> Euh... Tu as vu quels genres d'endroit jusqu'à présent ?
<1483> \{\m{A}}「いろいろだ」;;;<1483> Toutes sortes.
<1484> \{佳乃}「この町は、はじめてなんだよねぇ？」;;;<1484> C'est la première fois que tu viens dans ce village ?
<1485> \{\m{A}}「ああ」;;;<1485> Ouais.
<1486> \{\m{A}}「できるだけ大きな街を回るようにしてたからな」;;;<1486> Mais je préfère faire le tour des grandes villes.
<1487> でないと、人形芸で生計を立てるなんてできやしない。;;;<1487> Sinon, ce serait impossible de vivre de mon spectacle de marionnettes.
<1488> 俺に必要だったのは、一人の友人ではなくたくさんの他人だった。;;;<1488> Ce dont j'avais besoin, ce n'était pas d'un ami, mais de plein d'inconnus.
<1489> \{佳乃}「一人で、旅してたの？」;;;<1489> Tu as toujours voyagé seul ?
<1490> \{\m{A}}「ああ」;;;<1490> Ouais.
<1491> \{佳乃}「家族って…いないのかなぁ？」;;;<1491> Tu... n'as pas de famille ?
<1492> \{\m{A}}「いない」;;;<1492> Non.
<1493> \{佳乃}「あっ…」;;;<1493> Ah...!
<1494> 大きな瞳が、ざわりと揺らいだ。;;;<1494> Ses yeux grands ouverts tremblèrent.
<1495> \{佳乃}「ごめんなさい」;;;<1495> Je suis désolée.
<1496> \{\m{A}}「謝ることはないだろ」;;;<1496> Pas besoin de t'excuser.
<1497> \{\m{A}}「俺に家族がいないのは事実だからな」;;;<1497> Je n'ai pas de famille, c'est un fait.
<1498> 佳乃はしばらく、もじもじとためらっていた。;;;<1498> Kano resta un moment à gigoter, hésitante.
<1499> そして、こう聞いた。;;;<1499> Avant de finir par de demander :
<1500> \{佳乃}「ひとりだと、淋しくない？」;;;<1500> À force d'être seul, tu ne souffres pas de la solitude ?
<1501> \{\m{A}}「そうだな…」;;;<1501> Ben...
<1502> 旅先で、不意に思うことがある。;;;<1502> Ça m'avait déjà traversé l'esprit, sur la route.
<1503> 俺には何かが足りない、と。;;;<1503> Et j'avais réalisé qu'il me manquait quelque chose.
<1504> いつの間にか、なくしてしまったものがある、と。;;;<1504> Quelque chose que j'avais égaré sans m'en apercevoir.
<1505> 佳乃の言う『淋しい』とは、たぶん違うのだろう。;;;<1505> Mais cela ne devait pas être la 'solitude' dont avait parlé Kano.
<1506> \{\m{A}}「ずっと続けてるからな。もう慣れた」;;;<1506> Ça a toujours été comme ça. J'ai l'habitude.
<1507> \{佳乃}「なんか、それって…」;;;<1507> Mais, c'est quand même...
<1508> \{佳乃}「すごく、かなしいことだよね」;;;<1508> Super triste, tu ne trouves pas ?
<1509> そう言った佳乃の方が、悲しそうに見えた。;;;<1509> Dit comme ça, c'était elle qui semblait triste.
<1510> \{佳乃}「あたしには、お姉ちゃんがいてくれたから」;;;<1510> Moi, j'ai toujours été avec ma sœur.
<1511> \{佳乃}「あんまり淋しくなかったけど」;;;<1511> Je ne me suis jamais vraiment sentie seule.
<1512> \{\m{A}}「そうか」;;;<1512> Je vois.
<1513> \{佳乃}「うん…」;;;<1513> Oui...
<1514> ふたり、黙り込む。;;;<1514> Nous nous tûmes tous les deux.
<1515> 霧島診療所のことを思い返していた。;;;<1515> Je repensai à la Clinique Kirishima.
<1516> 佳乃と聖以外には、誰かが住んでいる雰囲気ではなかった。;;;<1516> À part Kano et Hijiri, personne d'autre n'y habitait et animait l'endroit.
<1517> \{ポテト}「ぴこぴこ～」;;;<1517> Piko piko~.
<1518> 緊張感のない音で、我に返った。;;;<1518> Un cri détendu me fit revenir à la réalité.
<1519> \{佳乃}「うんうん。お腹空いたよねぇ」;;;<1519> Hmm-hmm. Tu as faim, n'est-ce pas ?
<1520> \{ポテト}「ぴこっ」;;;<1520> Piko !
<1521> \{佳乃}「帰ろっ、\m{A}くんっ」;;;<1521> Rentrons, \m{A}-kun !
<1522> \{\m{A}}「そうだな」;;;<1522> Faisons ça.
<1523> \{佳乃}「水浴び大作戦実行部隊一同っ、これより帰還するっ！」;;;<1523> Les troupes de l'opération stratégique 'Baignade' peuvent rentrer chez elles !!
<1524> \{ポテト}「ぴこぴこっ！」;;;<1524> Piok piko !!
<1525> \{佳乃}「うんうん、本日は大戦果だったねぇ」;;;<1525> Hmm-hmm, l'opération du jour fut un grand succès.
<1526> \{ポテト}「ぴこー」;;;<1526> Piko—.
<1527> 賑やかに行進をはじめる。;;;<1527> Ils paradèrent en direction de chez eux dans une ambiance animée.
<1528> 俺も後に続く。;;;<1528> Je fermai la marche.
<1529> もう一度、橋の方を振り返ってみた。;;;<1529> Je me retournai pour regarder le pont une dernière fois.
<1530> \{\m{A}}「………」;;;<1530> .........
<1531> 来た時と部隊名が替わっているような気がした。;;;<1531> Le nom de notre section semblait avoir changé de nom par rapport à quand nous étions arrivés.
<1532> \{\m{A}}「外してみろよ」;;;<1532> Enlève-le.
<1533> \{佳乃}「え？」;;;<1533> Hein ?
<1534> \{\m{A}}「それ」;;;<1534> Ça.
<1535> バンダナを指差す。;;;<1535> Je montrai son bandana du doigt.
<1536> \{佳乃}「ん…ダメだよぉ。これは外しちゃいけないの」;;;<1536> Hmn... C'est pas possible. Je ne dois pas l'enlever.
<1537> \{\m{A}}「………」;;;<1537> .........
<1538> 気になる。;;;<1538> Je ne pouvais pas m'empêcher d'y penser.
<1539> バンダナに下に何か隠されているんだろうか。;;;<1539> Y avait-il quelque chose de caché sous le bandana ?
<1540> それとも、あのバンダナそのものに秘密でもあるんだろうか。;;;<1540> Ou bien, est-ce que le bandana lui-même renfermait un secret ?
<1541> \{\m{A}}「減るもんじゃないだろう？」;;;<1541> Allez, c'est pas grand-chose, si ?
<1542> \{佳乃}「ううん、減っちゃうの」;;;<1542> Si si, c'est grand-chose
<1543> さわやかに返してきた。;;;<1543> rétorqua-t-elle.
<1544> \{\m{A}}「何が減るんだ？」;;;<1544> Pourquoi ça ?
<1545> \{佳乃}「それは乙女のナイショだよぉ」;;;<1545> Ça, c'est un secret de jeune fille !
<1546> \{\m{A}}「ナイショでもいいから外してみろ」;;;<1546> Je m'en fiche que ce soit un secret, enlève-le.
<1547> \{佳乃}「だめぇ」;;;<1547> Non !
<1548> \{\m{A}}「外せ」;;;<1548> Enlève-le.
<1549> \{佳乃}「だめ」;;;<1549> Non.
<1550> \{\m{A}}「………」;;;<1550> .........
<1551> \{佳乃}「………」;;;<1551> .........
<1552> \{\m{A}}「ん？  アレはなんだ？」;;;<1552> Hmn ? C'est quoi, là-bas ?
<1553> 不意にあさっての方向を指さして言う。;;;<1553> dis-je en pointant dans une direction au hasard.
<1554> \{佳乃}「え？」;;;<1554> Hein ?
<1555> 佳乃の注意がそちらに向けられる。;;;<1555> L'attention de Kano se dirigea dans cette direction.
<1556> そのスキをついて、バンダナに手を伸ばした。;;;<1556> Je profitai de cette faille pour tendre la main vers le bandana.
<1557> ギュッ。;;;<1557> \bTouche\u !
<1558> まだ湿っている、冷たい布の感触。;;;<1558> Il était humide et frois au toucher.
<1559> \{佳乃}「あっ！？」;;;<1559> Ah !!?
<1560> 佳乃がバンダナに触れられた事に気づく。;;;<1560> Kano remarqua que j'avais touché son bandana.
<1561> 瞬間、その顔が強張った。;;;<1561> Son visage se figea aussitôt.
<1562> ドン！！\shake{1};;;<1562> \bPaf\u !! \shake{1}
<1563> \{\m{A}}「うわっ」;;;<1563> Uwah !
<1564> 強く胸を突かれ、二、三歩後ずさる。;;;<1564> Elle m'avait violemment poussé au niveau du torse, me forçant à reculer de deux, trois pas.
<1565> 俺の手からバンダナが離れた。;;;<1565> Ma main lâcha son bandana.
<1566> 佳乃は、右手を…バンダナを庇う様に胸の前にやり左手で押さえた。;;;<1566> Kano... colla sa main droite contre sa poitrine, sa main gauche serrée contre son poignet, comme pour le défendre.
<1567> 突かれた胸がジン…と響いた。;;;<1567> Ma poitrine ainsi agressée me faisait mal.
<1568> \{\m{A}}「…佳乃？」;;;<1568> ... Kano ?
<1569> \{佳乃}「………」;;;<1569> .........
<1570> \{佳乃}「ダメって言ってるのに…」;;;<1570> Je t'ai dit de ne pas faire ça.
<1571> その瞳が、深い悲しみに染まっている。;;;<1571> Ses yeux étaient empreints d'une profonde tristesse.
<1572> 涙こそ浮かんでいないが、漂わせる雰囲気が泣いている。;;;<1572> Bien que des larmes ne coulaient pas, elle donnait l'impression de pleurer.
<1573> ひょっとして、彼女の俺は触れてはいけない部分にふれたのか。;;;<1573> Me serais-je mêler de quelque chose que je n'aurais pas dû ?
<1574> \{佳乃}「………」;;;<1574> .........
<1575> \{佳乃}「\m{A}くん…嫌いだよ」;;;<1575> \m{A}-kun... Je te hais.
<1576> \{\m{A}}「あっ」;;;<1576> Ah.
<1577> クルリと踵を返し、走り去っていく佳乃。;;;<1577> Kano fit demi-tour et s'enfuit en courant.
<1578> \{ポテト}「ぴ、ぴこ…」;;;<1578> P-Piko...
<1579> 足下でポテトが、俺の顔と佳乃の背中を交互に見る。;;;<1579> Potato, à mes pieds, regarda tour à tour Kano qui s'éloignait et moi-même.
<1580> そして、かなりためらいながら佳乃の後を追った。;;;<1580> Puis, après avoir hésité un moment, suivit Kano.
<1581> 俺は橋の上で一人になる。;;;<1581> Il ne restait que moi sur le pont.
<1582> 手に触れたバンダナの感触を思い出す。;;;<1582> Je repensais à la sensation su bandana au toucher.
<1583> 甦った冷たい感触が、胸に刺さる。;;;<1583> La froideur que j'avais ressentie me faisait mal au cœur.
<1584> \{\m{A}}「………」;;;<1584> .........
<1585> …謝るべきか。;;;<1585> ... Je devrais m'excuser.
<1586> 自分の浅はかさを悔やみながら、歩き出した。;;;<1586> Je me mis en route, regrettant d'avoir été aussi stupide.
<1587> 霧島診療所に着いた時には、もうすっかり陽は暮れて星が瞬いていた。;;;<1587> Quand j'arrivai à la Clinique Kirishima, le soleil avait déjà achevé sa chute, laissant place au scintillement des étoiles.
<1588> 少ない石段をのぼり、ガラス戸の前に立つ。;;;<1588> Je grimpai les quelques marches et arrivait face à la porte en verre.
<1589> そして軽くノック。;;;<1589> Je toquai doucement.
<1590> 少しして、ガラスの向こうに人影が映った。;;;<1590> Un instant plus tard, une silhouette apparut derrière la porte.
<1591> 戸が開く。;;;<1591> Celle-ci s'ouvrit.
<1592> \{聖}「なんだ、君か」;;;<1592> Ah, c'est juste toi.
<1593> \{\m{A}}「佳乃はいるか？」;;;<1593> Kano est là ?
<1594> \{聖}「もちろんだ」;;;<1594> Bien sûr.
<1595> \{\m{A}}「ちょっと呼んできてくれないか」;;;<1595> Tu pourrais l'appeler ?
<1596> \{聖}「…断る」;;;<1596> ... Non.
<1597> 予想もしなかった返事を浴びせられる。;;;<1597> Sa réponse inattendue me prit au dépourvu.
<1598> \{聖}「君が何をしたのかは知らないが、あの子は君に会いたくないと言っている」;;;<1598> Je ne sais pas ce que tu lui as fait, mais elle m'a dit qu'elle ne voulait plus te voir.
<1599> \{\m{A}}「………」;;;<1599> .........
<1600> \{聖}「そう言うことなのでお引き取り願おう」;;;<1600> C'est pourquoi je te prie de bien vouloir partir.
<1601> \{\m{A}}「そうか…」;;;<1601> Je vois...
<1602> \{\m{A}}「じゃあ、明日にでも改めて…」;;;<1602> Bon, ben je réessaierai demain.
<1603> \{聖}「それも結構だ」;;;<1603> Ce ne sera pas nécessaire.
<1604> \{\m{A}}「…？」;;;<1604> ...?
<1605> \{聖}「もう、君に会いたくないと言っている」;;;<1605> Je t'ai dit qu'elle ne voulait plus te voir.
<1606> \{聖}「だから、もうこなくてもいい」;;;<1606> Et donc, ça ne te servira à rien de revenir.
<1607> \{聖}「大道芸も、別の場所でやってもらおう」;;;<1607> Va faire ton spectacle autre part.
<1608> \{\m{A}}「………」;;;<1608> .........
<1609> \{聖}「もうこの界隈に近寄らないことだな」;;;<1609> Et ne t'approche plus jamais d'ici.
<1610> 聖はそう言うと、診療所の中に入っていった。;;;<1610> dit-elle avant de rentrer dans la clinique.
<1611> 夜の風が吹く商店街でひとり立ちつくす。;;;<1611> J'étais seul, dans la rue commerçante balayée par un vent nocturne.
<1612> どうやら、完全に嫌われたらしい。;;;<1612> Apparemment, je n'étais plus le bienvenu.
<1613> あの姉がメスを振り回さなかった事が、奇跡に近いのかもしれない。;;;<1613> C'était quasiment un miracle que Hijiri n'eût pas dégainé ses scalpels.
<1614> ………。;;;<1614> ..........
<1615> いや…本気で怒っているからこそ、もう俺を相手にしないのか…。;;;<1615> Nan... C'était justement parce qu'elle était vraiment en colère qu'elle ne voulait plus avoir affaire à moi...
<1616> \{\m{A}}「…ふぅ」;;;<1616> ... Fiou.
<1617> ため息が夜の闇に溶けていく。;;;<1617> Mon soupir se dispersa dans les ténèbres de la nuit.
<1618> …この町も潮時かな…。;;;<1618> ... Quelque chose me dit que c'était le moment parfait pour quitter ce village...
<1619> 通り抜ける風に背中を押される様に、俺は歩き出した。;;;<1619> Je traversai la rue, poussé par le vent.
<1620> ………。;;;<1620> ..........
<1621> ……。;;;<1621> .......
<1622> …。;;;<1622> ....
<1623> その夜。;;;<1623> Cette nuit-là.
<1624> \{\m{A}}「…晩飯にするか」;;;<1624> ... Allez, dînons.
<1625> 俺は重い腰を上げて、脇においてある米袋の封を切った。;;;<1625> Je m'activai, et ouvris le sac de riz à côté de moi.
<1626> そして、袋の中に手を入れて、米の感触を味わう。;;;<1626> Cela fait, je glissai une main à l'intérieur pour sentir les grains de riz couler entre mes doigts.
<1627> じゅうぶん感触を味わった後、飯盒を持ち出して、適当な量をすくい上げる。;;;<1627> Après avoir suffisamment profité de cette sensation, je sortis ma gamelle, et y versai une quantité raisonnable de riz.
<1628> それを、水道の水で軽く洗い、ぬかを落とす。;;;<1628> Que je lavai ensuite doucement à l'eau du robinet.
<1629> 後は水加減。;;;<1629> Puis j'ajoutai de l'eau.
<1630> 飯盒の内側には目盛りがついているが、あまり気にしない。;;;<1630> La gamelle était graduée, mais je n'y prêtai pas attention.
<1631> 水加減は、指の第一関節を目安にすればちょうど良いと聞いたことがある。;;;<1631> J'avais entendu dire que volume d'eau était correct quand celle-ci dépassait d'une phalange au-dessus de la surface du riz.
<1632> 俺はその言葉にしたがい、水道の水を米の入った飯盒に注いだ。;;;<1632> J'introduisis de l'eau du robinet dans la gamelle en suivant ce principe.
<1633> \{\m{A}}「っと、あとは、こいつを固定する枝と石かなにかがあれば…」;;;<1633> Maintenant, il me faudrait des pierres ou des bâtons pour la fixer en place...
<1634> がさがさと音をたてて、駅舎脇の草むらにわけ入る。;;;<1634> Je me mis à fouiller bruyamment dans l'herbe qui entourait la gare. 
<1635> さすがは田舎町だ。;;;<1635> C'était bien un village de campagne.
<1636> 手頃な大きさの石と枝は、すぐさま見つかる。;;;<1636> Je trouvai rapidement des pierres de taille moyenne et des bâtons.
<1637> 俺は、意気揚々に飯盒を枝と石を使って固定する。;;;<1637> Triomphant, je m'en servis pour caler ma gamelle.
<1638> これで準備完了。;;;<1638> Les préparations étaient terminées.
<1639> ちょっとしたキャンプ気分も味わえて、実は結構贅沢だ。;;;<1639> J'avais un peu l'impression de camper, tout en profitant d'un certain confort.
<1640> あとはこれを火にかければ…。;;;<1640> Il ne me restait plus qu'à mettre tout ça sur le feu...
<1641> \{\m{A}}「………」;;;<1641> .........
<1642> \{\m{A}}「うっ」;;;<1642> Ugh !
<1643> 火がなかった。;;;<1643> Il n'y avait pas de feu.
<1644> \{\m{A}}「………」;;;<1644> .........
<1645> \{\m{A}}「悲しいっすよ兄貴ィ…」;;;<1645> C'est grave triste, mon frère...
<1646> そんなひと、俺にはいなかった。;;;<1646> Je n'avais pas de frère.
<1647> ぐーーー…。;;;<1647> \bGargouille———\u...
<1648> 腹が鳴った。;;;<1648> Mon ventre gronda.
<1649> 目の前に米があるというのに、腹を膨らますことができない。;;;<1649> J'avais tout ce riz juste devant mes yeux, et je ne pouvais même pas me remplir le ventre avec.
<1650> 人生はきっと辛いことの方が多い。;;;<1650> La vie est clairement davantage remplie de douleurs que de joies.
<1651> \{\m{A}}「はぁ～…」;;;<1651> Haa~...
<1652> ベンチの上に寝ころびながら、人形を目の上にかざしてみた。;;;<1652> Je m'allongeai sur le banc, et amenai ma marionnette devant mes yeux.
<1653> 乏しい月明かりに代わって夜闇を照らす、古びた蛍光灯。;;;<1653> Une vieille lampe fluorescente éclairait mieux pénombre que le clair de lune.
<1654> その周りに群がる羽虫たちの奏でる音が、かちかちかち。;;;<1654> Des nuées d'insectes volants dansaient bruyamment sous cette lumière.
<1655> じっと人形を見つめる。;;;<1655> Je fixai attentivement ma marionnette.
<1656> \{\m{A}}「なにが、お子様たちの心をゲットだよ…」;;;<1656> C'était censé captiver les cœurs des enfants, ça ?
<1657> 黄色みを帯びた光に浮かび上がる、ピンクのフレアスカート。;;;<1657> Sa robe rose évasée ressortait dans la lumière jaune.
<1658> …はっきり言って、不気味だ。;;;<1658> ... Pour être honnête, elle faisait peur.
<1659> もともとが可愛い人形でなかったことは認める。;;;<1659> Je voulais bien reconnaître qu'elle n'avait jamais été particulièrement mignonne.
<1660> でも、敢えて言わしてもらうとすれば、もっと不気味だ。;;;<1660> Mais là, si je devais m'avancer, j'aurais dit qu'elle faisait encore plus peur.
<1661> \{\m{A}}「はぁ…」;;;<1661> Haa...
<1662> ため息も出るというものだ。;;;<1662> Ça me faisait soupirer.
<1663> 遠野の甘い言葉を信じた俺が馬鹿だった。;;;<1663> Je n'aurais pas dû me laisser tenter par les paroles mielleuses de Tohno.
<1664> 確かに、いつもよりかは人目を引けたかもしれない。;;;<1664> Il était indéniable qu'elle n'avait jamais autant attiré les regards des gens.
<1665> とくに、子供ではなく大人たちの目は、普段とは比べものにならないほど引けた。;;;<1665> Sauf que ce n'étaient pas les regards des enfants, mais ceux des adultes, qu'elle attirait le plus.
<1666> でも、その目はまさしく奇異の眼差しと呼ぶに相応しかった。;;;<1666> Et puis, ces yeux méritaient qu'on les qualifiât de 'bizarres'.
<1667> 『うわっ、きっしょ』てな感じである。;;;<1667> Elle faisait penser : 'Beurk, trop flippante'.
<1668> \{\m{A}}「………」;;;<1668> .........
<1669> \{\m{A}}「…脱がそう」;;;<1669> ... C'est le moment de la déshabiller.
<1670> 遠野には悪いが、いたしかたない。;;;<1670> Je me sentais mal pour Tohno, mais je n'avais pas le choix.
<1671> 俺は、ピンク色の服に手をかけた。;;;<1671> Je posai une main sur ses vêtements roses.
<1672> ぐい。;;;<1672> \bTire\u.
<1673> \{\m{A}}「あれ…」;;;<1673> Oh...?
<1674> ぐいぐい。;;;<1674> \bTire tire\u.
<1675> \{\m{A}}「ぬ、脱げない…」;;;<1675> J-J'arrive pas à l'enlever...
<1676> ぐいぐいぐい。;;;<1676> \bTire tire tire\u.
<1677> ぐいぐいぐいぐいぐいぐい。;;;<1677> \bTire tire tire tire tire tire\u.
<1678> ぐいぐいぐいぐいぐいぐいぐいぐいぐいぐいぐい。;;;<1678> \bTire tire tire tire tire tire Tire tire tire tire tire\u.
<1679> \{\m{A}}「…はぁ…はぁ…はぁ…」;;;<1679> ... Haa... Haa... Haa...
<1680> 非常にまずい状況だった。;;;<1680> C'était particulièrement compliqué.
<1681> \{\m{A}}「あいつ、どういう縫い方をしやがったんだ」;;;<1681> Comment est-ce qu'elle s'y est prise pour coudre ça comme ça ?
<1682> もはや、俺の中で遠野に対する感謝の気持ちは消え失せていた。;;;<1682> Toute ma considération pour Tohno s'était rapidement envolée.
<1683> \{\m{A}}「………」;;;<1683> .........
<1684> \{\m{A}}「…破こう」;;;<1684> ... Déchirons-les.
<1685> そう決めた。;;;<1685> Je m'y résolus.
<1686> \{\m{A}}「んぎぎぎぎ…」;;;<1686> Ngigigigi...
<1687> 服の部分を握り、左右に引っ張る。;;;<1687> Je saisis les extrémités opposés de ses vêtements, et tirai.
<1688> \{\m{A}}「んぎぎぎぎぎ…」;;;<1688> Ngigigigigi...
<1689> 引っ張る。;;;<1689> Et tirai.
<1690> \{\m{A}}「んぎぎぎぎぎぎ…」;;;<1690> Ngigigigigigi...
<1691> 引っ張る。;;;<1691> Et tirai.
<1692> \{\m{A}}「んぎぎぎぎぎぎぎ…」;;;<1692> Ngigigigigigi...
<1693> 一時間後…。;;;<1693> Une heure plus tard...
<1694> \{\m{A}}「はぁ…はぁ…はぁ…」;;;<1694> ... Haa... Haa... Haa...
<1695> ピンク色の服は、その愛らしさに似合わず頑強で、びくともしなかった。;;;<1695> Aussi mignons qu'ils étaient, ces vêtements roses ne se laissaient surprenamment pas faire.
<1696> \{\m{A}}「く、くそ…」;;;<1696> B-Bon sang...
<1697> 俺は苦い思いを噛みしめながら、服の縫い目を見てみた。;;;<1697> Je me mordis la langue pour réfréner ma frustration, et inspectai les coutures.
<1698> \{\m{A}}「………」;;;<1698> .........
<1699> \{\m{A}}「…嫌がらせか？」;;;<1699> ... Elle l'a fait exprès pour m'embêter ?
<1700> びくともしないはずである。;;;<1700> Il y avait une raison à sa robustesse.
<1701> 幾重にも細やかに重ね縫われた糸は、縫い目が小指ほどの太さになっていた。;;;<1701> Il y avait des tas de petits fils entrecroisés qui formaient une masse de couture aussi épaisse qu'un petit doigt.
<1702> しかも、その糸は服だけに飽きたらず、人形の中心付近にまで達し縫いつけられていた。;;;<1702> En outre, ces fils n'étaient par seulement cousus aux vêtements : ils étaient aussi cousus directement à l'intérieur de ma marionnette.
<1703> これを無理に破こうとすると、人形の身体自体がバラバラになってしまう。;;;<1703> Si je forçais assez fort pour les rompre, ma marionnette serait déchirée en mille morceaux.
<1704> 飛び散る内臓のごとく、中の綿が飛び散る仕掛けだ。;;;<1704> Un mécanisme prévu pour faire jaillir le coton comme une explosion d'entrailles.
<1705> ある意味、超人的な器用さともいえる。;;;<1705> Une telle dextérité était pour ainsi dire surhumaine.
<1706> \{\m{A}}「…などと、感心している場合じゃない」;;;<1706> ... Enfin bref, ce n'est pas le moment de se laisser impressionner.
<1707> とりあえず、ハサミで糸を切ることにする。;;;<1707> Je me résolus à couper des fils avec des ciseaux.
<1708> \{\m{A}}「ハサミ、ハサミ…」;;;<1708> Ciseaux, ciseaux...
<1709> バッグの中を物色してみる。;;;<1709> Je les cherchai dans mon sac.
<1710> ………。;;;<1710> ..........
<1711> …あるはずがなかった。;;;<1711> ... Je n'avais pas de ciseaux.
<1712> \{\m{A}}「くそっ。それなら、何かハサミの代わりになるものを…」;;;<1712> Bon sang ! Si c'est comme ça, n'y a-t-il rien d'autre que je puisse utiliser à la place de ciseaux ?
<1713> 再びバッグの中を物色してみる。;;;<1713> Je me remis à chercher dans mon sac.
<1714> ………。;;;<1714> ..........
<1715> …剃刀発見。;;;<1715> ... Trouvé : un rasoir.
<1716> \{\m{A}}「これなら、もしかしたら…」;;;<1716> Avec ça, peut-être bien que...
<1717> 試してみる。;;;<1717> Je fis l'expérience.
<1718> しゅ…しゅ…しゅ…;;;<1718> \bCoupe\u... \bCoupe\u... \bCoupe\u...
<1719> カキーン！;;;<1719> \bCrac\u !
<1720> びしゅっ！;;;<1720> \bFioush\u !!
<1721> \{\m{A}}「うおっ」;;;<1721> Uwoh !
<1722> 速攻ではじき飛ばされた刃が、折れて俺の頬をかすめた。;;;<1722> La lame s'était brisée et m'avait foncé dessus.
<1723> …ヤバかった。;;;<1723> ... Dangereux.
<1724> いつの間にか、俺は命をねらわれる存在になっていたらしい。;;;<1724> À croire que ma vie était en danger.
<1725> \{\m{A}}「はぁ…」;;;<1725> Haa...
<1726> \{\m{A}}「しかたない。明日、遠野に頼んで直してもらうとするか」;;;<1726> Pas le choix. Je demanderai à Tohno de régler ça demain.
<1727> 人形を脇におき、ベンチの上に寝転がる。;;;<1727> Je posai ma marionnette sur le côté, et m'allongeai sur le banc.
<1728> 疲れていた。体が妙に重かった。;;;<1728> J'étais épuisé. Mon corps me paraissait étrangement lourd.
<1729> このまま目を閉じれば、すぐにでも眠りは訪れてくれそうだった。;;;<1729> À ce rythme, il me suffirait de fermer les yeux pour sombrer dans le sommeil.
<1730> \{\m{A}}「そういや、今日はやたらと動きまわったからな…」;;;<1730> Maintenant que j'y pense, j'ai couru dans tous les sens, aujourd'hui...
<1731> 昼間のことを思い出してみる。;;;<1731> J'essayai de me remémorer les événements de la journée.
<1732> 思い出してみると、米袋の重みを全身に感じて、余計に体が重たくなった。;;;<1732> Quand j'y repensai, j'eus l'impression que tout le poids des sacs de riz m'écrasait.
<1733> ゆっくりとまぶたを閉じる。;;;<1733> Je fermai doucement mes paupières.
<1734> 今夜は、夢を見るだろうか…。;;;<1734> Allais-je rêver, cette nuit...?
<1735> 俺は、現ではない、夢の世界に身を落とせるだろうか…。;;;<1735> Allais-je me retrouver dans un monde onirique ou bien dans le monde réel...?
