<0000> ７月２２日(土);;;<0000> 22/07 (sam.)
<0001> いつものように、俺と観鈴は肩を並べて学校を目指す。;;;<0001> Comme à notre habitude, Misuzu et moi marchions ensemble jusqu'à l'école.
<0002> 翌朝。;;;<0002> Le lendemain matin.
<0003> いつものように、俺と観鈴は肩を並べて学校を目指す。;;;<0003> Comme à notre habitude, Misuzu et moi marchions ensemble jusqu'à l'école.
<0004> だが、この日は他に寄るところがあった。;;;<0004> Mais ce jour-là, nous avions une étape supplémentaire sur notre route.
<0005> 女の子の家の前で、俺と観鈴は待っていた。;;;<0005> Nous patientions en face de la maison de la fille de l'autre jour.
<0006> \{\m{A}}「時間、大丈夫か」;;;<0006> Ça va, niveau temps ?
<0007> \{観鈴}「うん、もうちょっとだけ」;;;<0007> Oui, juste encore un peu.
<0008> 観鈴はずっと、ナマケモノのぬいぐるみを抱いていた。;;;<0008> Misuzu avait gardé le paresseux en peluche serré contre elle pendant tout ce temps.
<0009> \{観鈴}「あ、出てきた」;;;<0009> Ah, elle sort.
<0010> 母親と共に、あの小さな女の子が出てきた。;;;<0010> Accompagnée de sa mère, la petite fille sortit.
<0011> 確か、さいか、と言った。字は知らない。;;;<0011> Je me rappelai que son nom se prononçait 'Saika'. Aucune idée des caractères.
<0012> 彩るに香る、とでも書くのだろうか。;;;<0012> Peut-être avec 彩 et 香 ?
<0013> 駆けてくる。;;;<0013> Elle courut vers nous.
<0014> 一直線に観鈴を目指した。;;;<0014> Elle traça en ligne droite en direction de Misuzu.
<0015> 俺のほうには見向きもしない。;;;<0015> Elle ne paya pas la moindre attention à moi.
<0016> \{観鈴}「はい」;;;<0016> Tiens.
<0017> 観鈴はその子にぬいぐるみを手渡す。;;;<0017> Misuzu remit la peluche à la fille.
<0018> \{\m{A}}「待て」;;;<0018> Attends.
<0019> 俺は止めて、ぬいぐるみに手を当てた。;;;<0019> Je l'interrompis, puis touchai la peluche.
<0020> \{観鈴}「ん？」;;;<0020> Hmm ?
<0021> \{\m{A}}「いや、なんでも」;;;<0021> Nan, rien.
<0022> \{観鈴}「はい」;;;<0022> Tiens.
<0023> 改めて、観鈴が女の子にぬいぐるみを手渡した。;;;<0023> Encore une fois, Misuzu remit la peluche à la fille.
<0024> 女の子はそれを抱いて、母の元まで戻った。;;;<0024> La fille la serra contre elle, pusi revint à sa mère.
<0025> \{観鈴}「ばいばい」;;;<0025> Bye bye.
<0026> 観鈴はぱたぱたと手を振る。;;;<0026> Misuzu leur fit les salua en agitant la main.
<0027> 女の子も母親も、手を振って、別れを告げた。;;;<0027> La fille et sa mère lui firent un signe à leur tour, en guise d'au revoir.
<0028> \{観鈴}「あの子ね、病院から抜け出してきたんだって」;;;<0028> J'ai entendu dire que cette fille s'était enfuie de l'hôpital.
<0029> \{\m{A}}「そうなのか」;;;<0029> Vraiment ?
<0030> そのことを昨日の帰り際、話していたのか。;;;<0030> Était-ce de ça dont elles avaient parlé en partant, la veille ?
<0031> \{観鈴}「でも、あのぬいぐるみと一緒だったら、大丈夫だって」;;;<0031> Mais bon, avec cette peluche, rien ne peut lui arriver.
<0032> \{\m{A}}「どうして」;;;<0032> Pourquoi ?
<0033> \{観鈴}「友達になれたからって」;;;<0033> Parce qu'ils sont devenus amis.
<0034> \{\m{A}}「そっか」;;;<0034> Je vois.
<0035> \{観鈴}「だから、ナマケモノさんとふたりで、病院に戻るって」;;;<0035> Et donc, elle et le paresseux vont revenir à l'hôpital, à deux.
<0036> \{\m{A}}「そっか。そら良かったな」;;;<0036> Je vois. C'est une bonne chose.
<0037> \{観鈴}「………」;;;<0037> .........
<0038> \{観鈴}「\m{A}さん、笑わせられるよ。子供たち」;;;<0038> \m{A}-san, tu sais faire sourire les enfants.
<0039> \{\m{A}}「それはどうかな」;;;<0039> Je me le demande...
<0040> \{観鈴}「純粋に心から笑わせること、できるよ」;;;<0040> Tu sais provoquer des rires spontanés.
<0041> \{観鈴}「だって…」;;;<0041> Parce que...
<0042> \{観鈴}「今、あのぬいぐるみに触れたのだって、あの子を喜ばせるためだもんね」;;;<0042> Là, tu viens juste de toucher la peluche, c'était pour rendre cette fille heureuse.
<0043> \{\m{A}}「それは違う」;;;<0043> C'est pas ça.
<0044> 去ってゆく親子。;;;<0044> La mère et sa fille s'en allaient.
<0045> 女の子の背から、ナマケモノが手を振っていた。こっちに向けて。;;;<0045> Sur le dos de la fille, le paresseux faisait un signe de la main. Il nous était adressé.
<0046> \{観鈴}「にはは…」;;;<0046> Nihaha...
<0047> 観鈴はもう一度、ぱたぱたと手を振り直す。;;;<0047> Misuzu le salua en agitant encore une fois sa main.
<0048> \{\m{A}}「いこう。また遅刻するぞ」;;;<0048> Allons-y. On va encore être en retard.
<0049> \{観鈴}「うん」;;;<0049> Oui.
<0050> 誰かの撒いた水が染みる地面。;;;<0050> Le sol était humide. Quelqu'un l'avait arrosé.
<0051> また陽が高くなれば、それは跡も残さず消えてゆくのだろう。;;;<0051> Quand le soleil se sera encore élevé, ces traces disparaîtront.
<0052> まだ夏は繰り返しの中にある。;;;<0052> Cette routine estivale se répétait.
<0053> 空に時間はあるのだろうか。;;;<0053> Est-ce que le temps avait un sens pour le ciel ?
<0054> 今も仰げば、同じ空がある。;;;<0054> Si je levais les yeux, je voyais toujours le même ciel.
<0055> 変わらずそこに。;;;<0055> Rien ne changeait, là-haut.
<0056> 延々と、それは続くと思っていた。;;;<0056> J'avais l'impression que cela continuerait éternellement.
<0057> …この空の向こうには、翼を持った少女がいる。;;;<0057> ... De l'autre côté de ce ciel, il y avait une fille pourvue d'ailes.
<0058> …それは、ずっと昔から。;;;<0058> .... Elle y était depuis bien longtemps.
<0059> …そして、今、この時も。;;;<0059> ... Et encore maintenant.
<0060> …同じ大気の中で、翼を広げて風を受け続けている。;;;<0060> ... Dans cette même atmosphère, elle laissait le vent s'engouffrer dans ses ailes déployées.
<0061> 心の中にその姿が広がる。;;;<0061> Sa silhouette se dessinait dans mon esprit.
<0062> 美しい光景。;;;<0062> Quelle scène ravissante.
<0063> なのに、どうしてか、それは悲しみに満ちていた。;;;<0063> Et pourtant, d'une certaine manière, cette scène débordait de tristesse.
<0064> 視線を地上に戻した。;;;<0064> Misuzu me fit revenir sur terre.
<0065> 俺の旅の目的。;;;<0065> L'objectif de mon voyage.
<0066> この空に今もいるという、少女を探しだすこと。;;;<0066> Chercher cette fille qui est encore dans le ciel.
<0067> 探しだして、そしてどうするかなんて決めていなかった。;;;<0067> Je ne m'étais toujours pas décidé quant à ce que je ferais une fois que je l'aurais trouvée.
<0068> ただ、幼い日に母から聞かされて俺の中に生まれたイメージ…それを追い求めてるだけだった。;;;<0068> Mais bon, tout ce que je faisais, c'était courir après une image... une image instillée par ce que m'avait raconté ma mère quand j'étais tout petit.
<0069> それなのに、空にいる少女はいつも悲しそうな顔をしていた。;;;<0069> Et la fille y avait toujours une mine triste.
<0070> 悲しい色に染まった夢。;;;<0070> C'était un rêve teinté de tristesse.
<0071> 空の蒼はいつの日も悲しみの色だった。;;;<0071> Le bleu du ciel y était tous les jours celui du chagrin.
<0072> \　\r;;;<0072> \　\r
<0073> \　\r;;;<0073> \　\r
<0074> もし、その少女がこの地上に降りていたら…;;;<0074> Peut-être, si cette fille redescendait sur terre...
<0075> それは、こんな姿なのだろうか。;;;<0075> Lui ressemblerait-elle ?
<0076> \{\m{A}}「観鈴」;;;<0076> Misuzu.
<0077> \{観鈴}「ん？」;;;<0077> Hmm ?
<0078> \{\m{A}}「おまえに翼はあるか」;;;<0078> T'as des ailes ?
<0079> \{観鈴}「翼？」;;;<0079> Des ailes ?
<0080> \{\m{A}}「ああ」;;;<0080> Ouais.
<0081> \{観鈴}「あるわけないよ」;;;<0081> Bien sûr que je n'en ai pas.
<0082> \{観鈴}「あったらいいなとは思うけど」;;;<0082> Mais si j'en avais, ce serait bien, je pense.
<0083> \{\m{A}}「だろうな」;;;<0083> N'est-ce pas.
<0084> \{観鈴}「\m{A}さん、ヘンなの」;;;<0084> \m{A}-san, tu es bizarre.
<0085> その通りだった。;;;<0085> C'était correct.
<0086> 空にいる少女が観鈴のはずはない。;;;<0086> La fille dans le ciel ne pouvait être Misuzu.
<0087> それほどに、観鈴の笑顔は近くにあった。;;;<0087> Le visage radieux de Misuzu était bien trop proche.
<0088> なぜそんなことを考えたのだろう？;;;<0088> Alors pourquoi y ai-je pensé ?
<0089> 自分でも、よくわからなかった。;;;<0089> Moi-même, je n'arrivais pas à le comprendre.
<0090> \{観鈴}「あ、ちょうどいい時間」;;;<0090> Ah, pile à l'heure.
<0091> \{\m{A}}「そっか」;;;<0091> Je vois.
<0092> \{観鈴}「じゃ、行ってくるねー」;;;<0092> Bon, ben j'y vais—.
<0093> 俺が知りうる中で、初めて彼女が遅刻せずに登校できた瞬間だ。;;;<0093> À ma connaissance, c'était la première fois qu'elle n'arriva pas en retard à l'école.
<0094> \{観鈴}「ぶいっ」;;;<0094> V !
<0095> 校門の前で振り返り、誇らしげにピースサインをして見せた。;;;<0095> Arrivée devant le portail de l'école, Misuzu se retourna pour m'adresser un triomphant V de la victoire.
<0096> \{\m{A}}（あたりまえだっての…）;;;<0096> C'est la moindre des choses, tu sais...
<0097> 遅刻しなかったことを威張れるのもこいつぐらいなもんだ。;;;<0097> C'était la seule à être toute fière de ne pas être arrivée en retard.
<0098> \{観鈴}「帰ったら、いっしょに遊びたいな」;;;<0098> Quand on rentrera, je veux qu'on joue ensemble.
<0099> \{\m{A}}「ひとりで遊んでくれ」;;;<0099> Tu joueras toute seule.
<0100> \{観鈴}「うーん、じゃあ、補習がんばれない」;;;<0100> Hmm... dans ce cas, je pourrai pas faire de mon mieux au soutien.
<0101> \{\m{A}}「勝手なこと言うな。俺は忙しいんだよ」;;;<0101> N'en fais pas qu'à ta tête. J'ai des choses à faire, moi.
<0102> \{観鈴}「なんか終わった後に楽しみ欲しいな…」;;;<0102> C'est juste que j'aimerais une raison d'avoir hâte que ça se finisse...
<0103> わかったよ;;;<0103> Je comprends
<0104> 友達と遊べ;;;<0104> Va jouer avec tes amis
<0105> \{\m{A}}「ああ、わかったよ」;;;<0105> Ouais, je comprends.
<0106> 仕方なく、折れることにする。;;;<0106> Je n'avais pas d'autre choix que de céder.
<0107> そうしないと、いつまでもこいつは登校しようとしないだろう。;;;<0107> Sans ça, elle n'entrerait jamais dans l'école.
<0108> \{観鈴}「ほんと？」;;;<0108> Pour de vrai ?
<0109> \{\m{A}}「ああ」;;;<0109> Ouais.
<0110> \{観鈴}「じゃ、補習がんばれる」;;;<0110> Dans ce cas, je vais faire un effort pour au soutien.
<0111> \{\m{A}}「頑張ってこい」;;;<0111> Fais de ton mieux.
<0112> \{観鈴}「うん」;;;<0112> Oui.
<0113> \{観鈴}「えっと…なにしよっか」;;;<0113> Euh... qu'est-ce qu'on pourrait faire ?
<0114> \{\m{A}}「早くいけっ」;;;<0114> Dépêche-toi !
<0115> \{観鈴}「え？  なんて？」;;;<0115> Hein ? Tu as dit quoi ?
<0116> 聞こえていない。風が強すぎる。;;;<0116> Elle ne m'avait pas entendu. Le vent était trop fort.
<0117> \{\m{A}}「遅刻するぞ、馬鹿」;;;<0117> Tu vas être en retard, idiote.
<0118> もうあいつの頭の中は、午後から遊ぶことで一杯なのだ。;;;<0118> L'autre était en train d'optimiser notre programme de jeux pour l'après-midi.
<0119> \{\m{A}}「急げって！」;;;<0119> Magne-toi !
<0120> 怒鳴る。;;;<0120> criai-je.
<0121> 風はますます強くなり、声をかき消す。;;;<0121> Mais le vent était de plus en plus fort et noyait ma voix.
<0122> 観鈴はめくれるスカートを押さえるのに必死だった。;;;<0122> Misuzu était désespérément en train de retenir sa jupe pour qu'elle ne se soulève pas.
<0123> 俺は諦めて風がやむのを待つことにした。;;;<0123> Je me résolus à attendre que le vent se calme.
<0124> そして、風がやんだ時、聞こえたのはチャイムの鳴り終えた余韻だった。;;;<0124> Et quand le vent retomba, j'entendis les derniers échos de la sonnerie.
<0125> \{観鈴}「…なんて？」;;;<0125> ... Tu as dit quoi ?
<0126> \{\m{A}}「もういい。ゆっくり行け」;;;<0126> Peu importe. Preds ton temps.
<0127> \{観鈴}「うん。じゃあ、待っててね」;;;<0127> Oui. Alors, attends-moi.
<0128> 駆けていった。;;;<0128> Elle décampa.
<0129> 当事者だけは、チャイムが鳴り終えた後だと気づいていないらしい。;;;<0129> L'intéressée était la seule à ne pas avoir remarqué la sonnerie.
<0130> 足取り軽く、門をくぐり抜けていった。;;;<0130> Elle franchit le portail à pas légers.
<0131> \{\m{A}}「俺じゃなくていいだろ。補習終わったら、友達連れて帰ってこい」;;;<0131> Pas besoin de moi pour ça. Quand ton soutien sera fini, tu prendras tes amis avec toi.
<0132> \{観鈴}「うーん…そうだね」;;;<0132> Hmm... je peux faire ça.
<0133> \{観鈴}「誘ってみようかな…」;;;<0133> J'essaierai de les inviter...
<0134> \{\m{A}}「ああ、そうしろ。俺は夕方まで家に戻らないようにするから、好き放題遊べばいい」;;;<0134> Ouais, fais ça. Je serai pas rentré à la maison avant le soir, alors amuse-toi autant que tu le veux.
<0135> \{観鈴}「うん、好き放題遊ぶ」;;;<0135> Oui, je vais m'amuser autant que je le veux.
<0136> \{観鈴}「じゃ、行ってくるねー」;;;<0136> Bon, ben j'y vais—.
<0137> 振り返り、ぱたぱたと走っていった。;;;<0137> Elle se retourna, puis détalla.
<0138> チャイムはまだ鳴っていない。;;;<0138> La sonnerie n'avait pas encore retenti.
<0139> \{\m{A}}「…雪降るかもな」;;;<0139> ... Il va peut-être neiger.
<0140> \{\m{A}}「俺じゃなくていいだろ。補習終わったら、友達連れて帰ってこい」;;;<0140> Pas besoin de moi. Quand ton soutien sera fini, tu emmèneras tes amis avec toi.
<0141> \{観鈴}「うーん…そうだね」;;;<0141> Hmm... je peux faire ça.
<0142> \{観鈴}「誘ってみようかな…」;;;<0142> J'essaierai de les inviter...
<0143> \{\m{A}}「ああ、そうしろ。俺は夕方まで家に戻らないようにするから、好き放題遊べばいい」;;;<0143> Ouais, fais ça. Je serai pas rentré à la maison avant le soir, alors amuse-toi autant que tu le veux.
<0144> \{観鈴}「うん、好き放題遊ぶ」;;;<0144> Oui, je vais m'amuser autant que je le veux.
<0145> \{観鈴}「じゃ、行ってくるねー」;;;<0145> Bon, ben j'y vais—.
<0146> 振り返り、ぱたぱたと走っていった。;;;<0146> Elle se retourna, puis détalla.
<0147> チャイムはまだ鳴っていない。;;;<0147> La sonnerie n'avait pas encore retenti.
<0148> \{\m{A}}「…雪降るかもな」;;;<0148> ... Il va peut-être neiger.
<0149> …\m{A}さん、笑わせられるよ。子供たち。;;;<0149> \m{A}-san, tu sais faire sourire les enfants.
<0150> 今朝、観鈴はそう言っていた。;;;<0150> Misuzu m'avait dit ça, ce matin.
<0151> 何か、変わっただろうか。;;;<0151> Est-ce que j'avais changé ?
<0152> 自分の手を見つめてみる。;;;<0152> Je regardai attentivement mes mains.
<0153> 人形を歩かせてみる。;;;<0153> Je tentai de faire bouger ma marionnette.
<0154> なにひとつ変わらない。;;;<0154> Rien n'avait changé.
<0155> 観鈴はどうして、あんなことを言ったのだろうか。;;;<0155> Pourquoi Misuzu avait-elle dit une chose pareille ?
<0156> あいつのことだから、深い考えはないか…。;;;<0156> Mieux valait ne pas trop réfléchir à ce qu'elle disait, celle-là...
<0157> 堤防の上で、風に吹かれていた。;;;<0157> Là-haut sur la digue, le vent soufflait fort.
<0158> 地面を焼く夏の陽射し。;;;<0158> Et les rayons du soleil brûlaient le sol.
<0159> 玉のような汗が額をつたう。;;;<0159> Des gouttes de sueur perlaient sur mon front.
<0160> \{\m{A}}「アジィ…」;;;<0160> Fais chaud...
<0161> 思わず声に出る。;;;<0161> lâchai-je par réflexe.
<0162> 背後から聞こえてくる波の音。;;;<0162> J'entendais le bruit des vagues dans mon dos.
<0163> あまりの暑さに、このまま海にむかって駆け出したい衝動に駆られる。;;;<0163> Il faisait tellement chaud que j'allais finir par piquer un sprint en direction de la mer.
<0164> そこで俺は想像してみた。;;;<0164> Du moins, dans mon imagination.
<0165> 走りながらシャツを脱ぎ、上半身裸でバシャバシャと海に入っていく自分の姿を。;;;<0165> Je me voyais en train d'enlever mon haut et de courir torse nu dans la mer, éclaboussant tout autour de moi.
<0166> \{\m{A}}「………」;;;<0166> .........
<0167> あまりにも不釣り合いだった。;;;<0167> C'était un peu trop.
<0168> …馬鹿なこと考えてないで、行くか。;;;<0168> ... Arrêtons de penser à des bêtises, et mettons-nous en route.
<0169> 腰を上げる。;;;<0169> Je me relevai.
<0170> まだ日は高い。;;;<0170> Le soleil était encore haut.
<0171> 稼ぎに行く前に、すこし町をぶらぶらしようと思った。;;;<0171> Je me dis que je pourrais flâner un peu dans le village avant de gagner mon pain.
<0172> そう、言うなれば散策だ。;;;<0172> C'est ça, juste une petite promenade.
<0173> まずは、どこに行こうか…。;;;<0173> Mais d'abord, où aller ?
<0174> \{声}「どーーーんっ！」\shake{1};;;<0174> Baaaam !! \shake{1}
<0175> \{\m{A}}「ぐはっ」;;;<0175> Guwah !
<0176> 背後から突き飛ばされた。;;;<0176> Quelque chose me cogna par derrière et m'envoya valser.
<0177> 視界が空に変わった。;;;<0177> Mon champ de vision devint le ciel.
<0178> 首の関節が、グキッ、とイヤな音をたてた。;;;<0178> Les articulations de mon cou faisaient \bcric\u et \bcrac\u.
<0179> \{\m{A}}「ぐぉぉ…」;;;<0179> Guwooh..
<0180> あまりの激痛に、堤防の上をのたうち回る俺。;;;<0180> La douleur était tellement intense que je me tortillais sur la digue.
<0181> \{声}「うわわっ」;;;<0181> Uwawa !
<0182> \{声}「ご、ごめんなさいっ。勢いつけすぎ…」;;;<0182> P-Pardon. Je suis allée trop vite...
<0183> 少女の焦った声。;;;<0183> C'était la voix d'une fille dans tous ces états.
<0184> \{声}「ぴこぴこ…」;;;<0184> Piko piko...
<0185> その声に混じって、奇怪な音も聞こえる。;;;<0185> Une seconde voix s'y mêla. Elle faisait un bien drôle de bruit.
<0186> \{\m{A}}「く…」;;;<0186> Geh...
<0187> \{\m{A}}「お、おまえらなぁ…」;;;<0187> V-Vous...
<0188> \{\m{A}}「どういうつもりだ…」;;;<0188> Vous pouvez m'expliquer...?
<0189> \{少女}「あ、あのね、あのね、スポーツバンザイの時間だったからね」;;;<0189> E-Eh ben, en fait, c'est l'heure du \bBanzai pour le sport\u.
<0190> しどろもどろに奇怪な言い訳をする、制服姿の少女。;;;<0190> La fille, qui portait un uniforme, m'inventa une excuse incohérente.
<0191> \{\m{A}}「…なんだそれは」;;;<0191> ... C'est quoi ce truc ?
<0192> \{ポテト}「ぴこぴこぴこ」;;;<0192> Piko piko piko.
<0193> \{少女}「お、お相撲…そう、お相撲さんなのっ！  どすこいっ！」;;;<0193> D-Du sumo... Oui, du sumo !! Dosukoi !!
<0194> どんっ、と再び俺の胸を両手で突いた。;;;<0194> Elle me frappa de nouveau au niveau du torse, avec ses deux paumes.
<0195> \{少女}「どすこいっ！  どすこーいっ！！」;;;<0195> Dosukoi !! Dosukooi !!!
<0196> どんっ、どんっ、どんっ。;;;<0196> \bBam\u ! \bBam\u ! \bBam\u !
<0197> \{\m{A}}「………」;;;<0197> .........
<0198> 誤魔化しているつもりなのだろうか。;;;<0198> Elle devait être en train d'essayer de me faire oublier ce qu'il s'était passé.
<0199> 必死で俺を土俵の外に押し出そうとしている。;;;<0199> Comme si elle essayait désespérément de me pousser hors du ring.
<0200> もちろん土俵などどこにもない。;;;<0200> Bien sûr, il n'y avait pas le moindre ring.
<0201> \{ポテト}「ぴこぴこぴこ～」;;;<0201> Piko piko piko~.
<0202> その足下では、毛玉が尻尾を振りながら横綱を応援。;;;<0202> À nos pieds, une boule de poils remuait la queue en encourageant les yokozuna.
<0203> 唐突に開始された大相撲夏場所。なんともシュールな状況だった。;;;<0203> Le \bNatsu basho\u avait commencé sans que personne s'en rende compte. Quelle situation surréaliste.
<0204> \{少女}「どすこいっ！  どすこいっ！」;;;<0204> Dosukoi !! Dosukoi !!
<0205> \{\m{A}}「………」;;;<0205> .........
<0206> 胸を貸してやる;;;<0206> La laisser s'entraîner
<0207> 反撃する;;;<0207> Riposter
<0208> どんっ、どんっと小気味よいリズムで胸を突いてくる。;;;<0208> Elle continuait à me pousser le torse, maintenant un rythme joyeux.
<0209> しかし所詮は女の子の力。;;;<0209> Cela dit, après tout, elle n'avait que la force d'une fille.
<0210> この程度で、よろけたりはしない。;;;<0210> Ce n'était pas avec ça qu'elle allait me faire chanceler.
<0211> それに彼女は彼女なりに、なにやら必死のようだ。;;;<0211> Et elle poussait désespérément, d'une manière bien à elle.
<0212> しばらく胸を貸してやるのも、一つの優しさという物だろう。;;;<0212> Peut-être pourrais-je être gentil avec elle, et la laisser encore un peu s'entraîner à me pousser.
<0213> \{少女}「どすこいっ！  どすこいっ！」;;;<0213> Dosukoi !! Dosukoi !!
<0214> どんっ、どんっ。;;;<0214> \bBam\u ! \bbam\u !
<0215> \{少女}「どすこーいっ！  どすこーいっ！」;;;<0215> Dosukooi !! Dosukooi !!
<0216> どんっ、どんっ、どんっ。;;;<0216> \bBam\u ! \bbam\u ! \bbam\u !
<0217> \{\m{A}}「………」;;;<0217> .........
<0218> \{少女}「どすこーいっ！  どすこいっ！」;;;<0218> Dosukooi !! Dosukoi !!
<0219> どんっ！  どんっ！;;;<0219> \bBam\u ! \bbam\u !
<0220> 胸を突かれる度に、その振動が胸から背中へと抜ける。;;;<0220> Chacune de ses frappes faisait vibrer tout mon torse.
<0221> 痛いわけじゃない。;;;<0221> Ce n'était pas particulièrement douloureux.
<0222> 苦しいわけでもない。;;;<0222> Ce n'était pas non plus particulièrement dur à supporter.
<0223> ただ…。;;;<0223> Cependant...
<0224> \{少女}「どすこいっ！  どすこいっ！」;;;<0224> Dosukoi !! Dosukoi !!
<0225> どんっ、どんっ。;;;<0225> \bBam\u ! \bbam\u !
<0226> \{\m{A}}（…ムカついてきた…）;;;<0226> ... Ça commence à me saouler...
<0227> そもそも、なぜ俺がこんな攻撃を甘んじなければならないんだ。;;;<0227> Et d'abord, pourquoi est-ce que je la laissais me frapper comme ça ?
<0228> いきなり背後から突き飛ばされたり、首を負傷させられたり…。;;;<0228> Elle m'avait bousculé dans le dos sans crier gare, et m'avait fait mal au cou...
<0229> 誰がどう見ても、こちらが被害者のはず。;;;<0229> Il était clair que j'étais la victime.
<0230> \{少女}「どすこーいっ！  どすこーいっ！」;;;<0230> Dosukooi !! Dosukooi !!
<0231> どんっ、どんっ、どんっ。;;;<0231> \bBam\u ! \bbam\u ! \bbam\u !
<0232> \{\m{A}}「………」;;;<0232> .........
<0233> ムカムカ…。;;;<0233> \bFulmine fulmine\u...
<0234> \{少女}「どすこいっ！  どすこーいっ！」;;;<0234> Dosukoi !! Dosukooi !!
<0235> どんっ、どんっ。;;;<0235> \bBam\u ! \bbam\u !
<0236> ムカムカムカ…。;;;<0236> \bFulmine fulmine fulmine\u...
<0237> \{少女}「どすこーい！」;;;<0237> Dosukooi !
<0238> ぱしっ。;;;<0238> \bPaf\u !
<0239> 俺は、少女の双手突きを、巧みに払い落とした。;;;<0239> Je repoussai adroitement ses mains à la fois.
<0240> \{少女}「うわわっ」;;;<0240> Uwawa !
<0241> 敵のバランスが崩れる。;;;<0241> Mon adversaire perdit l'équilibre.
<0242> \{\m{A}}「………」;;;<0242> .........
<0243> 無言のまま、回転の速い突っ張りを一気に繰り出す。;;;<0243> Toujours sans dire un mot, je lui assenai un torrent de petits coups vifs.
<0244> \{少女}「うわわわっ」;;;<0244> Uwawawa !
<0245> そのあまりの早さに、少女は逃げ腰になった。;;;<0245> Encore un peu et elle s'enfuirait.
<0246> 他愛もない…。;;;<0246> Un jeu d'enfant.
<0247> そう思ったのも一瞬だった。;;;<0247> ... pensai-je pendant un instant.
<0248> 少女は再び腰を落として、俺の突っ張りを迎え撃った。;;;<0248> La fille corrigea sa posture, et répondit à mes coups.
<0249> \{少女}「うぬぬ…ま、負けないっ」;;;<0249> Ununu... J-Je ne vais pas perdre !
<0250> こうなれば、後は気力の勝負だった。;;;<0250> S'ensuit un concours d'endurance.
<0251> \{\m{A}}「………」;;;<0251> .........
<0252> しゅんしゅんしゅーーーんっっ！！;;;<0252> \bZap zap zaaaap\u !!!!
<0253> \{少女}「どすこーーーいっっ！！」;;;<0253> Dosukooooi !!!!
<0254> どんどんどーーーんっっ！！;;;<0254> \bBam bam baaaam\u !!!!
<0255> \{ポテト}「ぴこぴこぴこーーーっっ」;;;<0255> Piko piko pikoooo !!
<0256> ぴこぴこぴこーーーんっっ！！;;;<0256> \bPiko piko pikoooom\u !!!!
<0257> …わけがわからない。;;;<0257> ... Allez savoir pourquoi.
<0258> 夏の陽射しに焼かれた堤防の上で、二人と一匹が名勝負を繰り広げている。;;;<0258> Mais deux individus et un petit animal étaient engagés dans un combat épique, perchés sur une digue qui baignait dans les vicieux rayons du soleil.
<0259> \{\m{A}}「ちっ…！」;;;<0259> Tsk...!
<0260> 突っ張りの回転速度を上げた。;;;<0260> J'accélérai mon torrent de coups.
<0261> 一気に勝負に出たのだ。;;;<0261> ... La victoire se jouera sur un seul coup.
<0262> \{少女}「うわわわっ」;;;<0262> Uwawawa !
<0263> 少女はじりじりと後ろに後退していく。;;;<0263> Elle battait peu à peu retraite vers l'arrière.
<0264> \{少女}「うわっ、わっ、わっ」;;;<0264> Uwa ! Wah ! Wah !
<0265> 少女の足は、すでに徳俵の上だ。;;;<0265> Trop tard : ses pieds étaient déjà au bord du ring.
<0266> 豪快に投げ飛ばす;;;<0266> La faire décoller
<0267> とどめのひと突き;;;<0267> Asséner le coup de grâce.
<0268> 投げ飛ばすため、一気に間合いを詰め少女に掴みかかる。;;;<0268> Afin de la faire décoller, je réduisis d'un pas la distance entre nous deux, puis la saisis.
<0269> …ぷに。;;;<0269> ... \bBoing\u.
<0270> \{\m{A}}「…ぷに？」;;;<0270> ... \bBoing\u ?
<0271> 掌の中に、なにやら柔らかいものがあった。;;;<0271> On dirait que ma main avait saisi quelque chose de mou.
<0272> \{\m{A}}「なんだこれは？」;;;<0272> Qu'est-ce que c'est que ça ?
<0273> 確かめてみる。;;;<0273> Regardons ça.
<0274> ぷに、ぷに、ぷに。;;;<0274> \bBoing, boing, boing\u.
<0275> \{\m{A}}「おぉ…これは…」;;;<0275> Ooh... Mais c'est...
<0276> \{少女}「うわわわわーーーっっ！！」;;;<0276> Uwawawawaaaa !!!!
<0277> \{少女}「お、お尻にさわっったーーーっっ！！」;;;<0277> T-Tu me touches les fesses——— !!!!
<0278> \{\m{A}}「ようだな」;;;<0278> C'est bien ce que je pensais.
<0279> とどめのひと突きを少女の胸元に放った。;;;<0279> J'assenai le coup de grâce directement contre son torse.
<0280> …ふにょん。;;;<0280> ... \bBoing\u.
<0281> \{\m{A}}「…ふにょん？」;;;<0281> ... \bBoing\u ?
<0282> 掌に、なにやら柔らかいものがあたった。;;;<0282> On dirait que ma main avait saisi quelque chose de mou.
<0283> \{\m{A}}「なんだこりゃ？」;;;<0283> Qu'est-ce que c'est que ce truc ?
<0284> 確かめてみる。;;;<0284> Regardons ça.
<0285> ふにょん、ふにょん、ふにょん。;;;<0285> \bBoing, boing, boing\u.
<0286> \{\m{A}}「おぉ…これは…」;;;<0286> Ooh... Mais c'est...
<0287> \{少女}「うわわわわーーーっっ！！」;;;<0287> Uwawawawaaaa !!!!
<0288> \{少女}「む、胸にさわっったーーーっっ！！」;;;<0288> T-Tu me touches les seins——— !!!!
<0289> \{\m{A}}「みたいだな」;;;<0289> On dirait bien.
<0290> \{少女}「エッチーーーーーっっ！！」;;;<0290> Espèce de cochon————— !!!!
<0291> どーーーーーーんっ！！！\shake{1};;;<0291> \bBam\u !!!! \shake{1}
<0292> \{\m{A}}「ぐはーーーっっ」;;;<0292> Guwaaaah !!
<0293> 次の瞬間、俺は渾身の双手突きに宙を舞っていた。;;;<0293> L'instant d'après, le coup dans lequel elle avait mis tout son corps m'avait envoyé valser dans les airs.
<0294> \{\m{A}}「…ま、負けた」;;;<0294> ... J-J'ai perdu.
<0295> …ばたっ。;;;<0295> ... \bPouf\u !
<0296> \{\m{A}}「………」;;;<0296> .........
<0297> 夏の空は、どこまでも青かった。;;;<0297> Le bleu du ciel s'étendait à perte de vue.
<0298> \{少女}「楽しかったねぇ」;;;<0298> Je me suis bien amusée.
<0299> 風の中、少女が笑っていた。;;;<0299> Au milieu du vent, la fille riait.
<0300> \{ポテト}「ぴこぴこぴこ」;;;<0300> Piko piko piko.
<0301> 変な犬も笑っていた。;;;<0301> Un drôle de chien riait aussi.
<0302> \{\m{A}}「そら結構…」;;;<0302> C'est assez...
<0303> コンクリートの地面にしこたまぶつけた腰をさすりながら答えた。;;;<0303> répondis-je tout en massant mes fesses qui venaient d'avoir été projetées contre le sol en béton.
<0304> 我に返ると、自分はいったいなにをしていたのだろうかと虚しくなる。;;;<0304> Une fois calmé, je sentis un grand vide en me demandant ce que j'étais en train de faire.
<0305> そこで、話題を変えることにした。;;;<0305> Je décidai donc de changer de sujet.
<0306> \{\m{A}}「こんなところでなにしてるんだ？」;;;<0306> Qu'est-ce que tu fais ici ?
<0307> \{少女}「大相撲」;;;<0307> Du sumo.
<0308> \{\m{A}}「…そうだったな」;;;<0308> ... Effectivement.
<0309> 変わらなかった。でも諦めない。;;;<0309> Le sujet n'avait pas changé. Mais je n'abandonnais pas.
<0310> \{\m{A}}「ちがうだろ」;;;<0310> Pas ça.
<0311> \{\m{A}}「どうしてここにいるんだ、という問いかけだ」;;;<0311> Je t'ai demandé pour quoi tu étais ici.
<0312> \{少女}「横綱になるため」;;;<0312> Pour devenir yokozuna.
<0313> \{\m{A}}「…まだまだ道は険しいぞ」;;;<0313> ... La route sera difficile.
<0314> \{少女}「がんばるよぉ～」;;;<0314> Je vais faire de mon mieux~.
<0315> \{\m{A}}「………」;;;<0315> .........
<0316> 横綱になってもらっても仕方がないので、こちらから話題を振ることにした。;;;<0316> Je n'en avais rien à cirer qu'elle devienne yokozuna ou non, alors j'enchaînais sur un autre sujet.
<0317> \{\m{A}}「学校か？」;;;<0317> T'es là pour l'école ?
<0318> 遠くに見える校舎に目配せをしながら訊ねる。;;;<0318> Je l'interrogeai du regard en jetant des coups d'œil en direction des bâtiments scolaires.
<0319> 少女には悪いが、あまり頭がいいようには見えない。;;;<0319> Je m'excuse, mais elle n'avait par trop l'air du genre intelligent.
<0320> きっと観鈴と同様、補習なのだろう。;;;<0320> Elle était sûrement là pour le soutien, comme Misuzu.
<0321> \{少女}「うんっ、そうだよぉ」;;;<0321> Oui ! C'est ça.
<0322> 思った通り、少女は答えた。;;;<0322> C'était la réponse que j'attendais.
<0323> \{\m{A}}「破天荒だな。犬を連れて登校とは」;;;<0323> C'est original ça, d'aller à l'école avec un chien.
<0324> \{ポテト}「ぴこ？」;;;<0324> Piko.
<0325> \{少女}「ちがうよぉ。ポテトはね、あたしを迎えにきてくれたんだよぉ」;;;<0325> Mais non. Potato est simplement venu m'accompagner.
<0326> \{少女}「ね、ポテト」;;;<0326> N'est-ce pas, Potato ?
<0327> \{ポテト}「ぴこ♪」;;;<0327> Piko ♪
<0328> \{\m{A}}「そっか。そらご苦労だな」;;;<0328> Je vois. Bon boulot.
<0329> \{ポテト}「ぴこぴこぴこ」;;;<0329> Piko piko piko.
<0330> \{少女}「キミは？」;;;<0330> Et toi ?
<0331> \{\m{A}}「えっ？」;;;<0331> Hein ?
<0332> \{少女}「キミは、ここでなにしてたのぉ？」;;;<0332> Et toi, qu'est-ce que tu fais ici ?
<0333> クリクリした瞳で、俺を正面から覗きこむ。;;;<0333> Elle m'observait avec de gros yeux ronds.
<0334> \{\m{A}}「………」;;;<0334> .........
<0335> \{\m{A}}「…大相撲」;;;<0335> ... Du sumo.
<0336> \{少女}「大熱戦だったねぇ」;;;<0336> C'était serré !
<0337> \{\m{A}}「そうだな」;;;<0337> Ouaip.
<0338> そう言えば、俺はいったいなにをしているのだろうか。;;;<0338> À ce propos, qu'est-ce que j'étais venu faire là ?
<0339> \{\m{A}}「俺は…」;;;<0339> Je...
<0340> ヒマを持て余している;;;<0340> J'avais du temps à perdre
<0341> 観鈴を待っている;;;<0341> J'attends Misuzu
<0342> \{\m{A}}「人を待っている」;;;<0342> J'attends quelqu'un.
<0343> \{少女}「人…？」;;;<0343> Quelqu'un ?
<0344> 少女は首を傾げながら俺を見る。;;;<0344> Elle pencha la tête sur le côté et me regarda.
<0345> \{少女}「この学校の人？」;;;<0345> Quelqu'un de l'école ?
<0346> \{\m{A}}「まぁな」;;;<0346> C'est ça.
<0347> \{少女}「あたしの知ってる人かなぁ？」;;;<0347> Quelqu'un que je connais ?
<0348> \{\m{A}}「さぁな」;;;<0348> Qu'est-ce que j'en sais ?
<0349> \{少女}「誰？」;;;<0349> Qui ça ?
<0350> \{\m{A}}「教えてやる義理はない」;;;<0350> Rien ne m'oblige à te  le dire.
<0351> \{少女}「女の子？」;;;<0351> Une fille ?
<0352> \{\m{A}}「………」;;;<0352> .........
<0353> \{少女}「キミとどういう関係の人？」;;;<0353> Quelle est ta relation avec cette personne ?
<0354> \{\m{A}}「………」;;;<0354> .........
<0355> \{少女}「お友達さん？  恋人？」;;;<0355> Une amie ? Une petite amie ?
<0356> \{\m{A}}「………」;;;<0356> .........
<0357> \{少女}「うぅ～…ポテトー、この人ダンマリさんだよぉ」;;;<0357> Uu~... Potato—, on a monsieur-je-me-tais en face.
<0358> 少女は拗ねたように口を尖らせて犬に愚痴る。;;;<0358> Elle se plaignait au chien tout en faisant la moue pour montrer qu'elle boudait.
<0359> \{ポテト}「ぴこぴこー！」;;;<0359> Piko piko— !
<0360> 犬が俺に向かって鳴く。;;;<0360> Le chien aboya dans ma direction.
<0361> どうやら非難されているらしい。;;;<0361> Il semblait qu'il m'en voulait.
<0362> \{少女}「そんなキミをダンマリ選手権総合１位に賞するっ！」;;;<0362> J'ai le plaisir de t'annoncer que tu remportes la première place à la compétition de je-me-tais !!
<0363> \{\m{A}}「………」;;;<0363> .........
<0364> 嬉しくない賞だ。;;;<0364> Ce prix ne me fit pas plaisir.
<0365> \{ポテト}「ぴこ～ぴこ～」;;;<0365> Piko~ Piko~.
<0366> \{少女}「ポテトもおめでとうって言ってるよぉ」;;;<0366> Potato te félicite aussi.
<0367> \{ポテト}「ぴこ～」;;;<0367> Piko~.
<0368> \{\m{A}}「………」;;;<0368> .........
<0369> 嬉しくない。;;;<0369> Ça ne me faisait pas particulièrement plaisir.
<0370> 俺は疲れたように小さく息を吐くと、空に視線を向けた。;;;<0370> La fatigue m'arracha un léger soupir, et je tournai mon regard vers le ciel.
<0371> 青く広がる世界はとても平和だ。;;;<0371> Cet immense univers bleuté était fort paisible.
<0372> \{少女}「うぬぬ～、さすがはダンマリ選手権総合１位だよぉ」;;;<0372> Ununu~, on sent que tu as gagné la première place à la compétition de je-me-tais.
<0373> 言葉を返さない俺に、少女が悔しそうな視線を向ける。;;;<0373> Comme je refusais de lui répondre, la fille m'adressa un regard vexé.
<0374> しばらく沈黙が続いた。;;;<0374> Je maintins mon mutisme pendant encore quelque temps.
<0375> 俺は空に視線を向けたまま、潮風の歌声に耳を傾けている。;;;<0375> Mon regard toujours posé sur le ciel, je prêtai une oreille au chant des embruns.
<0376> 胸に刺さるような視線がなければ、かなり心地良い時間だ。;;;<0376> Sans son regard blessant, ç'aurait été un moment très agréable.
<0377> \{少女}「うぬぬ～…この人意地悪さんだぁ」;;;<0377> Ununu~... c'est pas un gentil monsieur, ça.
<0378> 先程までとは打って変わった、覇気のない声が聞こえた。;;;<0378> Son humeur avait changé du tout au tout, sa voix avait perdu toute sa vigueur.
<0379> \{少女}「ポテト、行こ」;;;<0379> Potato, on s'en va.
<0380> \{ポテト}「ぴこ」;;;<0380> Piko.
<0381> そして遠ざかる足音。;;;<0381> Puis les bruits de pas témoignèrent de leur départ.
<0382> 視線を戻すと、少女と珍獣の姿はもう無かった。;;;<0382> Quand je rabaissai mon regard, la fille et l'espèce rare étaient introuvables.
<0383> \{\m{A}}「暇を持て余している」;;;<0383> J'avais du temps à perdre
<0384> 本当は、人を待っていると言うべきなんだろう。;;;<0384> En vérité, peut-être aurais-je dû lui dire que j'attendais quelqu'un.
<0385> だが、この少女の前で観鈴のことを話すのは、なぜか気が引けた。;;;<0385> Mais bon, je ne me sentais pas de mentionner Misuzu à la fille en face de moi.
<0386> \{少女}「ねぇっ、ホントっ！」;;;<0386> Eh ! Vraiment ?!
<0387> \{少女}「実は、あたしもヒマヒマ星人なんだよぉ」;;;<0387> Pour te dire la vérité, moi aussi je suis un alien de la planète Temps-à-perdre.
<0388> …星人ってなんだよ、星人って。;;;<0388> ... Qu'est-ce qu'elle raconte à propos d'aliens ?
<0389> \{少女}「そういうわけなのでー」;;;<0389> Et de ce fait—...
<0390> \{少女}「キミをヒマヒマ星人２号に任命するっ！」;;;<0390> Je te nomme alien de la planète Temps-à-perdre n°2 !!
<0391> \{少女}「ちなみにポテトは３号さんだよぉ」;;;<0391> En passant, Potato est le n°3.
<0392> \{ポテト}「ぴこ～」;;;<0392> Piko~.
<0393> 俺以外のヒマヒマ星人たちは、とても嬉しそうだった。;;;<0393> Les autres aliens de la planète Temps-à-perdre avaient l'air tout à fait ravis.
<0394> \{\m{A}}「…ヒマヒマ星人は何をすればいいんだ？」;;;<0394> ... Et ils font quoi, les aliens de la planète Temps-à-perdre ?
<0395> \{少女}「別に何もしないよぉ」;;;<0395> Rien en particulier.
<0396> \{少女}「ただヒマなだけ」;;;<0396> À part perdre leur temps.
<0397> \{少女}「それがヒマヒマ星人の宿命なのでありましたぁ」;;;<0397> C'est là le destin des aliens de la planète Temps-à-perdre.
<0398> \{ポテト}「ぴっこり」;;;<0398> Pikkori.
<0399> \{少女}「ヒマだねー。ポテト」;;;<0399> Mais c'est que tu perds ton temps, Potato.
<0400> \{ポテト}「ぴこー」;;;<0400> Piko—.
<0401> \{少女}「あーヒマヒマ…」;;;<0401> Aah, j'ai tellement de temps à perdre.
<0402> \{ポテト}「ぴこぴこ…」;;;<0402> Piko piko...
<0403> \{少女}「………」;;;<0403> .........
<0404> \{ポテト}「………」;;;<0404> .........
<0405> \{\m{A}}「………」;;;<0405> .........
<0406> 地球外のノリだった。;;;<0406> Leur enthousiasme était effectivement inhumain.
<0407> …っていうか、おまえら友達いないだろ？;;;<0407> ... Hé, d'ailleurs, vous n'avez pas d'amis ?
<0408> 異星人の会合につき合っていてもしょうがない。;;;<0408> Ça n'a aucun intérêt de participer aux réunions entre aliens.
<0409> 俺は軽く伸びをして、階段の方に歩きかけた。;;;<0409> Après m'être étiré doucement, je me dirigeai vers les marches.
<0410> \{少女}「お…」;;;<0410> Oh...
<0411> \{\m{A}}「大相撲はもう終わりだ」;;;<0411> Le sumo, c'est fini.
<0412> \{少女}「そうじゃなくて、お人形」;;;<0412> Pas ça, ta poupée.
<0413> \{\m{A}}「えっ？」;;;<0413> Hein ?
<0414> 尻ポケットを探る。;;;<0414> Je fouillai ma poche de derrière.
<0415> 人形がない。;;;<0415> Pas de marionnette.
<0416> \{ポテト}「ぴこぴこ～」;;;<0416> Piko piko~.
<0417> 犬がくわえていた。;;;<0417> Le chien la mâchouillait.
<0418> \{\m{A}}「こんの毛玉犬っ…」;;;<0418> Cette fichue boule de poils...!
<0419> だが、ポテトは逃げ去ろうとはしなかった。;;;<0419> Mais Potato ne s'enfuit pas.
<0420> 俺の前にふにふにと歩み寄り、人形をぽてっと置く。;;;<0420> Il marcha vers moi à petits pas, puis posa la marionnette.
<0421> そして後ろ足で立ち上がる。;;;<0421> Ensuite, il se dressa sur les pattes arrière.
<0422> そしてあの、戦慄のダンス。;;;<0422> Et ensuite vint le tour d'une dance qui donnait la chair de poule.
<0423> \{ポテト}「…ぴっこぴこぴこ～」;;;<0423> ... Pikko piko piko~.
<0424> なんとなく触りたくない質感の毛玉が、嫌な感じで前後に揺れる。;;;<0424> La boule de poils, que je n'avais étrangement pas envie de toucher, était en train de se balancer d'avant en arrière d'une manière qui portait à confusion.
<0425> \{少女}「…うわわわわ～」;;;<0425> ... Uwawawawa~.
<0426> 恥ずかしそうに口元を押さえるものの、視線はポテトに釘づけだ。;;;<0426> Elle avait beau se couvrir la bouche en signe de honte, elle ne pouvait pas quitter Potato du regard.
<0427> \{\m{A}}「放送禁止ギリギリだろ？」;;;<0427> C'est du genre à être interdit à la diffusion.
<0428> \{少女}「一生夢に見そうだよ～」;;;<0428> Je vais voir ça dans mes cauchemars~.
<0429> それでも踊りをやめないポテト。;;;<0429> En tout cas, Potato n'arrêtait pas de danser.
<0430> こいつが伝えんとするところはよーくわかる。;;;<0430> Je comprenais paaaarfaitement ce qu'il essayait de me faire comprendre.
<0431> だが、俺だってプロの端くれだ。;;;<0431> Mais en tant que pro, ce n'était pas ce qu'il me fallait.
<0432> 一銭にもならない相手に、無駄に芸は見せない。;;;<0432> Mon numéro ne serait pas montré à quelqu'un qui n'avait pas un rond à me filer.
<0433> \{ポテト}「ぴこぴこっ…」;;;<0433> Piko piko...!
<0434> \{\m{A}}「言っておくが、見物料に骨は受け付けないぞ」;;;<0434> Laisse-moi de dire que j'accepte pas les paiements en os.
<0435> \{ポテト}「ぴこ～…」;;;<0435> Piko~...
<0436> 隠し持っていた骨を残念そうにしまう。;;;<0436> Il rangea les os qu'il avait gardés en réserve.
<0437> 俺もそそくさと人形をしまおうとした。;;;<0437> Je me hâtai de récupérer ma marionnette.
<0438> \{少女}「お人形～」;;;<0438> La poupée~.
<0439> 不満げな瞳で俺のことを見る。;;;<0439> Elle me lança un regard déçu.
<0440> \{\m{A}}「『お』をつけるな」;;;<0440> L'appelle pas 'poupée' !
<0441> \{少女}「うぬぬ…」;;;<0441> Ununu...
<0442> \{\m{A}}「だいたい、これはそんな可愛らしいもんじゃない」;;;<0442> Déjà, elle a rien de minion.
<0443> \{少女}「どうして？  ポテトと同じぐらいかわいいのに～」;;;<0443> Pourquoi ? Elle est aussi mignonne que Potato~.
<0444> \{\m{A}}「………」;;;<0444> .........
<0445> …褒め言葉だと思っているのか、それが？;;;<0445> ... C'était un compliment, ça ?
<0446> \{少女}「それじゃあ、どうしてお人形なんか持ち歩いてるの～？」;;;<0446> Et alors, pourquoi tu te balades avec une poupée~ ?
<0447> \{\m{A}}「俺の商売道具だ」;;;<0447> C'est mon gagne-pain.
<0448> \{少女}「それじゃキミ、お人形売りさんなんだぁ」;;;<0448> C'est donc que tu es un vendeur de poupées.
<0449> \{少女}「ひとつくださ～い」;;;<0449> S'il vous plaît, j'en prends une !
<0450> \{\m{A}}「非売品です」;;;<0450> Cet article n'est pas à vendre.
<0451> \{少女}「うぬぬ。ニセお人形売りだ～」;;;<0451> Ununu. Espèce de faux vendeur de poupées~.
<0452> 不審そうな目で俺を見る。;;;<0452> Elle me lança un regard suspicieux.
<0453> 最初に会った時から、こいつにはどうも見くびられている気がする。;;;<0453> J'avais l'impression que depuis que nous nous étions rencontrés, elle n'avait pas une très bonne estime de moi.
<0454> ここらで一発、大道芸人としての意地を見せておくのもいいかもしれない。;;;<0454> Peut-être devrais-je changer ça ne lui montrant de quoi était capable un artiste de rue.
<0455> 人形芸を見せてやる;;;<0455> Lui faire voir mon spectacle de marionnettes
<0456> 面倒なので適当にごまかす;;;<0456> Ce serait trop d'efforts pour rien
<0457> しかし、こいつらに人形芸を見せて、何か俺に見返りはあるのだろうか？;;;<0457> De toute façon, même si je lui faisais voir mon spectacle de marionnettes, qu'est-ce que j'y gagnerais ?
<0458> 見物料を払ってくれるのか？;;;<0458> Elle paierait son billet ?
<0459> \{少女}「ん？」\r;;;<0459> Hmm ? \r
<0460> \{\m{A}}「………」;;;<0460> .........
<0461> 無理だ…。;;;<0461> Impossible...
<0462> 俺の中の何かがそう囁いた。;;;<0462> La voix dans ma tête me l'avait chuchoté.
<0463> きっとコイツらは金を払わない。;;;<0463> Ces zigotos ne me donneraient pas d'argent.
<0464> そうだ基本に戻ろう。;;;<0464> Revenons aux bases.
<0465> 金にならない芸はしない。;;;<0465> Pas d'argent, pas de numéro.
<0466> それが大道芸人のプライドというものだ。;;;<0466> C'était là la fierté de l'artiste de rue.
<0467> \{少女}「お人形さんを使って何をするの？」;;;<0467> Qu'est-ce que tu vas faire avec la poupée ?
<0468> \{\m{A}}「届けるんだ」;;;<0468> Je la livre.
<0469> \{少女}「届けるの？」;;;<0469> Tu la livres ?
<0470> \{\m{A}}「そうだ。お届け物だ」;;;<0470> En effet. C'est une livraison.
<0471> とりあえず無難な嘘をついておく。;;;<0471> J'inventai un mensonge inoffensif.
<0472> \{少女}「誰に届けるの？  この近所？」;;;<0472> Tu la livres à qui ? C'est dans le coin ?
<0473> 何故か目をキラキラさせながら訊いてくる。;;;<0473> Allez savoir pourquoi, mais ses yeux pétillaient de curiosité.
<0474> \{\m{A}}「いや、もっと遠くの人に届けるんだ」;;;<0474> Nan, je la livre à quelqu'un très loin.
<0475> \{少女}「うぬぬ…残念…」;;;<0475> Ununu... dommage...
<0476> がっくりと肩を落とす。;;;<0476> Elle laissa tomber ses épaules, comme découragée.
<0477> 近所だと答えたら、一体どうするつもりだったんだろう。;;;<0477> Je me demandai comment elle aurait réagi si je lui avais répondu que c'était dans le coin.
<0478> ひょっとして『一緒にお届けするよー』とか言い出すつもりだったんだろうか。;;;<0478> Ne me dites pas qu'elle aurait proposé 'livrons-la tous les deux—' ?
<0479> \{少女}「ニヒルな配達屋さんになれなかったよぉ」;;;<0479> Je pourrai pas faire comme ce livreur impassible, là.
<0480> 言い出すつもりだったらしい。;;;<0480> C'était bien ce qu'elle avait en tête.
<0481> 俺は人形を尻ポケットにしまい込む。;;;<0481> Je fourrai ma marionnette dans ma poche arrière.
<0482> 風が吹いた。;;;<0482> Le vent se leva.
<0483> 潮の香りをはらんだ、心地よい風。;;;<0483> C'était un vent agréable qui rependait les parfums de la marée.
<0484> 髪を撫で、服をはためかさせながら、俺達の間を駆け抜けていく。;;;<0484> Il se glissait entre nous, en caressant nos cheveux et en faisant flotter nos vêtements.
<0485> その風に呼応するように、学校からはチャイムが聞こえてきた。;;;<0485> Comme pour répondre à ce vent, la sonnerie de l'école retentit.
<0486> \{少女}「あーっ！  もうこんな時間だぁ」;;;<0486> Ah— ! Déjà !
<0487> \{\m{A}}「用事があるのか？」;;;<0487> T'as quelque chose à faire ?
<0488> \{少女}「うんっ。学校行かないと」;;;<0488> Oui ! Faut que j'aille à l'école.
<0489> \{\m{A}}「…さっき、学校の帰りって言ってなかったか？」;;;<0489> ... T'as pas dit que tu rentrais de l'école, tout à l'heure ?
<0490> \{少女}「まだ用事が済んでないんだもん」;;;<0490> C'est que j'ai encore quelque chose à finir.
<0491> \{\m{A}}「…ヒマヒマ星人じゃなかったのか？」;;;<0491> ... Je croyais que t'étais un alien de la planète Temps-à-perdre.
<0492> \{少女}「そんなの信じてたのー？  こっどもぉ」;;;<0492> T'y as vraiment cru— ? Quel enfant.
<0493> \{\m{A}}「………」;;;<0493> .........
<0494> 俺の殺気を感じるより早く、少女はぱっと駆け出した。;;;<0494> Elle décampa avant d'avoir eu le temps de ressentir ma soif de vengeance.
<0495> \{少女}「行くよぉ、ポテト！」;;;<0495> On y va, Potato !
<0496> \{ポテト}「ぴこぴこっ！」;;;<0496> Piko piko !
<0497> \{少女}「それじゃ～ねぇ～」;;;<0497> À plus~ !
<0498> 俺に向かって、大げさに手を振る。;;;<0498> Elle agita frénétiquement la main en signe d'au revoir.
<0499> 堤防の上に、また一人になった。;;;<0499> Il ne restait plus que moi sur la digue.
<0500> 俺はその場に寝転がる。;;;<0500> Je m'y allongeai.
<0501> 焼けたコンクリートを、汗ばんだシャツごしに感じた。;;;<0501> Je pouvais sentir le béton chauffé au soleil à travers mon maillot trempé de sueur.
<0502> まだ日は高い。;;;<0502> Le soleil était encore bien haut.
<0503> 稼ぎに行く前に、すこし町をぶらぶらしようと思った。;;;<0503> Je me dis que je pourrais flâner un peu dans le village avant de gagner mon pain.
<0504> そう、言うなれば散策だ。;;;<0504> C'est ça, juste une petite promenade.
<0505> まずは、どこに行こうか…。;;;<0505> Mais d'abord, où aller ?
<0506> \{\m{A}}「…見せてやるか。どうせヒマだからな」;;;<0506> ... Laisse-moi te le montrer. De toute façon, j'ai du temps à perdre.
<0507> ニヒルに言い放ってから、人形を地面に置く。;;;<0507> L'air impassible, je posai la marionnette par terre.
<0508> \{\m{A}}「見てろ…」;;;<0508> Regarde bien...
<0509> 徐々に念を込めていく。;;;<0509> Je lui insufflai peu à peu ma volonté.-
<0510> 人形が立ち上がる。;;;<0510> La marionnette se leva.
<0511> そして、ゆっくりと歩き出す。;;;<0511> Puis elle se mit à marcher tout doucement.
<0512> 熱されたコンクリートの上を、ぐるぐると渦を巻くように行進させる。;;;<0512> Elle parada en cercle sur le béton brûlant.
<0513> ひさしぶりにいい調子だ。;;;<0513> Ça faisait longtemps que je n'avais pas été aussi adroit.
<0514> 一人と一匹の視線が熱い。;;;<0514> La fille et le chien la fixaient intensément.
<0515> そしてフィニッシュ。;;;<0515> Et puis vint le finale.
<0516> 人形を大きくジャンプさせる。;;;<0516> Je lui fis faire un grand saut.
<0517> そして、少女の前にぽこっと着地させた。;;;<0517> Et elle se réceptionna tout en douceur en face de la fille.
<0518> 最高の演技だった。;;;<0518> Ma meilleure performance.
<0519> 客の方を見る。;;;<0519> Je jetai un coup d'œil aux spectateurs.
<0520> 感極まったのか、ポテトの舞いはますます危険度を増している。;;;<0520> La danse de Potato devenait de plus en plus chaotique. Il devait être débordé par l'émotion.
<0521> 電波に乗せれば、子供たちが大量失神するのは必至だ。;;;<0521> Si on diffusait ça, il est certain que des enfants s'évanouiraient en masse.
<0522> そして、少女の方を見る。;;;<0522> Ensuite, je jetai un coup d'œil à la fille.
<0523> \{\m{A}}「………」;;;<0523> .........
<0524> メチャメチャ真顔だった。;;;<0524> Elle avait l'air d'être ultra-concentrée.
<0525> …ひょいひょいひょい。;;;<0525> ... \bFwish fwish fwish\u.
<0526> 見えない糸を切るように、人形の上でチョップを往復させる少女。;;;<0526> Elle tailladait l'air au-dessus de la marionnette dans tous les sens à la recherche de fils invisibles.
<0527> \{\m{A}}「糸で吊ってるわけじゃないぞ」;;;<0527> Elle est pas attachée à des fils.
<0528> \{少女}「ぴーがーざざざざざ…」;;;<0528> Pzzzt Gzzzzt Zzzzzzzzt...
<0529> \{\m{A}}「妨害電波を出しても無駄だ」;;;<0529> Ça sert à rien non plus d'envoyer des interférences.
<0530> \{少女}「そっかぁ！  ここは日向だから…」;;;<0530> Je sais ! Là, y a du soleil...
<0531> \{\m{A}}「ソーラーパワーでもない」;;;<0531> Elle marche pas non plus à l'énergie solaire.
<0532> \{少女}「うぬぬ…」;;;<0532> Ununu...
<0533> 真剣に考え込む。;;;<0533> Elle ruminait, l'air grave.
<0534> \{少女}「それじゃ、どうやって動いてるのぉ？」;;;<0534> Mais alors, comment est-ce qu'elle bouge ?
<0535> \{\m{A}}「法術だ」;;;<0535> C'est du Houjutsu.
<0536> \{少女}「ほーじゅつ？」;;;<0536> Du hou-ju-tsu ?
<0537> 真顔で問い返されて、思わず言葉に詰まる。;;;<0537> Je fus pris de court par cette question posée avec un visage aussi grave, et les mots me manquèrent.
<0538> 手を触れることなく、人形を動かす力。;;;<0538> C'est le pouvoir de faire bouger des marionnettes sans avoir besoin de les toucher.
<0539> 俺にとっては当たり前の力。;;;<0539> Pour moi, cela était évident.
<0540> この少女にわかる言葉で、それを説明するなら…;;;<0540> Si je voulais lui expliquer d'une manière qu'elle pouvait comprendre...
<0541> \{\m{A}}「…一種の魔法だ」;;;<0541> ... C'est une espèce de magie.
<0542> \{少女}「魔法？」;;;<0542> De magie ?
<0543> 少女の瞳が、俺のことを見据える。;;;<0543> Elle me fixait du regard.
<0544> \{少女}「なーんだ。魔法なんだ」;;;<0544> Aah bon. C'est de la magie.
<0545> つまらなそうに溜息をつく。;;;<0545> Elle lâcha un soupir de désintérêt.
<0546> \{\m{A}}「なーんだとはご挨拶だな」;;;<0546> C'est quoi, ce 'aah bon' ?
<0547> \{少女}「だって…」;;;<0547> Ben...
<0548> \{少女}「あたしも使えるもん、魔法」;;;<0548> Moi aussi, je peux en faire, de la magie.
<0549> にっこりと微笑む。;;;<0549> Elle arbora un sourire doux.
<0550> そのまま、少女は空を見上げた。;;;<0550> En même temps, ses yeux se tournèrent vers le ciel.
<0551> 青く、高い空。;;;<0551> Le ciel vaste et bleu.
<0552> どこまでも飛んでゆけそうな夏空。;;;<0552> Le ciel d'été qui semblait s'étendre à l'infini.
<0553> \{少女}「…う～んっ」;;;<0553> ... Hnng !
<0554> 両手を頭の上で組んで、大きく伸びをする。;;;<0554> Elle joignit les deux mains au-dessus de sa tête, et s'étira de tout son long.
<0555> 黄色いバンダナが、風をはらんでひるがえる。;;;<0555> Le vent gonflait son bandana jaune.
<0556> 遠くの方、校舎のガラスに陽光が反射している。;;;<0556> Au loin, les vitres des bâtiments scolaires reflétaient la lumière du soleil.
<0557> 潮風に乗って、チャイムの音が聞こえてきた。;;;<0557> Le vent en transporta la sonnerie jusqu'à nous.
<0558> \{少女}「あーっ！  もうこんな時間だぁ」;;;<0558> Ah— ! Déjà !
<0559> \{\m{A}}「用事があるのか？」;;;<0559> T'as quelque chose à faire ?
<0560> \{少女}「うんっ。学校行かないと」;;;<0560> Oui ! Faut que j'aille à l'école.
<0561> \{\m{A}}「…さっき、学校の帰りって言ってなかったか？」;;;<0561> ... T'as pas dit que tu rentrais de l'école, tout à l'heure ?
<0562> \{少女}「まだ用事が済んでないんだもん」;;;<0562> C'est que j'ai encore quelque chose à finir.
<0563> \{\m{A}}「…ヒマヒマ星人じゃなかったのか？」;;;<0563> ... Je croyais que t'étais un alien de la planète Temps-à-perdre.
<0564> \{少女}「そんなの信じてたのー？  こっどもぉ」;;;<0564> T'y as vraiment cru— ? Quel enfant.
<0565> \{\m{A}}「………」;;;<0565> .........
<0566> 俺の殺気を感じるより早く、少女はぱっと駆け出した。;;;<0566> Elle décampa avant d'avoir eu le temps de ressentir ma soif de vengeance.
<0567> \{少女}「行くよぉ、ポテト！」;;;<0567> On y va, Potato !
<0568> \{ポテト}「ぴこぴこっ！」;;;<0568> Piko piko !
<0569> \{少女}「それじゃ、またねぇ～」;;;<0569> Elle agita frénétiquement la main en signe d'au revoir.
<0570> 俺に向かって、大げさに手を振る。;;;<0570> Elle agita frénétiquement la main en signe d'au revoir.
<0571> 堤防の上に、また一人になった。;;;<0571> Il ne restait plus que moi sur la digue.
<0572> 波音と潮の匂いが、ゆっくりと戻ってくる。;;;<0572> Le son des vagues et le parfum de la marée revinrent petit à petit.
<0573> 地面に放り出したままの人形を拾おうとした。;;;<0573> Je ramassai ma marionnette qui se trouvait toujours par terre.
<0574> なぜだか、ぎくりとためらう。;;;<0574> Mais sans trop savoir pourquoi, je marquai un temps d'arrêt.
<0575> \{\m{A}}「…魔法？」;;;<0575> ... De la magie ?
<0576> 自分で言ったはずの言葉が、妙に引っかかっている。;;;<0576> Avoir prononcé ces mots me fit me sentir tout drôle.
<0577> ちがう。;;;<0577> Non.
<0578> 引っかかっているのは、少女が言った言葉だ。;;;<0578> Ce qui me faisait me sentir ainsi, c'étaient les mots de la fille.
<0579> 『あたしも使えるもん、魔法』;;;<0579> Moi aussi, je peux en faire, de la magie.
<0580> \{\m{A}}「あいつ…」;;;<0580> Elle...
<0581> \{\m{A}}「………」;;;<0581> .........
<0582> まだ名前を聞いていないことに気づいた。;;;<0582> Je réalisai que je ne lui avais toujours pas demandé son nom.
<0583> \{\m{A}}「…まあ、いいか」;;;<0583> ... Bah, peu importe.
<0584> つぶやいて、俺はその場に寝転がった。;;;<0584> Tout en marmonnant, je m'alleongeai.
<0585> 焼けたコンクリートを、汗ばんだシャツごしに感じる。;;;<0585> Je pouvais sentir le béton chauffé au soleil à travers mon maillot trempé de sueur.
<0586> まだ日は高い。;;;<0586> Le soleil était encore bien haut.
<0587> 稼ぎに行く前に、すこし町をぶらぶらしようと思った。;;;<0587> Je me dis que je pourrais flâner un peu dans le village avant de gagner mon pain.
<0588> そう、言うなれば散策だ。;;;<0588> C'est ça, juste une petite promenade.
<0589> まずは、どこに行こうか…。;;;<0589> Mais d'abord, où aller ?
<0590> 俺は観鈴マップを取り出す。;;;<0590> Je sortis le plan de Misuzu.
<0591> \{\m{A}}「………」;;;<0591> .........
<0592> …とってつけたような駅。;;;<0592> ... La gare jurait avec le reste.
<0593> \{\m{A}}「………」;;;<0593> .........
<0594> …とってつけたような駅。;;;<0594> ... La gare jurait avec le reste.
<0595> しかも、落書きもそのまま。;;;<0595> Et on voyait encore des traits de construction.
<0596> また書き直してもらったほうがよさそうだ…。;;;<0596> Ce serait une bonne idée de lui demander de la mettre au propre.
<0597> 学校へ;;;<0597> Vers l'école
<0598> 神尾家へ;;;<0598> Vers chez les Kamio
<0599> よし、まずは近場から攻めるか…。;;;<0599> Allez, commençons pas trop loin...
<0600> 堤防から飛び降りると、俺は学校の近くへ歩み寄った。;;;<0600> Je sautai en bas de la digue, puis marchai à proximité de l'école.
<0601> 海沿い、街道沿いの学校。;;;<0601> L'école longeait la principale route du bord de mer.
<0602> 潮風はかるく堤防を越え、校門の前まで届いていた。;;;<0602> Ignorant la digue, les embruns arrivaient jusqu'au portail de l'école.
<0603> 先ほど会った少女も、たぶん中にいるのだろう。;;;<0603> La fille de tout à l'heure étaient peut-être à l'intérieur.
<0604> 静かで、一見誰もいないように見える学校。;;;<0604> C'était calme, je n'apercevais personne.
<0605> それでも、複数の人影がちらちらと確認できた。;;;<0605> Mais je finis par noter la présence de quelques silhouettes qui apparaissaient puis disparaissaient.
<0606> \{\m{A}}（補習は、まだ終わらないか）;;;<0606> C'est fini, le soutien ?
<0607> しかし…いまは何時だろう。;;;<0607> D'ailleurs... quelle heure était-il ?
<0608> ふと、観鈴が出てくるまでに、どのくらい時間があるのかと思う。;;;<0608> Je me demandai combien de temps encore je devrais attendre Misuzu.
<0609> 校舎のどこかに時計がついているはずだから、それで確認するか。;;;<0609> Il devait y avoir des horloges partout dans les bâtiments, je pourrais aller voir.
<0610> そう思うと、塀に沿って歩きはじめた。;;;<0610> Après avoir réalisé cela, je me mis à marcher le long du mur.
<0611> 塀はやがて、フェンスに変わる。;;;<0611> Il fallut peu de temps avant que le mur ne laisse place à une barrière.
<0612> 金網の向こうには木々と、運動場の土。校舎の壁に、文字盤の白が見えた。;;;<0612> À travers le grillage, on pouvait voir des arbres et un terrain de sport. Je notai la présence d'une horloge blanche sur le mur d'un bâtiment.
<0613> 補習が終わるには、まだまだ時間があるようだった。;;;<0613> On dirait qu'il restait pas mal de temps avant la fin du soutien.
<0614> \{\m{A}}「ん…」;;;<0614> Hmm...
<0615> 砂煙が立ちこめる、運動場。私服姿の数名が、草サッカーに興じていた。;;;<0615> Du sable volait à la surface du terrain de sport. Quelques personnes en habits de tous les jours s'amusaient à jouer au foot dans l'herbe.
<0616> 同じ午前中でも、せっせと勉学に励んでいる観鈴とはえらい違いだ。;;;<0616> Tout l'opposé de Misuzu, qui, pendant ce temps-là, était s'appliquaient diligemment à ses études.
<0617> もちろんこの場合、駄目なのは観鈴なのだが。;;;<0617> Bien sûr, Misuzu ne pouvait s'en prendre qu'à elle-même.
<0618> \{\m{A}}（しかし、ジーパンでサッカーはきつくないのだろうか…）;;;<0618> Mais... c'est pas un peu compliqué de jouer au foot en jean ?
<0619> \{\m{A}}（おいおい…しかも上半身裸のやつまでいるぞ）;;;<0619> Eh oh, y en a même un qui ne porte rien en haut.
<0620> ボールが飛んできたときどうするつもりなのだろうか。;;;<0620> Qu'est-ce qu'il va faire s'il se prend la balle ?
<0621> 興味深く見ていると、そのうち裸の少年の所に浮き球がいく。;;;<0621> Alors que je les regardais avec intérêt, la balle fonça tout droit en direction du garçon dénudé.
<0622> バチンッ！;;;<0622> \bPaf\u !!
<0623> ここまで聞こえる音をたてて、剥き出しの胸にボールが納まった。;;;<0623> Même d'où j'étais, je pus entendre le bruit que fit la balle en heurtant directement son torse.
<0624> あれは痛いぞ…;;;<0624> Ça doit faire mal...
<0625> \{\m{A}}「………」;;;<0625> .........
<0626> \{\m{A}}（でも…どのくらい痛いんだろう）;;;<0626> Mais... à quel point est-ce que ça fait mal ?
<0627> きょろきょろと辺りを見回し、誰もいないことを確認する。;;;<0627> Je regardai tout autour de moi pour m'assurer d'être seul.
<0628> そして、そっとＴシャツの中に手を入れてみた。;;;<0628> Cela fait, je glissai ma main sous mon T-shirt.
<0629> 指先を開いて…;;;<0629> J'écartai et tendis les doitgs...
<0630> バチンッ！;;;<0630> \bPaf\u !!
<0631> \{\m{A}}「……う」;;;<0631> ... Ugh.
<0632> \{\m{A}}「………」;;;<0632> .........
<0633> \{\m{A}}（…何やってるんだろう）;;;<0633> ... Mais qu'est-ce que je fiche ?
<0634> ため息を付き、踵を返す。;;;<0634> Tout en soupirant, je fis demi-tour.
<0635> と、背中に校舎からチャイムの音が届いた。;;;<0635> À ce moment, j'entendis la sonnerie derrière moi.
<0636> 十分の一ぐらいしか機能を成していない学校に響く、チャイム。;;;<0636> Cette sonnerie retentissait dans une école qui ne fonctionnait qu'à environ dix pour cent de ses capacités.
<0637> 俺は一度振り返ってから、また歩みを進めていった。;;;<0637> Je jetai un coup d'œil derrière moi, puis me remis en marche.
<0638> \{\m{A}}「さて……」;;;<0638> Et maintenant...
<0639> 風を感じながら、空を見上げる。;;;<0639> Tout en ressentant le souffle du vent, je levai les yeux en direction du ciel.
<0640> 次は、どこに行ってこようか…。;;;<0640> Où devrais-je aller, ensuite...?
<0641> \{\m{A}}（確か、まだ行ってない場所があったはずだな…）;;;<0641> Il y a forcément des endroits où je ne suis pas encore allé...
<0642> 俺は地図を広げる。;;;<0642> Je dépliai le plan.
<0643> よし…一度、神尾家に戻るか。;;;<0643> Allez... commençons chez les Kamio.
<0644> 堤防から来た道を戻って…俺は神尾家に戻ってきていた。;;;<0644> Je rebroussai chemin en direction de la digue, puis repartis chez les Kamio.
<0645> 散策というよりは、小休止したいだけという気もしてくるが…。;;;<0645> Plutôt que de faire une promenade, je me sentais plutôt de prendre une petite pause.
<0646> まあ、あまり気にしないことにしよう。;;;<0646> Bah, pas besoin d'y réfléchir autant.
<0647> しかしこの家、玄関に鍵はかけていないのか…。;;;<0647> Par contre, pourquoi est-ce que la porte de la maison n'était pas fermée à clé ?
<0648> \{\m{A}}「不用心だな…」;;;<0648> C'est pas prudent...
<0649> そんなことを思いながら、足で扇風機のスイッチを押す。;;;<0649> pensai-je, tout en pressant l'interrupteur du ventilateur avec mon pied.
<0650> まあ、取られるようなものはないし、この通りの田舎だし…。;;;<0650> Bah, il n'y avait rien d'intéressant à piquer, et c'était la campagne...
<0651> この町では、それが普通なのかも知れない。;;;<0651> Ce devait être la norme dans ce village.
<0652> しばらく扇風機に当たった後、窓も開け放した。;;;<0652> Après avoir profité du ventilateur pendant quelque temps, j'ouvrai les fenêtres.
<0653> 窓から窓へ。家の中を、風がスムーズに通り抜けていく。;;;<0653> Passant de fenêtre en fenêtre, le vent s'engouffrait doucement dans la maison.
<0654> 田舎の家ならではの、涼しさだった。;;;<0654> C'était une fraîcheur caractéristique de la campagne.
<0655> 畳の上にごろ寝すると、座布団を枕にする。;;;<0655> Je m'allongeai à même le tatami, un zabuton comme oreiller.
<0656> リモコンを手に取るとテレビの電源を入れた。;;;<0656> Je pris la télécommande et mis en marche la télévision.
<0657> ブラウン管に現れるのは…。;;;<0657> L'écran cathodique s'alluma...
<0658> …見たこともない芸人が司会を務める、ローカル番組。;;;<0658> ... et montra un programme local animé par une sorte de célébrité que je n'avais jamais vue.
<0659> 同じくローカルニュースの、大きなカボチャ情報。;;;<0659> Similairement, les actualités locales parlaient d'une très grosse citrouille.
<0660> うまいのかヘタなのか微妙な、素人の歌声。;;;<0660> Il y eut aussi un chanteur amateur, à la voix médiocre.
<0661> クラシックの演奏。;;;<0661> Et de la musique classique.
<0662> そして…。;;;<0662> Et après ça...
<0663> \{\m{A}}「おっ…」;;;<0663> Oh...!
<0664> スピーカーから流れる懐かしい声に、身を乗り出す。;;;<0664> Une voix nostalgique sortit des enceintes et me fit me redresser.
<0665> どこか古くさい色合い。;;;<0665> La colorimétrie était vieillotte.
<0666> 画面には、一昔前のアニメが流れていた。;;;<0666> C'était un anime d'une autre époque.
<0667> \{\m{A}}「懐かしいな…」;;;<0667> Ça me rappelle des souvenirs...
<0668> どうやら、昔のアニメの再放送をやっているようだった。;;;<0668> Ça avait l'air d'être une rediffusion d'un vieil anime.
<0669> 観鈴を送り終わって、暇な時間。;;;<0669> C'était ainsi ça que je passai le temps après avoir conduit Misuzu.
<0670> 俺は腰を据えると、じっとテレビに見入っていた。;;;<0670> Je me concentrai sur ce qui passait à la télé.
<0671> \{\m{A}}「さて……」;;;<0671> Et maintenant...
<0672> この番組の協賛までを確認して、俺は神尾家を出た。;;;<0672> Après avoir regardé jusqu'aux sponsors du programme, je quittai la maison Kamio.
<0673> 次はどこに行こうか…。;;;<0673> Et maintenant, où aller...?
<0674> \{\m{A}}（確か、まだ行ってない場所があったはずだな…）;;;<0674> Il y a forcément des endroits où je ne suis pas encore allé...
<0675> 俺は地図を広げる。;;;<0675> Je dépliai le plan.
<0676> 気が抜けた。;;;<0676> Mon enthousiasme disparut.
<0677> 気が抜けた。;;;<0677> Mon enthousiasme disparut.
<0678> ぷるぷると顔を振って、再度やる気を呼び起こす。;;;<0678> Je secouai ma tête pour réveiller ma motivation.
<0679> \{\m{A}}「この橋の向こうだ」;;;<0679> Allons voir de l'autre côté du pont.
<0680> 橋までは行ったことがあるが、その先には足を踏み入れたことがなかった。;;;<0680> J'étais déjà allée jusqu'au pont, mais je ne l'avais encore jamais franchi.
<0681> 地図上では山が描かれている。;;;<0681> Une colline était dessinée sur le plan.
<0682> もしかしたら、それを超えれば簡単に隣町に出られる…という可能性もなくはない。;;;<0682> Peut-être bien que si j'arrivais à passer la colline, j'arriverais facilement au prochain village... peut-être.
<0683> \{\m{A}}（どこでもこの町よりは、マシだろうからな…）;;;<0683> N'importe où serait meilleur que ce village, de toute façon...
<0684> 行ってみることにする。;;;<0684> Je me décidai à y aller.
<0685> 橋の途中で立ち止まる。;;;<0685> Je fis halte juste avant le pont.
<0686> 二日前、そして先ほど出会った少女を思い出す。;;;<0686> La fille que j'avais rencontrée deux jours plus tôt et un peu plus tôt me revint à l'esprit.
<0687> \{\m{A}}（あのとき、ここに立ってたよな…あいつは）;;;<0687> C'était là qu'elle se tenait, l'autre fois...
<0688> 二日前に、少女と出会ったことを思い出す。;;;<0688> La fille que j'avais rencontrée deux jours avant et un peu plus tôt me revint à l'esprit.
<0689> \{\m{A}}（ここに立ってたよな…あいつは）;;;<0689> C'était là qu'elle se tenait, l'autre fois...
<0690> 下には、夏の日差しを受けて輝く水面。;;;<0690> En bas, les rayons du soleil se reflétaient à la surface de l'eau.
<0691> 子供たちの、格好の遊び場に映る。;;;<0691> L'endroit parfait pour que des enfants y jouent.
<0692> \{\m{A}}「と…先にいかないとな」;;;<0692> Et... aller, en route.
<0693> 再び、歩き始める。;;;<0693> Je me remis en marche.
<0694> 道が登り坂になる。;;;<0694> Le chemin montait.
<0695> 山に差しかかったようだった。;;;<0695> On sentait qu'on se rapprochait de la colline.
<0696> 見上げると、道はゆるやかにカーブして、頂上へと続いていた。;;;<0696> En levant les yeux, je vis que le chemin continuait en pente douce jusqu'au sommet.
<0697> 登っていく。;;;<0697> Je me mis à monter.
<0698> 海が見えた。;;;<0698> Je pouvais voir la mer.
<0699> 方角からして遠くの町は、隣町じゃない。俺が今までいた場所だ。;;;<0699> D'après l'orientation, le village au loin n'était pas le village voisin, mais celui d'où je venais.
<0700> 気が滅入る…。;;;<0700> Je me sentis découragé...
<0701> \{\m{A}}（閉鎖された異次元かよ、ここはよ…）;;;<0701> Ce coin doit être isolé dans une autre dimension...
<0702> これ以上登っても、意味がなさそうだった。;;;<0702> J'avais assez monté, ce serait inutile d'aller plus loin.
<0703> しかし頂上はすぐそこだ。;;;<0703> Mais j'étais presque au sommet.
<0704> ここまできたんだから、登り切ってみることにした。;;;<0704> Après être monté jusque-là, autant aller jusqu'au bout.
<0705> もしかしたら、茶屋のひとつでも建っていて、人々の憩いの場となっているかもしれない。;;;<0705> Avec un peu de chance, quelqu'un y aurait fondé une maison de thé pour permettre aux gens de se relaxer.
<0706> そうすれば、雰囲気といい、俺の芸で和むにぴったりの状況だ。;;;<0706> Si c'était le cas, mon numéro serait parfaitement à sa place dans une telle atmosphère.
<0707> \{\m{A}}「よし、いくぞ…」;;;<0707> Allez, on y va...!
<0708> やがて現れた石段を上る。これがまた長かった。;;;<0708> Peu après, je me retrouvai à monter un escalier en pierre. Encore un bon bout de chemin.
<0709> \{\m{A}}「暑い…暑いぞ…」;;;<0709> Fais chaud... Fais si chaud...
<0710> 見なくても、だらだらと汗が胸を伝っているのがわかる。;;;<0710> Je n'avais même pas besoin de regarder pour me rendre compte que de la sueur était en train de couler lentement le long de mon torse.
<0711> \{\m{A}}「ノドがかわいた…」;;;<0711> J'ai soif...
<0712> \{\m{A}}「まずは、茶屋で一杯、水をもらうとしよう…」;;;<0712> Je commencerais par prendre un verre d'eau à la maison de thé...
<0713> \{\m{A}}「その後は団子だ」;;;<0713> Et après ça, des \bdango\u.
<0714> \{\m{A}}「代金はその場で、稼ぐ、と」;;;<0714> Je gagnerais de quoi payer l'addition sur place.
<0715> \{\m{A}}「ああ、なんて素晴らしい計画なんだ」;;;<0715> Aah, quel plan magnifique !
<0716> 最後の石段を踏みしめ、頂上へ。;;;<0716> Je montai la dernière marche de pierre, et atteint le sommet.
<0717> \{\m{A}}「よしっ」;;;<0717> Allez !
<0718> \{\m{A}}「おばば、とりあえず、水をくれっ。その後、団子だっ」;;;<0718> Ma p'tite dame, sers-moi de l'eau. Et après ça, des \bdango\u !
<0719> \{\m{A}}「………」;;;<0719> .........
<0720> ………。;;;<0720> ..........
<0721> ……。;;;<0721> ..........
<0722> 古びた神社が一軒。;;;<0722> Il y avait un vieux sanctuaire shinto.
<0723> それ以外、なにもなかった。;;;<0723> À part ça, rien d'autre.
<0724> 一気に数を増したセミの声が腹立たしい。;;;<0724> Les chants des cigales s'étaient multipliés, ajoutant à mon agacement.
<0725> \{\m{A}}「帰ろう…」;;;<0725> Rentrons...
<0726> 俺はすぐさま踵を返す。;;;<0726> Je fis promptement demi-tour.
<0727> 一体ここまで何をしにきたのか…。;;;<0727> Mais qu'est-ce que j'étais venu faire là...?
<0728> 無駄に体力と時間を浪費してしまった。;;;<0728> Ce n'était qu'une perte de temps et d'énergie.
<0729> やっぱり…地道に人通りの多い場所で稼ごう。;;;<0729> Il était évident que la manière sûre de me faire des sous était d'aller là où il y avait du monde.
<0730> そう決意を固め、坂を下った。;;;<0730> Cela réalisé, je redescendis.
<0731> 残り少ない気力を使い果たし、商店街までやってくる。;;;<0731> Usant du peu de force qu'il me restait, j'atteignis la rue commerçante.
<0732> 相変わらず、人通りは少ないが、他の場所よりもマシだろう…。;;;<0732> Comme d'habitude, il n'y avait pas grand monde, mais ça restait mieux qu'ailleurs...
<0733> なるべく往来の激しいポイントを探す。;;;<0733> Je me mis à chercher là où il y avait le plus de circulation.
<0734> 近くの建物の、駐輪場辺りがよさそうだ。;;;<0734> Le parking à vélos du bâtiment à côté avait l'air pas mal.
<0735> 人形を取り出すと、影になっているあたりに腰を下ろした。;;;<0735> Je sortis ma marionnette, et m'accroupis dans un coin à l'ombre.
<0736> \{\m{A}}「よし、始めるか」;;;<0736> Allez, commençons.
<0737> 今日こそはと気合いを入れ、人形を地面にセットする。;;;<0737> Je la posai au sol en me motivant à faire de ce jour un succès.
<0738> やはり、ターゲットを絞った方が良いだろう。;;;<0738> Je me dis qu'il me faudrait limiter mes cibles.
<0739> お爺ちゃんと孫。これしかない。;;;<0739> Un grand-père et son petit-fils, il n'y a que ça.
<0740> 孫はここぞとばかりに甘え、お爺ちゃんはここぞとばかりに可愛がる最高のコンビ。;;;<0740> Le petit-fils en profiterait pour se faire chouchouter, et le grand-père gaga ne demanderait que ça. C'est la combinaison idéale.
<0741> \{\m{A}}「…勝ったな」;;;<0741> ... À moi la victoire.
<0742> ………。;;;<0742> ..........
<0743> ……。;;;<0743> .......
<0744> …;;;<0744> ...
<0745> …そんなコンビ、通りゃしねえ。;;;<0745> ... Cette combinaison ne montra jamais le bout de son nez.
<0746> すわ、作戦失敗かっ！？;;;<0746> Hein !? N'était-ce pas une stratégie sans failles !!?
<0747> いや、俺にはわかる。;;;<0747> Nan, c'était clair.
<0748> 気配がする。興味津々、津々浦々に俺に向かってくる気配がっ。;;;<0748> J'ai senti quelque chose. Quelque chose de très intéressé. Quelque chose qui accourt de toute part...
<0749> \{\m{A}}「右だっ！」;;;<0749> À ma droite !!
<0750> きゅぴーん！と、音がでるほどの目つきでそちらを見る。;;;<0750> Quelque chose croisa mon regard. Quelque chose qui le regardait avec tant d'ardeur qu'elle était palpable.
<0751> \{ポテト}「ぴこっ」;;;<0751> Piko !
<0752> \{\m{A}}「……」;;;<0752> .........
<0753> …帰ってくれ。;;;<0753> ... Va-t'en.
<0754> \{ポテト}「ぴこぴこ～」;;;<0754> Piko piko~.
<0755> 人形の前で、懇願するような瞳を向ける。;;;<0755> Il se tenait devant ma marionnette, m'implorant de ses yeux.
<0756> \{\m{A}}「だいたい、学校に行ったんじゃなかったのか…」;;;<0756> T'étais pas censé être à l'école...?
<0757> まったく、飼い主は何をやってるんだ。;;;<0757> Mais franchement, que fichait son propriétaire ?
<0758> さっきもそうだが、犬相手に芸を見せてもしょうがない。;;;<0758> Comme plus tôt, je n'avais rien à gagner à faire voir mon numéro à un chien.
<0759> とりあえず、無視することにした。;;;<0759> Quoi qu'il en soit, ignorons-le.
<0760> \{ポテト}「ぴこぴこ」;;;<0760> Piko piko.
<0761> まあ、この地球外生命体をみて子供が集まってくるかも…;;;<0761> Bah, peut-être bien que les enfants se réuniraient pour observer cette forme de vie extraterrestre.
<0762> \{ポテト}「ぴこぴこぴこっ」;;;<0762> Piko piko piko !
<0763> いや、逆に逃げていくような気がしないでもない。;;;<0763> Nan, au contraire, à mon avis, ils s'enfuiraient.
<0764> \{ポテト}「ぴこ～ぴこ～」;;;<0764> Piko~ piko~.
<0765> 現に、道行く人が、一様に目を伏せているような気が…;;;<0765> En fait, les passants baissaient déjà les yeux comme si de rien n'était...
<0766> \{ポテト}「ぴっこぴこぴこ～」;;;<0766> Pikko piko piko~
<0767> \{\m{A}}「踊るなっ！」;;;<0767> Danse pas !!
<0768> やばい、客足がどんどん遠のいていく。;;;<0768> C'était pas bon, les pas des passants se faisaient de plus en plus lointains.
<0769> とりあえず、このモザイクものの物体を何とかしないと。;;;<0769> Quoiqu'il en fût, il me fallait faire quelque chose de cette chose pixelisée pour la censurer.
<0770> しかし、安易に芸を見せてしまうのも癪だ。;;;<0770> Cela dit, ça me frustrerait de céder aussi facilement.
<0771> よし、ここはやはり…;;;<0771> C'est bon, c'est le moment de...
<0772> \{\m{A}}「ピッチャー振りかぶった！」;;;<0772> Le lanceur se met en position !
<0773> むんずと人形をつかんで、大きく腕を振る。;;;<0773> J'attrapai fermement ma marionnette, et l'agitais dans tous les sens.
<0774> \{ポテト}「ぴこっ！」;;;<0774> Piko !!
<0775> \{\m{A}}「第一球投げた、ストラーイクッ！」;;;<0775> Première balle... c'est une prise !!
<0776> \{ポテト}「ぴこ～！」;;;<0776> Piko~ !
<0777> ぴこぴこぴこぴこっ！;;;<0777> Piko piko piko piko !!
<0778> 妙な足音で、腕を振った方向に駆けていく。;;;<0778> Il détalla dans la direction vers laquelle j'avais agité mon bras. Ses pas faisaient un drôle de bruit.
<0779> もちろん大切な商売道具を投げたりはしない。ただ、真似をしただけだ。;;;<0779> Bien sûr, je n'allais pas balancer mon précieux outil de travail. Je faisais juste semblant.
<0780> それでも、ポテトを騙すには十分効果があったようだ。;;;<0780> Et pourtant, cela suffit à tromper Potato.
<0781> \{\m{A}}「しょせんは犬畜生か…」;;;<0781> Après tout, ce n'est qu'un clébard.
<0782> 首を左右に振ると、再び人形を元の位置に戻す。;;;<0782> Tout en secouant la tête de gauche à droite, je posai de nouveau ma marionnette à sa place.
<0783> 邪魔者がいなくなったところで、再開するか。;;;<0783> Le casse-pied parti, je pouvais reprendre.
<0784> \{\m{A}}「さあ、人形劇の始まりだ！」;;;<0784> Que le spectacle de marionnettes commence !
<0785> 道行く親子連れに声をかける。;;;<0785> Je racolais les enfants qui descendaient la rue avec leurs parents.
<0786> \{ポテト}「ぴこぴこぴこ～」;;;<0786> Piko piko piko~.
<0787> 背後から聞こえる声は、気にしない。;;;<0787> J'ignorai la voix dans mon dos.
<0788> \{\m{A}}「あ、きみ。こんにちわ」;;;<0788> Ah, mon petit. Bonjour.
<0789> \{ポテト}「ぴこぴこぴこ～」;;;<0789> Piko piko piko~.
<0790> あくまで、気にしない。;;;<0790> Ignorons-le jusqu'au bout.
<0791> \{\m{A}}「ほら、ここに人形があるだろ」;;;<0791> Hé, tu vois la marionnette, là ?
<0792> \{ポテト}「ぴこぴこぴこ～」;;;<0792> Piko piko piko~.
<0793> \{声}「ぴこぴこぴこ～」;;;<0793> Piko piko piko~.
<0794> \{\m{A}}「なんとこれが…」;;;<0794> Tu sais, cette marionnette...
<0795> ポテトとは別の声が聞こえてきたような気がする。;;;<0795> J'avais cru entendre une voix autre que celle de Potato.
<0796> \{\m{A}}「こ、これが…だな」;;;<0796> C-Cette marionnette... eh ben... tu vois.
<0797> \{ポテト}「ぴこぴこぴこ～」;;;<0797> Piko piko piko~.
<0798> \{声}「ぴこぴこぴこ～」;;;<0798> Piko piko piko~.
<0799> \{\m{A}}「…これ、が…」;;;<0799> ... Eh... ben...
<0800> \{ポテト}「ぴこぴこぴこ～」;;;<0800> Piko piko piko~.
<0801> \{声}「ぴこぴこぴこ～」;;;<0801> Piko piko piko~.
<0802> \{\m{A}}「………」;;;<0802> .........
<0803> あの異星人の生物兵器が二体？;;;<0803> Existait-il un second exemplaire de cette arme biologique extraterrestre ?
<0804> いや、ポテトが分裂したのかも…;;;<0804> Nan, Potato s'était sans doute scindé en deux...
<0805> い、嫌すぎる…;;;<0805> B-Beurk...
<0806> \{\m{A}}「…今日は店終いだ」;;;<0806> ... On va fermer.
<0807> 人形をつかむと、恐る恐る後ろを振り返る。;;;<0807> Je récupérai ma marionnette, et finis par me retourner avec hésitation.
<0808> 霧島診療所の、白い壁。;;;<0808> Les murs blancs de la clinique Kirishima.
<0809> その入り口に続く階段。そこに…;;;<0809> Sur les marches menant à l'entrée se trouvait...
<0810> \{\m{A}}「………」;;;<0810> .........
<0811> \{みちる}「ぴこぴこぴこ～」;;;<0811> Piko piko piko~.
<0812> …もう一つの、人外魔境があった。;;;<0812> ... une seconde abomination venue d'un monde extérieur.
<0813> \{ポテト}「ぴ、ぴこっ…！」;;;<0813> P-Piko...!!
<0814> セッションをしていたポテトが、俺を見て慌てている。;;;<0814> Au beau milieu de leur 'dialogue', Potato me regarda, l'air agité.
<0815> \{みちる}「ぴこぴこ」;;;<0815> Piko piko.
<0816> \{ポテト}「ぴ…ぴこぴこ」;;;<0816> Pi...Piko piko.
<0817> こいつも会話ができるのか…？  恐るべし田舎リアン…;;;<0817> Elle arrive à lui parler, celle-là...? Ils sont redoutables, ces péquenauds...
<0818> \{\m{A}}「…楽しいか？」;;;<0818> ... Vous vous amusez bien ?
<0819> 深いため息をついて、聞いてみる。;;;<0819> leur demandai-je, tout en lâchant un profond soupir.
<0820> \{みちる}「ぴこっぴこっ」;;;<0820> Piko ! Piko !
<0821> どうやら楽しいらしい。;;;<0821> Elle avait l'air de s'amuser.
<0822> \{\m{A}}「で、おまえは…」;;;<0822> Hé, toi, là...
<0823> ポテトを見てみる。;;;<0823> Je jetai un coup d'œil à Potato.
<0824> \{ポテト}「ぴこっ、ぴこぴこぴこっ」;;;<0824> Piko ! Piko piko piko !
<0825> 違うんだと言いたげに、毛玉のような首を左右に振っていた。;;;<0825> La boule de poils secoua la tête en signe de négation.
<0826> \{ポテト}「ぴこぴこ～」;;;<0826> Piko piko~.
<0827> 人形のことなど忘れて、みちるとジャムっていたことの弁明か。;;;<0827> On dirait qu'il essayait de m'expliquer qu'il s'était retrouvé coincé avec Michiru et que c'était pour cela qu'il avait laissé tomber ma marionnette.
<0828> 必死なポテトを、俺は冷たい目で一瞥してやった。;;;<0828> J'adressai un coup d'œil glacial à un Potato paniqué.
<0829> \{\m{A}}「もう、遠慮せずやってくれ…」;;;<0829> Bon, si vous me permettez...
<0830> \{みちる}「ぴこぴこぴこ～」;;;<0830> Piko piko piko~.
<0831> \{ポテト}「ぴこ…ぴこぴこ」;;;<0831> Piko... piko piko.
<0832> \{\m{A}}「ほらほら、二匹とも頑張れ」;;;<0832> Hé, oh, faites un effort, tous les deux.
<0833> 軽く手拍子してやる。;;;<0833> Je battis des mains pour les encourager.
<0834> \{みちる}「ぴこぴこぴこぴこぴこ～」;;;<0834> Piko piko piko piko piko~.
<0835> \{ポテト}「ぴこぴこ…ぴこぴこぴこ」;;;<0835> Piko piko... Piko piko piko.
<0836> \{みちる}「……」;;;<0836> .........
<0837> \{みちる}「って、ばかにすんなーーーっ！」;;;<0837> Hé, me prends pas pour une idiote !!!!!
<0838> \{\m{A}}「おお、日本語を喋ったぞ」;;;<0838> Ooh, mais c'est qu'elle parle japonais.
<0839> \{みちる}「むぅぅ…」;;;<0839> Muu...
<0840> \{\m{A}}「こんなところで、何やってるんだ」;;;<0840> Qu'est-ce que tu fiches ici ?
<0841> \{みちる}「んに？」;;;<0841> Hnni ?
<0842> \{\m{A}}「晩飯の調達にでもきたのか？」;;;<0842> T'es venue chercher de quoi manger ce soir ?
<0843> そういって、足下の毛玉を見てみる。;;;<0843> dis-je tout en contemplant la boule de poils à mes pieds.
<0844> \{みちる}「たべないよ。ぴこはお友達だもん」;;;<0844> Je vais pas le manger. Piko, c'est mon ami.
<0845> \{\m{A}}「違うな。この犬はぴこじゃない」;;;<0845> Tu te trompes. Ce chien ne s'appelle pas Piko.
<0846> \{みちる}「んに？  違うの」;;;<0846> Hnni ? C'est pas ça ?
<0847> \{\m{A}}「ポテトと言うんだ。美味しそうだろう」;;;<0847> Il s'appelle Potato. Ça sonne délicieux, non ?
<0848> \{みちる}「ポテト…？」;;;<0848> Potato...?
<0849> \{\m{A}}「ああ。ほら、持ち帰りたくなった」;;;<0849> Ouais. Hé, t'as pas envie de le ramener chez toi ?
<0850> \{みちる}「ん、んに…」;;;<0850> H-Hnni...
<0851> \{\m{A}}「ほら、ポテトの近くで座れ」;;;<0851> Allez, assieds-toi à côté de Potato.
<0852> 無理矢理、みちるをその場に座らせる。;;;<0852> Je la forçai à s'asseoir.
<0853> \{\m{A}}「ぴこぴこぴ～こ～ぴ～こ～」;;;<0853> Piko piko piiko~ piiko~.
<0854> \{みちる}「ぴこぴこぴ～こ～ぴ～こ～」;;;<0854> Piko piko piiko~ piiko~.
<0855> \{みちる}「……」;;;<0855> .........
<0856> \{みちる}「バカにすんなぁ！」;;;<0856> Me prends pas pour une idiote !!!!!
<0857> \{\m{A}}「おお、日本語を喋ったぞ」;;;<0857> Ooh, mais c'est qu'elle parle japonais.
<0858> \{みちる}「むぅぅ」;;;<0858> Muu.
<0859> \{\m{A}}「…？」;;;<0859> ...?
<0860> すっ、とみちるの姿が、視界から消える。;;;<0860> Tout d'un coup, Michiru s'évanouit de mon champ de vision.
<0861> \{みちる}「えいっ！」;;;<0861> Ei !
<0862> がすっ！\shake{7};;;<0862> \bPaf\u. \shake{7}
<0863> \{\m{A}}「ぐはっ」;;;<0863> Guwah !
<0864> \{みちる}「覚えてろーーーーーーーっ！」;;;<0864> J'me vengeraaaaaaaai !!
<0865> ぱたぱたと足音だけを残して、みちるは走り去っていった。;;;<0865> Michiru décampa, ne laissant derrière elle que le bruit de ses pas.
<0866> \{\m{A}}「く…」;;;<0866> Geh...
<0867> 痛みに痺れるみぞおちを押さえる。;;;<0867> Je tenais serrai mon plexus solaire engourdi par la douleur.
<0868> \{\m{A}}「あんのガキぃ～…」;;;<0868> Cette sale gosse~...
<0869> みちるの走り去っていった方向に恨めしげな視線を向ける。;;;<0869> Je jetai un regard plein de haine dans la direction vers laquelle Michiru s'était enfuie.
<0870> と、目の前にヒラヒラと何かが降ってきた。;;;<0870> Je baissai les yeux, et remarquai que quelque chose m'avait effleuré.
<0871> \{\m{A}}「…あん？」;;;<0871> ... Hmm ?
<0872> 鳩尾をさすりながら、それをキャッチする。;;;<0872> Tout en me massant le plexus solaire, je l'attrapai en vol.
<0873> 白い封筒だ。;;;<0873> C'était une enveloppe blanche.
<0874> 表面には毛筆で『進呈』と書かれている。;;;<0874> Dessus, on y avait tracé le mot 'cadeau'.
<0875> 中には、なにやら紙幣っぽい物が入っているようだ。;;;<0875> Elle avait l'air de contenir quelque chose qui ressemblait à des billets.
<0876> みちるの落とし物か…？;;;<0876> Était-ce Michiru qui l'avait fait tomber ?
<0877> \{\m{A}}「………」;;;<0877> .........
<0878> 周囲に気を配る。;;;<0878> Je scrutai les alentours.
<0879> 目撃者はいない。;;;<0879> Pas de témoin.
<0880> \{ポテト}「ぴこっ」;;;<0880> Piko !
<0881> \{\m{A}}「むんっ！」;;;<0881> Hmph !!
<0882> しゅぱーん！！;;;<0882> \bKick\u !!
<0883> 足下に閃光がはしり、次の瞬間ポテトが空高く舞う。;;;<0883> Mes pieds s'illuminèrent, et l'instant d'après, Potato valdinguait dans les airs.
<0884> \{\m{A}}「セリエＡもびっくりだぜ」;;;<0884> Un coup de pied qui impressionnerait même la \bSerie A\u !
<0885> 太陽に向かって、さわやかに笑ってみる。;;;<0885> J'adressai un sourire détendu au soleil.
<0886> 白い封筒に向き直ると、マジマジとそれを眺めた。;;;<0886> Je redirigeai mon attention sur l'enveloppe blanche, et la contemplai intensément.
<0887> \{\m{A}}「…おもしろおかしい物が入ってる予感だぜ…」;;;<0887> Mon petit doigt me dit qu'elle contient quelque chose qui peut m'intéresser...
<0888> 拾得物の一割は、拾い主に対しての正当な報酬だ。;;;<0888> L'usage veut qu'on récompense celui qui le ramène à la hauteur de dix pour cent de la valeur de l'objet trouvé.
<0889> 期待に胸を躍らせ、封筒の封を切る。;;;<0889> Alors que mon cœur s'emballait d'excitation, j'ouvris l'enveloppe.
<0890> ビリビリビリ…。;;;<0890> \bScratch scratch scratch\u...
<0891> \{\m{A}}「………」;;;<0891> .........
<0892> \{\m{A}}「…お米券…？」;;;<0892> ... Un bon pour du riz...?
<0893> いまいち面識のない商品券だった。;;;<0893> Il s'agissait d'une sorte de carte-cadeau qui ne me disait rien.
<0894> とりあえず、封筒にしまい込む。そしてそれを尻ポケットに。;;;<0894> Quoi qu'il en fût, je le remis dans l'enveloppe, que je rangeai à son tour dans ma poche arrière.
<0895> まあ、何かの役に立つかも知れない…。;;;<0895> Bah, on sait jamais quand ça peut servir...
<0896> 痛みのひいた鳩尾を何となくさすりながら、俺は足を進めた。;;;<0896> Tout en caressant sans trop savoir pourquoi mon plexus solaire endolori, je repris la marche.
<0897> \{ポテト}「ぴこっ、ぴこぴこ」;;;<0897> Piko ! Piko piko.
<0898> 片膝をつく俺の前に、ポテトが心配そうに現れた。;;;<0898> Je tombai à genoux. Là, Potato accourut l'air inquiet.
<0899> \{\m{A}}「……」;;;<0899> .........
<0900> \{ポテト}「ぴ…ぴこっ」;;;<0900> Pi... Piko !
<0901> 冷たい視線に、たじろぐ。;;;<0901> Mon regard glacial lui fit faire un mouvement de recul.
<0902> \{\m{A}}「俺の人形を捨て、みちるに尻尾を振ったな？」;;;<0902> T'as abandonné ma marionnette, et remué la queue devant Michiru, hein ?
<0903> \{ポテト}「ぴこっ！  ぴこっ！」;;;<0903> Piko !! Piko !!
<0904> ぶんぶんと首を横に振る。;;;<0904> Il secoua vigoureusement la tête.
<0905> \{\m{A}}「もう遅い」;;;<0905> C'est trop tard pour ça.
<0906> 足を引きずりながら立つと、ポテトに背を向ける。;;;<0906> Je me relevai à grand-peine, lui tournant le dos.
<0907> \{\m{A}}「短いつきあいだったな」;;;<0907> Content de t'avoir connu.
<0908> \{ポテト}「ぴこ～」;;;<0908> Piko~.
<0909> すがりつくポテトを振り払い、俺は足を進めていった。;;;<0909> Je continuai à avancer, maintenant débarrassé de ce pot de colle de Potato.
<0910> そろそろ正午だった。;;;<0910> Bientôt la mi-journée.
<0911> 堤防の上に腰をかける。;;;<0911> Je m'assis sur la digue.
<0912> 日差しも強かったけど、それ以上に風が心地よい。;;;<0912> Bien que les rayons du soleil fussent intenses, un vent agréable les compensait.
<0913> 校門からは、ちらちらと下校する学生の姿が見受けられた。;;;<0913> Je pouvais voir des étudiants quitter petit à petit l'école par le portail.
<0914> 待っていれば、そのうち出てくるだろう。;;;<0914> Encore un peu et ce serait au tour de Misuzu.
<0915> 額の汗を乾かそうと、風上のほうを向く。;;;<0915> Je me tournai face au vent pour faire sécher la sueur de mon front.
<0916> その先に観鈴がいた。;;;<0916> J'aperçus Misuzu un peu plus loin.
<0917> 堤防沿いの店の自販機の前で立ち尽くしている。;;;<0917> Elle se tenait face au distributeur du magasin qui longeait la digue.
<0918> 俺は堤防を降りて、後ろから近づいてゆく。;;;<0918> Je descendis de la digue, et m'approchai d'elle dans son dos.
<0919> \{観鈴}「うーん…これはけっこう無難な味だったし…」;;;<0919> Hmm... ça, c'est banal comme goût...
<0920> どのジュースを買おうか悩んでいる様子だった。;;;<0920> Elle se demandait quel jus elle devrait acheter.
<0921> \{観鈴}「これかなぁ…」;;;<0921> Peut-être celui-ci...
<0922> \{観鈴}「いや…こっち」;;;<0922> Nan... celui-là.
<0923> \{\m{A}}「さっさと押せ」;;;<0923> Dépêche-toi d'appuyer sur le bouton.
<0924> \{観鈴}「わっ」;;;<0924> Wah !
<0925> 俺が唐突に声をかけたためか、観鈴は驚いて販売機に手をついた。;;;<0925> Probablement parce que je l'avais saluée sans prévenir, Misuzu sursauta en posant une main sur le distributeur.
<0926> \{観鈴}「あ、\m{A}さん…」;;;<0926> Ah, \m{A}-san...
<0927> \{観鈴}「ちゃんと正面から声かけてほしいな…」;;;<0927> Tu aurais pu te mettre devant moi pour me parler...
<0928> \{\m{A}}「悪い悪い。おまえの優柔不断さを前に黙っていられなくてな…」;;;<0928> Désolé, désolé. Mais je ne pouvais pas rester silencieux face à ton indécision.
<0929> \{\m{A}}「で、おまえ、なんか押してるぞ」;;;<0929> Hé, t'as appuyé sur quelque chose, on dirait.
<0930> \{観鈴}「え…？  あ…ほんと、なんか押してる…」;;;<0930> Eh...? Ah, c'est vrai, j'ai appuyé sur quelque chose...
<0931> 観鈴は自販機のボタンを押してしまっていた。;;;<0931> Misuzu avait accidentellement appuyé sur un des boutons du distributeur.
<0932> がこん。;;;<0932> \bClank\u.
<0933> 商品が受け取り口に落ちる。;;;<0933> Un article était tombé.
<0934> \{観鈴}「………」;;;<0934> .........
<0935> 観鈴はそれを取ろうともせずに、固まっていた。;;;<0935> Misuzu ne le retira pas, elle était pétrifiée.
<0936> \{\m{A}}「どうした」;;;<0936> Qu'est-ce qu'il y a ?
<0937> \{観鈴}「ゲルルンジュース…」;;;<0937> Du Gélu-Jus...
<0938> \{\m{A}}「は？」;;;<0938> Hein ?
<0939> \{観鈴}「今、押したの、ゲルルンジュースのボタン」;;;<0939> J'ai pressé le bouton du Gélu-Jus.
<0940> \{\m{A}}「そうなのか？」;;;<0940> Ah bon ?
<0941> \{観鈴}「うん。一度だけ飲んだことあるの」;;;<0941> Oui. J'en ai bu, une fois.
<0942> \{\m{A}}「まずかったのか？」;;;<0942> C'était pas bon ?
<0943> \{観鈴}「ストローから、吸い上げられなかったの…」;;;<0943> Je pouvais même pas l'aspirer avec une paille...
<0944> ゲルルン…ゲル状…;;;<0944> 'Gélu-Jus'... Donc gélatineux...
<0945> 俺の頭の中で、とんでもない内容物のジュースが想像される。;;;<0945> Toutes sortes de contenu plus improbables les uns que les autres me passèrent par la tête.
<0946> \{\m{A}}「げ…」;;;<0946> Geh...
<0947> \{観鈴}「たぶん、今、\m{A}さんが想像してるの合ってる」;;;<0947> Apparemment, ton imagination était correcte.
<0948> \{\m{A}}「そうなのか…そら恐ろしい飲み物だ」;;;<0948> Vraiment...? Quelle boisson épouvantable.
<0949> \{\m{A}}「残念だな…でも頑張って飲まないとな」;;;<0949> Dommage... Force-toi à le boire.
<0950> \{観鈴}「が、がお…」;;;<0950> G-Gao...
<0951> 涙ぐむ観鈴。;;;<0951> Misuzu était au bord des larmes.
<0952> \{\m{A}}「捨てるのか？  もったいないだろ」;;;<0952> Tu vas le jeter ? C'est du gâchis.
<0953> 観鈴は別のボタンをかちゃかちゃと押している。;;;<0953> Misuzu appuyait frénétiquement sur les autres boutons.
<0954> だが別の商品が出てくるわけがない。;;;<0954> Mais il n'y avait aucune raison que quoi que ce soit d'autre tombe.
<0955> \{\m{A}}「もう商品は、取り出し口に落ちてんだよ。後は取り出すだけだ」;;;<0955> Ton truc est déjà tombé. Tout ce qu'il reste à faire, c'est le récupérer.
<0956> \{観鈴}「うー…」;;;<0956> Uuh—...
<0957> \{\m{A}}「俺が取り出してやるな」;;;<0957> Je vais le récupérer, d'accord ?
<0958> 取り出し口に手を突っ込み、紙パックを掴み取る。;;;<0958> Je passai ma main dans le compartiment dans lequel il était tombé, et en sortit une brique en carton.
<0959> ………。;;;<0959> ..........
<0960> …ずしりと重い。;;;<0960> ... Tellement lourd.
<0961> パッケージには、『ゲルルンジュース』のラベルと、『水で薄めず、このままお飲みください』の注意書き。;;;<0961> L'étiquette de l'emballage indiquait : 'Gélu-Jus', et les instructions : 'Ne pas diluer avec de l'eau, boire tel quel'.
<0962> 観鈴の顔を見る。;;;<0962> Je dévisageai Misuzu.
<0963> \{観鈴}「………」;;;<0963> .........
<0964> 不憫に思えてきた。;;;<0964> Je commençais à avoir pitié d'elle.
<0965> \{\m{A}}「どうする。頑張るか」;;;<0965> Alors ? Fais un effort.
<0966> \{観鈴}「う、うん…がんばるっ」;;;<0966> O-Oui. Je vais faire un effort.
<0967> 俺の手からゲル状ジュース（ゲル状ならばすでにジュースでないと思うのだが）を受け取る。;;;<0967> Elle prit le Gélu-Jus que je lui tendais (quoique je doutasse qu'avec de la gélatine, ce fût encore du jus).
<0968> つぷっ、とストローを埋め込み、それに小さな口をつける。;;;<0968> Elle planta la paille, et l'amena à sa petite bouche.
<0969> そして顔を真っ赤にして吸い出そうとする。;;;<0969> Puis elle aspira jusqu'à ce que son visage devienne rouge.
<0970> \{観鈴}「んっ…んんんっ…」;;;<0970> Mm...! Mmmm...!
<0971> しばらく頑張ってみるも、無駄だった。一向にその口に内容物が移動する気配はない。;;;<0971> Elle fit un effort certain, mais c'était inutile. Pas la moindre goutte n'avait vraisemblablement atteint sa bouche.
<0972> \{\m{A}}「おまえ、肺活量ないんじゃないのか」;;;<0972> Tu manques de force dans les poumons.
<0973> \{観鈴}「はぁ…はぁ…」;;;<0973> Haa... Haa...
<0974> \{観鈴}「そんなことないよ。ジュースが、かたいだけ」;;;<0974> C'est pas vrai, c'est ce jus qui est trop dur.
<0975> 世の中には、いろんなジュースがあるものである。;;;<0975> Il faut de toutes sortes de jus pour faire un monde.
<0976> \{観鈴}「\m{A}さんも一緒に飲もっ」;;;<0976> \m{A}-san, buvons-en tous les deux !
<0977> びっ、と販売機のほうを指さす。;;;<0977> Elle pointa le distributeur du doigt.
<0978> \{\m{A}}「なにを…」;;;<0978> Boire quoi...?
<0979> \{観鈴}「ゲルルンジュース」;;;<0979> Du Gélu-Jus.
<0980> \{\m{A}}「馬鹿。んなもん人に薦めるなっ」;;;<0980> Idiote. Me recommande pas c'truc.
<0981> \{観鈴}「だって\m{A}さんのせいでこれになったんだし、\m{A}さんだけ見てるのずるい」;;;<0981> Mais c'est ta faute si j'en suis arrivée là, c'est pas juste si tu ne fais que regarder.
<0982> \{\m{A}}「おまえが優柔不断なのが悪い。さっと決めて買ってれば良かったんだ」;;;<0982> C'est la faute de ton indécision. Tu n'avais qu'à choisir plus rapidement ce que tu voulais acheter.
<0983> \{観鈴}「それわたしの楽しみ。うんうん唸って、残り少ないお小遣いでどれ買うか決めるの」;;;<0983> Mais ça m'amuse. J'aime bien faire 'hmm... hmm...' en choisissant quoi acheter avec le peu d'argent de poche qu'il me reste.
<0984> \{\m{A}}「飲むのはおまけなのか？」;;;<0984> Le boire, c'est juste en bonus, alors ?
<0985> \{観鈴}「ううん。それでおいしかったら、すごく幸せ」;;;<0985> Non. Si c'est bon, je suis super contente.
<0986> 悪いことをしただろうか…。;;;<0986> On dirait que j'ai fait quelque chose de mal...
<0987> \{\m{A}}「飲めたら、美味しいかもしれないぞ。頑張れっ」;;;<0987> Si tu le bois, peut-être que ça sera bon. Fais un effort !
<0988> \{観鈴}「うん、がんばるっ…」;;;<0988> Oui, je vais faire un effort...
<0989> 再びストローに口をつける。;;;<0989> Elle amena de nouveau la paille à sa bouche.
<0990> \{観鈴}「んっ…んんんんーっ」;;;<0990> Mm...! Mmmmm—...!
<0991> \{観鈴}「あ…ちょっと口に入った！」;;;<0991> Ah... J'en ai un petit peu dans ma bouche.
<0992> \{\m{A}}「味はどうだ」;;;<0992> Le goût est comment ?
<0993> \{観鈴}「おいしいかも…」;;;<0993> C'est plutôt bon.
<0994> \{\m{A}}「マジか」;;;<0994> Sérieux ?
<0995> \{観鈴}「うん。マジ」;;;<0995> Oui. Sérieux.
<0996> \{観鈴}「あのね、ぎゅってパックを握ると出てくるの」;;;<0996> Alors en fait, tu dois serrer fort le carton si tu veux que ça sorte.
<0997> \{観鈴}「これ盲点だった。普通のパックは、角を持って飲むようにしないとダメだもんね」;;;<0997> C'est le truc. Avec les cartons ordinaires, il suffit de tenir les coins pour boire.
<0998> \{観鈴}「\m{A}さんも、やってみる？」;;;<0998> \m{A}-san, tu en veux aussi ?
<0999> ゲルルンジュースを差し出してくる。;;;<0999> Elle me tendit le Gélu-Jus.
<1000> \{\m{A}}「いや、いい…おまえの味覚は俺には到底理解できない」;;;<1000> Nan, ça ira... J'arriverai jamais à piger tes goûts.
<1001> \{観鈴}「残念。本当、おいしいのに」;;;<1001> Dommage. C'est vraiment bon, pourtant.
<1002> 観鈴はぎゅっぎゅっと、握ってジュースを飲み続ける。;;;<1002> Elle continuait à boire en s'acharnant à serrer le carton.
<1003> 知らない人が見れば、謎な光景だった。;;;<1003> Un bien drôle de spectacle pour celui qui n'est pas au courant.
<1004> \{\m{A}}「歩きながらでいいだろ。家に帰ろう」;;;<1004> Tu feras ça en marchant. Rentrons à la maison.
<1005> 俺は催促する。;;;<1005> Je la pressai.
<1006> \{\m{A}}「腹減った」;;;<1006> Je meurs de faim.
<1007> もぐもぐ…;;;<1007> \bNom nom\u...
<1008> \{観鈴}「食事中～」;;;<1008> On mange~.
<1009> \{\m{A}}「ああ、食事中だ。んなこといちいち言うな」;;;<1009> Ouais, on mange. Pas besoin de l'dire.
<1010> \{観鈴}「にはは」;;;<1010> Nihaha.
<1011> \{観鈴}「というわけで、食後はトランプっ」;;;<1011> Et maintenant, on passe l'après-midi à jouer aux cartes.
<1012> \{\m{A}}「どういうわけだよ」;;;<1012> Maintenant ?
<1013> \{観鈴}「すぐ動くと、お腹痛くなるよ」;;;<1013> Tu vas avoir mal au ventre si tu te remues tout de suite.
<1014> \{\m{A}}「そりゃそうだろうが、動かなくちゃ、いつまでも俺はタダ飯食らいだ」;;;<1014> C'est vrai. Mais si je me remue pas, je continuerai de manger gratuitement jusqu'à la fin de mes jours.
<1015> \{観鈴}「トランプしたいな…」;;;<1015> Je veux jouer aux cartes...
<1016> \{\m{A}}「だから…」;;;<1016> Qu'est-ce que je viens de dire...?
<1017> 考えてみれば、俺たちは一緒にいながら遊びらしい遊びはしていなかった。;;;<1017> En y pensant, nous n'avions jamais vraiment joué ensemble.
<1018> 遊んでいるようなやり取りや、掛けあいはしていたが、それは遊びじゃなかった。;;;<1018> Quand on discutait ou se chipotait, ça pouvait ressembler à des jeux, mais ça n'en étaient pas vraiment.
<1019> \{観鈴}「トランプしたいな」;;;<1019> Je veux jouer aux cartes.
<1020> 観鈴はトランプのケースを胸に抱えて、その言葉を繰り返していた。;;;<1020> répéta-t-elle en serrant son paquet de cartes contre elle.
<1021> \{\m{A}}「…わかった。やってやる」;;;<1021> ... Pigé. Faisons ça.
<1022> \{観鈴}「ほんと？」;;;<1022> Pour de vrai ?
<1023> \{\m{A}}「ああ。ほんとだ」;;;<1023> Ouais. Pour de vrai.
<1024> \{\m{A}}「その代わり…これ終わったら手伝えよ」;;;<1024> En échange... quand on aura fini, tu me donneras un coup de main.
<1025> \{観鈴}「うん。手伝う」;;;<1025> Oui. Je te donnerai un coup de main.
<1026> 言って、観鈴はトランプのケースを開けて、カードをくり始める。;;;<1026> Après avoir dit cela, Misuzu ouvrit le paquet de cartes, puis commença à les mélanger.
<1027> \{\m{A}}「といっても、難しいルールのはやめてくれよ。理解できない」;;;<1027> Cela dit, épargne-moi des jeux avec des règles compliquées. J'y arrive jamais.
<1028> \{観鈴}「うん。簡単なのにするね。神経衰弱」;;;<1028> Oui. On reste sur des jeux simples. Comme le \bMemory\u.
<1029> \{\m{A}}「カードの数字を合わせて、とっていく奴か。それだったらわかる」;;;<1029> C'est celui où on doit trouver les paires de cartes avec le même numéro ? Si c'est ça, j'y arrive.
<1030> \{観鈴}「そうそう。それ」;;;<1030> Parfaitement, celui-là.
<1031> カードを畳の上に並べてゆく。;;;<1031> Elle étala les cartes sur le tatami.
<1032> いくつか並べたところで、観鈴の手が止まる。;;;<1032> Mais alors qu'elle les étalait, ses mains se figèrent.
<1033> \{\m{A}}「どうした」;;;<1033> Qu'est-ce qu'il y a ?
<1034> \{観鈴}「ううん、なんでもないよ」;;;<1034> Rien. Tout va bien.
<1035> 少しだけ顔をしかめて、残りのカードを並べてゆく。;;;<1035> Elle grimaça légèrement, mais continua d'étaler le reste des cartes.
<1036> その手の中から、カードが落ちた。;;;<1036> Elle laissa tomber les cartes.
<1037> \{\m{A}}「観鈴…？」;;;<1037> Misuzu...?
<1038> \{観鈴}「にはは…しっぱい」;;;<1038> Nihaha... Je suis maladroite.
<1039> \{\m{A}}「おまえ、泣いてるじゃないか」;;;<1039> Hé, t'es pas en train de pleurer ?
<1040> \{観鈴}「泣いてないよ」;;;<1040> Je pleure pas.
<1041> ごしごしと涙を拭う。;;;<1041> Elle essuya ses larmes.
<1042> \{観鈴}「もういっかい」;;;<1042> Je recommence.
<1043> 床でばらけていたカードを拾い集める。;;;<1043> Elle rassembla les cartes par terre puis les ramassa.
<1044> \{観鈴}「遊べる…がんばらないと…」;;;<1044> Je peux jouer... Je dois y arriver...
<1045> ぶつぶつと独り言を言っている。;;;<1045> soliloqua-t-elle entre ses dents.
<1046> \{観鈴}「やらないと…わたし、がんばらないと…」;;;<1046> Sinon... Je, je dois y arriver...
<1047> \{\m{A}}「どうしたんだ、おまえ。具合悪いんだったら、休めよ」;;;<1047> Qu'y a-t-il ? T'as pas l'air en forme, va te reposer.
<1048> \{観鈴}「だいじょうぶ、だいじょうぶ」;;;<1048> Je vais bien, je vais bien.
<1049> だが、彼女が耐えられたのはそこまでだった。;;;<1049> Pourtant, elle était à bout de forces.
<1050> 何に耐えていたのかはわからない。;;;<1050> Je ne comprenais pas ce qu'il lui arrivait.
<1051> ただ、彼女は苦しんでいたのだ。;;;<1051> Mais elle se sentait clairement mal.
<1052> もう一度カードを手からこぼすと、そのまま俯せてしまった。;;;<1052> De nouveau, elle laissa tomber les cartes, puis se plia en deux, sa tête collée au sol.
<1053> そして、大きな声で泣き出した。;;;<1053> Puis elle éclata en sanglots.
<1054> \{観鈴}「ああ…うぁ…ああ…っく…」;;;<1054> Aah... Uah... Aah... Kkeh...
<1055> それは癇癪を起こした子供のようで、俺さえも近づけなかった。;;;<1055> Elle avait l'air d'un enfant en pleine crise, je n'osais pas l'approcher.
<1056> 俺は堤防に座って、人気のなくなった校門をぼうっと眺めていた。;;;<1056> J'étais assis sur la digue, mon regard posé sur le portail de l'école qui se vidait.
<1057> こういう時、タバコが吸えるといいんだろうな、と思う。;;;<1057> C'était le genre de moment où je me disais que ça me ferait du bien de tirer une cigarette.
<1058> 手持ちぶさただった。;;;<1058> Je n'avais rien à faire.
<1059> 人形を動かす気も起こらない。;;;<1059> Je ne trouvais pas la motivation de faire bouger ma marionnette.
<1060> 結局観鈴は泣きやまなかった。;;;<1060> En fin de compte, Misuzu ne cessa jamais de pleurer.
<1061> 俺が手を触れようとすると、必死で振り解こうとした。;;;<1061> Dès que j'essayais de la toucher, elle me repoussait violemment.
<1062> 理由を訊こうとしても、ただ泣きじゃくるばかりだった。;;;<1062> Je lui demandai ce qu'il lui arrivait, mais je n'avais droit qu'à des pleurs en guise de réponse.
<1063> 俺は途方に暮れたまま、外に出ることになり…;;;<1063> Une fois à court d'idées, je m'étais résigné à sortir...
<1064> そして、気がつくとこの場所にいた。;;;<1064> Enfin, sans vraiment m'en rendre compte, je m'étais retrouvé ici.
<1065> \{\m{A}}「なんなんだよ、あいつは…」;;;<1065> Qu'est-ce qu'il lui prend...?
<1066> ひとをトランプに誘っておいて、いきなり泣き出すなんて…。;;;<1066> Elle m'invite à jouer aux cartes, puis elle se met brusquement à pleurnicher...
<1067> \{\m{A}}「ま、あいつも色々あるんだろうけどさ…」;;;<1067> Bah, probablement qu'elle aussi, elle en a des soucis...
<1068> もうすぐ陽が暮れる。;;;<1068> Le soleil allait bientôt se coucher.
<1069> 空の色が変わっていくのを見ているだけでも気が紛れるかもしれない。;;;<1069> Avec un peu de chance, regarder le ciel changer de couleur me ferait penser à autre chose.
<1070> それをじっと待っていた。;;;<1070> J'attendis sagement ce moment.
<1071> 変化のないはずだった校門前。;;;<1071> L'entrée de l'école aurait dû être déserte.
<1072> そこにひとが立っていた。;;;<1072> Mais une personne se tenait devant le portail.
<1073> 少女だ。;;;<1073> Une fille.
<1074> その少女はじっとこっちを見ている。;;;<1074> Une fille qui regardait dans ma direction.
<1075> 俺はどうしていいものか、わからなかった。;;;<1075> Je ne savais que faire.
<1076> 数十メートルの距離を置いて、俺たちは向かい合っていた。;;;<1076> Quelques dizaines de mètres nous séparaient, mais nous étions face-à-face.
<1077> 西日がきつくなってきた。;;;<1077> Le soleil couchant devenait de plus en plus intense.
<1078> それに焼かれている首筋が痛い。;;;<1078> Ma nuque commençait à brûler et me faire mal.
<1079> 少女も正面から、赤く染め抜かれていた。;;;<1079> La fille qui me faisait face prit une teinte rougeoyante.
<1080> 暑いだろうに、じっと立っていた。;;;<1080> En dépit de la chaleur, elle restait immobile.
<1081> やがて少女が左を向いて、とぼとぼと歩き出した。;;;<1081> Bientôt, elle se mit en marche, d'un pas lourd vers la gauche.
<1082> 我慢くらべでもしていたのだろうか。;;;<1082> Était-ce un concours d'endurance ?
<1083> 帰ってゆく。;;;<1083> Elle revint.
<1084> 俺はずっとそれを目で追う。;;;<1084> Je ne l'avais jamais quittée du regard.
<1085> 自販機の前を通りかかると、足を止め、じっとその方向を見た後、寄っていった。;;;<1085> Elle passa par hasard en face du distributeur, s'arrêta, le considéra pendant quelque temps, puis s'en approcha.
<1086> 財布から硬貨を取り出すと、自販機にそれを投入する。;;;<1086> Elle sortit des pièces de son porte-monnaie, puis les inséra dans le distributeur.
<1087> しばらく悩んだ後、腕を伸ばしてボタンを押す。;;;<1087> Après un moment de doute, elle pressa un bouton à l'aide de son bras.
<1088> 取りだし口から四角い紙パック（よく見えないが、きっとそうなのだろう）を取りだし、そして…;;;<1088> Elle récupéra un carton rectangulaire (je ne voyais pas grand-chose, mais ce devait être ça).
<1089> そのまま帰ってゆく。;;;<1089> Puis sans s'interrompre, elle repartit.
<1090> \{\m{A}}「おいっ」;;;<1090> Hé !
<1091> 俺は堤防から飛び降りる。;;;<1091> Je sautai en bas de la digue.
<1092> \{\m{A}}（なに考えてんだ、あいつは…）;;;<1092> Mais qu'est-ce qu'il lui passe par la tête ?
<1093> 駆け足で追いつくと、その名を呼ぶ。;;;<1093> Je la rattrapai au pas de course, puis l'interpella par son prénom.
<1094> \{\m{A}}「観鈴っ」;;;<1094> Misuzu.
<1095> \{観鈴}「え…？」;;;<1095> Hein...?
<1096> 観鈴が振り返る。;;;<1096> Misuzu se retourna.
<1097> \{\m{A}}「え？じゃないだろ、おまえ」;;;<1097> Pas de 'hein ?' qui tienne.
<1098> \{\m{A}}「なに無視して、ひとり帰ろうとしてるんだよ」;;;<1098> Pourquoi est-ce que tu m'ignores et rentres seule ?
<1099> \{観鈴}「えと…」;;;<1099> Euh...
<1100> 困ったように笑う。;;;<1100> Un sourire gêné.
<1101> \{観鈴}「どうしたらよかったのかな」;;;<1101> Qu'est-ce que j'aurais dû faire ?
<1102> \{\m{A}}「いつもの通り言ってくれればいいだろ？」;;;<1102> Pourquoi ne pas dire la même chose que d'habitude ?
<1103> \{観鈴}「なんて言ってたっけ」;;;<1103> Dire quoi ?
<1104> \{\m{A}}「おまえ、そんなことも忘れたのか？」;;;<1104> Hé, ne me dis pas que tu ne t'en rappelles pas ?
<1105> \{\m{A}}「おまえの口癖じゃないか。なんでも一緒にって」;;;<1105> Tu dis toujours 'ensemble', c'est comme ta phrase fétiche.
<1106> \{\m{A}}「だから今は、一緒に帰ろう、だろ」;;;<1106> Alors, rentrons ensemble.
<1107> \{観鈴}「そうだったね…」;;;<1107> C'est vrai...
<1108> \{観鈴}「でも、今そう言ったら…いっしょに帰ってくれるのかな」;;;<1108> Mais, si je le disais maintenant... est-ce qu'on pourrait rentrer ensemble ?
<1109> \{\m{A}}「今って…いまさらだな、おまえ」;;;<1109> 'Maintenant'... Qu'est-ce que tu veux dire par là ?
<1110> \{観鈴}「今、言ったら、いっしょに帰ってくれるのかな」;;;<1110> Maintenant, si je disais ça, est-ce qu'on pourrait rentrer ensemble ?
<1111> 観鈴は繰り返す。;;;<1111> Misuzu se répéta.
<1112> ああ、そうする;;;<1112> Ouais, faisons ça
<1113> いや、まだ用が残っている;;;<1113> Nan, il me reste des choses à faire.
<1114> \{\m{A}}「ああ。そうする。俺も帰るところだったからな」;;;<1114> Ouais. Faisons ça. Moi aussi, j'allais rentrer.
<1115> \{観鈴}「じゃあ…」;;;<1115> Alors...
<1116> \{観鈴}「………」;;;<1116> .........
<1117> \{観鈴}「いっしょに帰ろ」;;;<1117> Rentrons ensemble.
<1118> \{\m{A}}「ああ」;;;<1118> Ouais.
<1119> \{観鈴}「ほんとう？」;;;<1119> Pour de vrai ?
<1120> \{\m{A}}「ああ。腹減ったしな…」;;;<1120> Ouais, je meurs de faim, tu vois...
<1121> \{観鈴}「\m{A}さん、いつもお腹減ってる」;;;<1121> Tu meurs toujours de faim, \m{A}-san.
<1122> \{\m{A}}「そうだな。食べた直後以外は」;;;<1122> C'est bien vrai. Sauf juste après un repas.
<1123> \{観鈴}「にははっ」;;;<1123> Nihaha !
<1124> 笑う。;;;<1124> Elle riait.
<1125> \{観鈴}「じゃ、ジュースも一緒に飲も。買いに戻ろ」;;;<1125> Dans ce cas, buvons un jus de fruit tous les deux. Repartons en acheter.
<1126> 観鈴がきびすを返す。;;;<1126> Misuzu fit demi-tour.
<1127> \{\m{A}}「こら、調子に乗るな。どれだけ時間が経っても、あれだけは飲まないぞ」;;;<1127> Hé, ne t'emballe pas. C'est pas demain la veille que je boirai ce truc.
<1128> \{観鈴}「残念…」;;;<1128> Dommage...
<1129> \{\m{A}}「もっとまともなジュースなら飲む」;;;<1129> Je le boirais, mais si c'est du jus plus standard.
<1130> \{観鈴}「ほんとう？」;;;<1130> Pour de vrai ?
<1131> \{\m{A}}「ああ。別に俺だってジュースが嫌いなわけじゃない」;;;<1131> Ouais.
<1132> \{観鈴}「じゃ、まともなジュース、選んでくるねー」;;;<1132> Dans ce cas, je vais te trouver du jus plus standard—.
<1133> \{\m{A}}「あの販売機に、まともなものなんてないっ」;;;<1133> Y a rien de standard dans ce distributeur.
<1134> 駆けてゆこうとする観鈴の首根っこをひっつかむ。;;;<1134> J'agrippai Misuzu par la peau du coup avant qu'elle ne se mette à courir.
<1135> \{\m{A}}「頼むから、おまえの嗜好と一緒にしないでくれ」;;;<1135> Je t'en prie, nos goûts, eux, ne fonctionnent pas ensemble.
<1136> \{観鈴}「にはは…ごめん」;;;<1136> Nihaha... Pardon.
<1137> 観鈴は俺を追い抜いて、少し先で振り返る。;;;<1137> Misuzu passa devant moi, puis se retourna un peu plus loin.
<1138> \{観鈴}「ね、\m{A}さんは友達」;;;<1138> H, \m{A}-san, tu es mon ami.
<1139> \{\m{A}}「違う」;;;<1139> C'est faux.
<1140> \{観鈴}「わ…」;;;<1140> Wah...
<1141> \{\m{A}}「でも、そうなる可能性はあるかもな」;;;<1141> Mais bon, c'est bien possible qu'on le devienne.
<1142> \{観鈴}「うん、よかった。それで十分」;;;<1142> Oui, ça me rassure. Et ça me suffit.
<1143> \{観鈴}「ね、\m{A}さん」;;;<1143> Hé, \m{A}-san.
<1144> \{\m{A}}「ん？」;;;<1144> Hmm ?
<1145> \{観鈴}「わたしも、一緒に探したい」;;;<1145> Moi aussi, je veux qu'on le cherche ensemble.
<1146> \{\m{A}}「なにを」;;;<1146> Chercher quoi ?
<1147> \{観鈴}「\m{A}さんがずっと探してる子」;;;<1147> La fille que tu cherches depuis toujours.
<1148> \{観鈴}「この空にいる子」;;;<1148> La fille qui se trouve dans le ciel.
<1149> \{\m{A}}「………」;;;<1149> .........
<1150> \{観鈴}「知り合いにいないかな…」;;;<1150> Peut-être que je la connais...
<1151> \{\m{A}}「あのな、おまえ…いるわけないだろ」;;;<1151> Hé, toi... Comme si tu la connaissais.
<1152> \{観鈴}「あ、だよね。そんなひといたら、びっくり」;;;<1152> Ah, effectivement. Je serais franchement surprise, si c'était quelqu'un que je connais.
<1153> \{観鈴}「その羽、触らせてーっ、て言っちゃうよね、思わず」;;;<1153> Je lui dirais sûrement 'je peux toucher tes ailes— ?' par réflexe.
<1154> \{\m{A}}「ああ、言っちゃうな」;;;<1154> Ouais, tu dirais ça.
<1155> もうどうでもいい。;;;<1155> Je n'en avais plus rien à faire.
<1156> \{\m{A}}「あー、夕日がきれいだなー。すっげ、かもめだ。かっちょいー」;;;<1156> Aah—... le soleil couchant est si beau—... Trop bien, une mouette. Trop cool—...
<1157> \{観鈴}「あれ？  話、逸らしてる？」;;;<1157> Hmm ? Tu détournes le sujet ?
<1158> これはさすがに観鈴でもわかったらしい。;;;<1158> Évidemment, même Misuzu s'en rendit compte.
<1159> \{観鈴}「ね、\m{A}さん」;;;<1159> Hé, \m{A}-san.
<1160> \{観鈴}「明日からはその子、いっしょに探そうよ」;;;<1160> Demain, on commencera à chercher cette fille.
<1161> \{\m{A}}「おまえ、家を出る気か？」;;;<1161> Tu vas abandonner ta maison ?
<1162> \{観鈴}「そんな遠いの？」;;;<1162> C'est si loin que ça ?
<1163> ほんと、こいつにこの話をした俺が馬鹿だった。;;;<1163> Quel idiot je faisais, à lui avoir raconté ça.
<1164> \{\m{A}}「おまえ、ジュース飲めよ」;;;<1164> Contente-toi de boire ton jus.
<1165> \{観鈴}「これ、夜、テレビ見ながら飲む」;;;<1165> Ça, je le boirai en regardant la télé cette nuit.
<1166> 観鈴はまだまだ話を続ける気、満々だった。;;;<1166> Misuzu débordait d'envie de continuer la conversation.
<1167> \{観鈴}「いっしょに探したいな」;;;<1167> Je veux qu'on la cherche ensemble.
<1168> \{\m{A}}「足手まといだ」;;;<1168> Tu ne seras qu'un poids mort.
<1169> \{観鈴}「だって、\m{A}さんの人形、見つけた」;;;<1169> Tu dis ça, mais j'ai déjà retrouvé ta marionnette.
<1170> \{\m{A}}「人形とはわけがちがうんだ」;;;<1170> La marionnette, ça n'a rien à voir.
<1171> \{観鈴}「探したいな…」;;;<1171> Je veux la chercher...
<1172> こうなると、子供のように融通が利かなくなる。;;;<1172> Dans ce genre de situation, elle s'acharnait comme un enfant.
<1173> 別のもので興味を引くしかない。;;;<1173> Il me fallait la faire penser à autre chose.
<1174> 俺は通りすがり、潰れかけのような薬局の前に立っていたカエルの人形に手を触れる。;;;<1174> Quand nous passâmes devant une pharmacie qui semblait sur le point de fermer, je touchai la poupée en forme de grenouille qui se trouvait devant.
<1175> \{観鈴}「ね、いっしょに探したいなー」;;;<1175> Hé, je veux la chercher avec toi.
<1176> もそっ…;;;<1176> \bFwish\u.
<1177> 通り過ぎた、その背後で物音。;;;<1177> Juste quand nous passâmes devant, des bruits se firent entendre derrière nous.
<1178> \{観鈴}「ん？」;;;<1178> Hmm ?
<1179> 観鈴が振り返る。;;;<1179> Misuzu jeta un coup d'œil par-dessus son épaule.
<1180> さっき触れたカエルがのそのそとこっちに向いて、歩きはじめていた。;;;<1180> La grenouille que je venais de toucher s'était tournée vers nous et s'était mise à marcher.
<1181> \{\m{A}}「お、なんだ、あいつは」;;;<1181> Oh, c'est quoi, ce truc ?
<1182> わざとらしく、俺は興味を示してみせる。;;;<1182> Je prétendis être éberlué.
<1183> \{観鈴}「わ、すごい…」;;;<1183> Wah, incroyable...
<1184> \{\m{A}}「挨拶かな。寄っていったら、どうだ」;;;<1184> Peut-être qu'il nous dit bonjour ? Tu veux pas t'approcher ?
<1185> \{観鈴}「うん、いってくるねー」;;;<1185> Si, j'y vais—.
<1186> ぱたぱたと走っていって、不気味に動くカエルの人形と挨拶を交わしていた。;;;<1186> Elle détalla pour aller voir la poupée en forme de grenouille qui se déplaçait bizarrement, et la salua.
<1187> 俺は適当にそれを動かしておく。;;;<1187> Je fis en sorte qu'elle bouge en réaction.
<1188> 観鈴はそれを抱き上げたりして、遊んでいた。;;;<1188> Misuzu la prit dans ses bras, puis joua avec elle.
<1189> はたから見れば、かなり奇異な情景だった。;;;<1189> Vu de l'extérieur, ce devait être un drôle de spectacle.
<1190> でも、俺はそれを何気なく見つめていた。;;;<1190> Mais je n'y prêtai pas attention, et les regardai.
<1191> 観鈴が、笑って喜んでいる姿。;;;<1191> Misuzu riait, heureuse.
<1192> それを見守っている日常。;;;<1192> Une routine à protéger.
<1193> それはこの短い夏の間だけの、情景だった。;;;<1193> Un spectacle qui n'existait que pendant ce court été.
<1194> \{観鈴}「あ、動かなくなった…」;;;<1194> Ah, elle ne bouge plus...
<1195> \{観鈴}「どうしたのかな…」;;;<1195> Il lui est arrivé quelque chose...?
<1196> \{\m{A}}「疲れたんだ」;;;<1196> Elle est fatiguée.
<1197> \{\m{A}}（俺がな…）;;;<1197> \bJe\u suis fatigué...
<1198> あの大きさの物を動かすのは、さすがに堪える。;;;<1198> Comme je m'y attendais, faire bouger quelque chose d'aussi gros était éprouvant.
<1199> \{\m{A}}「休んでるんだ。放っておけ」;;;<1199> Il se repose. Laisse-le.
<1200> \{観鈴}「いいのかな…」;;;<1200> Il va s'en sortir...?
<1201> \{\m{A}}「知り合いなんだ。大丈夫だ」;;;<1201> Je le connais. Il s'en sortira.
<1202> \{観鈴}「\m{A}さん、顔広い」;;;<1202> \m{A}-san, tu as le bras long.
<1203> \{観鈴}「かぶと虫とか、カエルさんとかと友達」;;;<1203> Tu es amis avec des scarabée-rhinocéros et des grenouilles.
<1204> \{\m{A}}「そうだな」;;;<1204> En effet.
<1205> \{観鈴}「そっか、\m{A}さんはオタマジャクシなんだもんね」;;;<1205> Ah ben oui, c'est vrai que tu es un têtard.
<1206> \{観鈴}「あのカエルはお父さんかな」;;;<1206> Et cette grenouille, c'est ton père.
<1207> 好きに言わせておく。;;;<1207> Je la laissai dire ce qu'elle voulait.
<1208> \{観鈴}「ばいばい」;;;<1208> Bye bye.
<1209> 観鈴は直立不動のカエルに手を振って別れを告げる。;;;<1209> Misuzu fit signe de la main à la grenouille immobile pour lui dire au revoir.
<1210> \{観鈴}「また明日」;;;<1210> À demain.
<1211> 俺たちは、家に帰り、夕食を共にした。;;;<1211> Nous rentrâmes à la maison et dînâmes à deux.
<1212> \{\m{A}}「いや、まだ用が残っている」;;;<1212> Nan, il me reste des choses à faire.
<1213> 別に用なんてなかった。;;;<1213> Je n'avais rien de particulier à faire.
<1214> ただ、今の観鈴は、そっとしておくべきだと思ったから、嘘をついただけだ。;;;<1214> Cependant, je mentis parce que je pensais qu'il valait mieux laisser Misuzu tranquille pour le moment.
<1215> 始めから、呼び止めないほうがよかったのかもしれない。;;;<1215> Peut-être qu'il aurait mieux fallu que je ne l'interpelle pas.
<1216> \{\m{A}}「おまえ、元気がないみたいだったからな、声をかけてみただけだ」;;;<1216> C'est juste que tu n'avais pas l'air en forme, alors je t'ai appelée.
<1217> \{観鈴}「そうなんだ…」;;;<1217> Ah bon...
<1218> \{\m{A}}「ああ」;;;<1218> Ouais.
<1219> \{観鈴}「ありがと。元気でた」;;;<1219> Merci. Je vais mieux.
<1220> \{\m{A}}「そっか。そら、よかった」;;;<1220> Je vois. Ça me rassure.
<1221> \{観鈴}「うん。じゃ、ひとりで帰るね」;;;<1221> Oui, alors, je rentre toute seule.
<1222> \{\m{A}}「ああ。晩飯は一緒に食おうな」;;;<1222> Ouais. On prendra le dîner ensemble.
<1223> \{観鈴}「うん。作って、待ってるね」;;;<1223> Oui. Je le préparerai, et je t'attendrai.
<1224> \{観鈴}「ばいばいー」;;;<1224> Bye bye—.
<1225> 手を振って、歩いていく。;;;<1225> Elle me fit 'au revoir' de la main, puis se mit en marche.
<1226> ひとりでジュースを飲みながら。;;;<1226> Elle but seule son jus.
<1227> その背中が見えなくなってからも、俺はしばらく立ち尽くしていた。;;;<1227> Une fois son dos disparu au loin, je restai un moment debout sans rien faire.
<1228> 生温い風が吹く。;;;<1228> Un vent tiède se leva.
<1229> \{\m{A}}（適当にぶらついて、帰るか…）;;;<1229> Faisons une petite balade avant de rentrer...
<1230> 俺はいつものように居間に寝転がって、暇を持て余していた。;;;<1230> Je me prélassai au sol de la salle de séjour, ayant bien trop de temps à perdre.
<1231> \{観鈴}「宿題してこよーっと」;;;<1231> Je vais faire mes devoirs—.
<1232> それまで一緒にテレビを見ていた観鈴が立ち上がる。;;;<1232> Misuzu, qui jusque-là avait regardé la télévision avec moi, se leva.
<1233> 部屋に行きかけ、振り返った。;;;<1233> Sur le point de quitter la pièce, elle se retourna.
<1234> \{観鈴}「麦茶持っていこっ」;;;<1234> Je vais prendre du thé d'orge.
<1235> 一度台所に消え、麦茶をなみなみ注いだコップを手に再び現れる。;;;<1235> Elle disparut quelque temps dans la cuisine, puis reparut, une tasse remplie à ras bord de thé d'orge dans les mains.
<1236> \{\m{A}}「こぼすなよ」;;;<1236> Le renverse pas.
<1237> \{観鈴}「うん、慎重にいくね」;;;<1237> Oui, je vais faire attention.
<1238> 上半身を揺らさないように、居間を横切っていく。;;;<1238> Elle quitta la salle de séjour, le haut de son corps parfaitement stable.
<1239> 無事に出ていった。;;;<1239> Elle s'en alla sans accident.
<1240> ブラウン管に目を戻す。;;;<1240> Je me reconcentrai sur l'écran cathodique.
<1241> \{声}「わっ…！」;;;<1241> Wah...!
<1242> \{声}「観鈴ちん、ぴんちっ」;;;<1242> Misuzu-chin est dans la mouise !
<1243> 廊下から声が聞こえたような気がするが、気にしないでおこう…。;;;<1243> J'avais entendu sa voix qui venait du couloir, mais je choisis de ne pas y prêter attention...
<1244> テレビは、ニュース番組になっていた。;;;<1244> À la télé, c'étaient les infos.
<1245> \{\m{A}}（つまらない…）;;;<1245> Qu'est-ce qu'on s'ennuie...
<1246> 消す。;;;<1246> Je l'éteignis.
<1247> すると唐突に虫の音が勢いを増した。;;;<1247> Les cris des insectes se firent soudainement plus bruyants.
<1248> 窓の外に目を移す。;;;<1248> Je jetai un coup d'œil à travers la fenêtre.
<1249> 田舎町の夜、外は虫たちだけの世界になるのだろうか。;;;<1249> Dans les villages de campagne, à l'extérieur, c'était le royaume des insectes.
<1250> そんなことを思わせた。;;;<1250> Ça m'était passé par la tête.
<1251> 散歩に出かける;;;<1251> Sortir se balader
<1252> 寝てしまう;;;<1252> Se coucher
<1253> 虫たちだけの世界になっていようが、俺には関係ない。;;;<1253> Qu'à l'extérieur, ce fût le royaume des insectes, ne me regardait pas.
<1254> 体を横にする。;;;<1254> Je m'allongeai.
<1255> 眠りの訪れをじっと待ってみた。;;;<1255> J'attendis immobile que le sommeil vienne.
<1256> でも一向に眠たくはならなかった。;;;<1256> Mais je ne me sentais pas prêt à dormir.
<1257> 虫たちの運動会でもしているかのような騒ぎを、ずっと聞き続けていた。;;;<1257> Comme si les insectes étaient en compétition pour faire le plus de bruit, leur vacarme ne diminuait pas.
<1258> 俺は浅い眠りの中にいた。;;;<1258> Je tombai dans un sommeil léger.
<1259> ときたま、目を覚ます。;;;<1259> Un peu plus tard, je rouvris les yeux.
<1260> 何時かはわからない。;;;<1260> Je n'avais pas la moindre idée de l'heure.
<1261> けど、向かいに酒を飲みながらテレビを見る晴子の姿があったから、すでに深夜なのだ。;;;<1261> Toutefois, en voyant Haruko en train de boire du saké en regardant la télévision devant moi, je me rendis compte que la nuit était déjà bien avancée.
<1262> 一度起きることにする。;;;<1262> Je décidai de me lever.
<1263> 晴子に聞きたいことがあったのだ。;;;<1263> Je voulais demander quelque chose à Haruko.
<1264> \{\m{A}}「そういえばな…」;;;<1264> Tu vois...
<1265> \{\m{A}}「観鈴が突然、取り乱したんだ」;;;<1265> Misuzu a fait une sorte de crise soudaine.
<1266> \{\m{A}}「よくあることなのか、あれは」;;;<1266> Ça lui arrive souvent, ce genre de choses ?
<1267> 晴子がグラスに口をつけたまま止まっていた。;;;<1267> Haruko s'immobilisa, son verre toujours collé à sa bouche.
<1268> それはまるで、時間を計っているようだった。;;;<1268> Elle avait l'air de mesurer le temps qui passe.
<1269> \{晴子}「それで、あんたどうしたん」;;;<1269> Et donc ? T'as fait quoi ?
<1270> ようやく口をグラスから離した。;;;<1270> Elle finit par éloigner son verre de sa bouche.
<1271> \{\m{A}}「なにもしてない。ひとりにしてやっただけだ」;;;<1271> Je n'ai rien fait. Je l'ai laissée seule.
<1272> \{晴子}「そうかー」;;;<1272> Je vois—.
<1273> \{晴子}「あんた、ようわかったなー。あの子の癇癪止めるには、それしかあらへん」;;;<1273> Tu la saisis plutôt bien—. C'est la seule manière de stopper ses attaques.
<1274> \{\m{A}}「………」;;;<1274> .........
<1275> \{晴子}「ちょっと引いたやろ？」;;;<1275> Ça t'a fait bizarre ?
<1276> \{\m{A}}「引くって…どういう意味で」;;;<1276> Qu'est-ce que tu veux dire par 'bizarre' ?
<1277> \{晴子}「考えてみぃ。あの子いくつや」;;;<1277> Réfléchis-y un instant. Elle a quel âge, cette fille ?
<1278> \{晴子}「あんな大きい子が、癇癪起こして泣き出したら、あんた、そら引くで」;;;<1278> C'est une grande fille, mais elle fait des crises où elle éclate en sanglots. Ça a dû te faire bizarre.
<1279> \{晴子}「小さい頃から、ずっとや」;;;<1279> C'est comme ça depuis qu'elle est toute petite.
<1280> \{晴子}「誰かと友達になれそうになったら、ああなるねん…」;;;<1280> À chaque fois qu'elle allait se faire un ami, ça recommençait...
<1281> \{晴子}「病院とかで診てもらっても、治らへん」;;;<1281> Je l'ai emmenée à l'hôpital, mais ils ont rien trouvé d'anormal.
<1282> \{晴子}「精神的なもんやろうし、大きなったら、みんな治る思てたんや」;;;<1282> Ils ont dit que c'était dans sa tête, et que ça guérirait tout seul quand elle grandirait.
<1283> \{晴子}「なんで治らへんのやろな」;;;<1283> Je me demande pourquoi ça n'a jamais guéri.
<1284> \{晴子}「でも、あんた鈍感みたいやから良かったわ」;;;<1284> Mais c'est mieux comme ça, t'es trop benêt pour t'en soucier.
<1285> グラスの中身を一気に煽ると、さらに酒を注ぐ。;;;<1285> Elle descendit le contenu de son verre d'un seul trait, puis s'en resservit un.
<1286> 観鈴の様子を思い出した。;;;<1286> J'essayai de me rappeler l'état de Misuzu.
<1287> 目の前にいる俺を、全身で拒絶しようとしていた。;;;<1287> Tout son corps me repoussait.
<1288> そうしてしまう自分を恐れ、戸惑いながら。;;;<1288> En même temps, elle se fuyait elle-même, sans savoir quoi faire.
<1289> 観鈴に友達がいない理由が納得できた。;;;<1289> Je me rendis compte de la raison pour laquelle Misuzu n'avait pas d'amis.
<1290> だから俺は、この家に呼ばれたというわけか。;;;<1290> Et de pourquoi j'avais été accepté dans cette maison.
<1291> \{\m{A}}（…待てよ？）;;;<1291> ... Attends un peu.
<1292> 心の奥底に違和感があった。;;;<1292> Un malaise remontait du fond de mon cœur.
<1293> こうなってしまうことを、俺は知っていたような気がする。;;;<1293> J'avais l'impression de l'avoir vu venir.
<1294> 『彼女はいつでもひとりきりで…』;;;<1294> Elle est toujours toute seule...
<1295> 閃きかけた言葉が、するりと消えていった。;;;<1295> Ses mots me traversèrent l'esprit, comme une vision.
<1296> \{晴子}「ほんま、いつまでもあの子の友達でいたってや」;;;<1296> Pour être franche, ce serait bien qu'tu puisses rester son ami pour toujours.
<1297> 自嘲するような晴子の声。;;;<1297> dit-elle sur un ton dérisoire.
<1298> \{\m{A}}「………」;;;<1298> .........
<1299> \{\m{A}}「あんたは…」;;;<1299> Tu...
<1300> 俺は口を開く。;;;<1300> J'ouvris la bouche.
<1301> \{\m{A}}「あんたは、無責任だな」;;;<1301> T'es irresponsable.
<1302> \{晴子}「…なんでやの」;;;<1302> ... Pourquoi ça ?
<1303> \{\m{A}}「それは俺の役目か？  あんた、母親の役目じゃないのか」;;;<1303> C'est censé être mon rôle ? C'est pas toi qui doit jouer le rôle de mère ?
<1304> \{晴子}「居候、あんたはなんもしらんから、そないなことが言えるんや」;;;<1304> Pique-assiettes, tu dis ça parce que tu ne sais rien.
<1305> \{晴子}「なんもしらんで、えらそうな口聞くな、あほっ」;;;<1305> Et si tu sais rien, ferme-la, débile.
<1306> \{\m{A}}「………」;;;<1306> .........
<1307> \{晴子}「すまん…言い過ぎたわ」;;;<1307> Pardon... j'en ai trop dit.
<1308> \{\m{A}}「いや」;;;<1308> Nan, c'est bon.
<1309> \{晴子}「あんた、ぶっきらぼうやけど、ほんまは根のいいやつやと思うわ」;;;<1309> T'es du genre un peu brusque, mais au fond, j'pense que t'es un bon garçon.
<1310> \{\m{A}}「あんたも酒さえ飲まなければ、いいひとだと思うぞ」;;;<1310> Pariel, je pense que t'es une bonne personne quand t'es pas en train d'engloutir du saké.
<1311> \{晴子}「む…」;;;<1311> Mu...
<1312> \{晴子}「あんた結構、テク使うやっちゃなぁ…うち、今のセリフできゅうんときてしもた」;;;<1312> Pas mal, ça. T'as de la technique... Ta dernière réplique m'a fait de sentir toute chose.
<1313> \{\m{A}}「納屋で寝る」;;;<1313> Je vais dormir dans la remise.
<1314> 晴子のモードが切り替わろうとしている。去りどきだ。;;;<1314> L'humeur de Haruko était en train de changer. C'était le moment de s'en aller.
<1315> \{晴子}「なんや、また、いけずやなぁ」;;;<1315> Qu'est-ce qu'il y a ? Encore en train de faire le vilain garçon.
<1316> \{\m{A}}「ああ、いけずなんだ」;;;<1316> Ouais, je suis un vilain garçon.
<1317> \{晴子}「ほな、ひとりで静かに飲んどくから、ここで寝てええよ」;;;<1317> Dans ce cas, j'vais boire toute seule dans mon coin, sans faire de bruit. Tu peux dormir ici.
<1318> \{\m{A}}「寝てる口に、酒を流し込むなよ…」;;;<1318> Et quand je dormirai, tu vas me verser du saké dans la bouche.
<1319> \{晴子}「そんなことするかいな」;;;<1319> Je ferais une chose pareille ?
<1320> \{\m{A}}「しただろ、夕べ」;;;<1320> Tu l'as fait, la nuit dernière.
<1321> \{晴子}「あれは酔ってたんや」;;;<1321> Je devais être saoule.
<1322> もう突っ込む気にもなれない。;;;<1322> Je n'étais plus d'humeur à répliquer.
<1323> 俺は壁のほうを向いて体を横にした。;;;<1323> Je m'allongeai face au mur.
<1324> 静かな夜。;;;<1324> La nuit était calme.
<1325> ときたま、酒を注ぐ音だけが聞こえてくる。;;;<1325> Tout ce qu'on entendait, c'était occasionnellement le bruit du saké qu'on versait.
<1326> その日の午後…;;;<1326> L'après-midi...
<1327> 堤防に腰を下ろし、遠くを眺めた。;;;<1327> Je m'assis sur la digue, et regardai au loin.
<1328> 眩しい照り返しの中、子供たちがはしゃいでいるのが見えた。;;;<1328> Je vis un groupe d'enfants qui s'ébattaient au milieu des éblouissants rayons du soleil.
<1329> \{\m{A}}「………」;;;<1329> .........
<1330> しばらくの間、じっと眺めてみる。;;;<1330> Je continuai à les regarder pendant un petit moment.
<1331> いつまでも絶えることのない笑い声。;;;<1331> Ils donnaient l'impression qu'ils ne s'arrêteraient jamais de rire.
<1332> \{\m{A}}「くそ暑いのに、元気なこったな」;;;<1332> Il fait chaud à en crever, et ça les empêche pas d'être en forme, hein.
<1333> 年寄りじみた呟きをもらしてしまう。;;;<1333> Je radotais comme un vieillard.
<1334> \{\m{A}}「………」;;;<1334> .........
<1335> \{\m{A}}「はぁ…」;;;<1335> Haa...
<1336> ため息がもれる。;;;<1336> Je laissai échapper un soupir.
<1337> 後方から、潮風が背を押すように吹きつけてくる。;;;<1337> La brise marine me fouettait le dos.
<1338> サラリと首筋に何かが触れた。;;;<1338> Quelque chose effleura légèrement ma nuque.
<1339> \{\m{A}}「…うん？」;;;<1339> ... Hmm ?
<1340> 振り返る。;;;<1340> Je regardai derrière moi.
<1341> \{\m{A}}「…？」;;;<1341> ...?
<1342> 誰もいない。;;;<1342> Personne.
<1343> 気のせいか…？;;;<1343> Était-ce mon imagination ?
<1344> 首筋を触りながら首を傾げる。;;;<1344> Je pivotai la tête et me touchai la nuque.
<1345> ぽんぽん…。;;;<1345> \bTapote tapote\u...
<1346> 肩を叩かれた。;;;<1346> Quelque chose me tapota l'épaule.
<1347> \{\m{A}}「ん？」;;;<1347> Hmm ?
<1348> 背後からの来訪に再び振り向く。;;;<1348> Je me retournai de nouveau pour vérifier ce qui avait bien pu en être à l'origine.
<1349> \{\m{A}}「………」;;;<1349> .........
<1350> が、やはり誰もいない。;;;<1350> Et bien sûr, personne.
<1351> 気配もない。;;;<1351> Personne de chez personne.
<1352> …俺は疲れているのか？;;;<1352> ... Étais-ce la fatigue ?
<1353> ぽんぽん…。;;;<1353> \bTapote tapote\u...
<1354> \{\m{A}}「………」;;;<1354> .........
<1355> 気のせいじゃない。;;;<1355> Ce n'était pas mon imagination.
<1356> 確かに何かが俺のすぐ近くにいる。;;;<1356> Quelque chose s'était effectivement faufilé à côté de moi.
<1357> ばっ！;;;<1357> \bTah\u !!
<1358> 勢いをつけて素早い動きで振り返ってみる。;;;<1358> Je me retournai sans crier gare.
<1359> \{\m{A}}「くっ！」;;;<1359> Geh !!
<1360> だめだ…誰もいない。;;;<1360> Raté... personne.
<1361> ぽんぽんぽん…。;;;<1361> \bTapote tapote tapote\u...
<1362> 肩を叩く回数が増えた。;;;<1362> Les tapotements se firent plus nombreux.
<1363> 挑発されているようだ。;;;<1363> C'était comme si on me provoquait.
<1364> \{\m{A}}「…右！と見せかけて左っ！」;;;<1364> ... À droite ! C'était une feinte, à gauche !!
<1365> ばっ！ばっ！;;;<1365> \bTah !!\u \btah\u !!
<1366> フェイントを交えて振り返る。;;;<1366> J'ajoutai une feinte à mon mouvement vers l'arrière.
<1367> \{美凪}「あ…」;;;<1367> Ah...
<1368> そこには、見覚えのある顔があった。;;;<1368> Et là, je tombai sur un visage familier.
<1369> \{美凪}「………」;;;<1369> .........
<1370> 潮風に、艶やかな黒髪がゆれている。;;;<1370> Ses soyeux cheveux noirs ondulaient au vent.
<1371> 制服を着ているせいだろうか。;;;<1371> Je ne sais pas si c'était l'uniforme.
<1372> その姿は、夕べの印象よりかは、幾分幼い感じを受けた。;;;<1372> Mais par rapport à l'autre nuit, elle me donna quelque peu l'impression d'être plus jeune.
<1373> \{美凪}「………」;;;<1373> .........
<1374> \{美凪}「…ちっす」;;;<1374> ... Yo.
<1375> 奇怪な間を空けた後、軽やかな挨拶をされる。;;;<1375> Après un étrange silence, elle me salua avec légèreté.
<1376> \{\m{A}}「………」;;;<1376> .........
<1377> \{\m{A}}「…ちっす」;;;<1377> ... Yo.
<1378> 挨拶を返す。;;;<1378> Je la saluai en retour.
<1379> \{美凪}「………」;;;<1379> .........
<1380> \{美凪}「…良い挨拶」;;;<1380> ... Quelles belles salutations.
<1381> 満足そうだった。;;;<1381> Elle avait l'air satisfait.
<1382> \{\m{A}}「はぁ…」;;;<1382> Haa...
<1383> そんな遠野を見つめながら、ぽりぽりと頭をかく。;;;<1383> En regardant la Tohno, je commençais à me gratter l'arrière du crâne.
<1384> \{\m{A}}「なんか用か」;;;<1384> Tu as besoin de quelque chose ?
<1385> 深みにはまらないよう、努めて冷静に対処してみる。;;;<1385> Je me mis en tête de lui répondre sur un ton posé pour éviter de me laisser prendre dans son jeu.
<1386> \{美凪}「………」;;;<1386> .........
<1387> \{美凪}「…用？」;;;<1387> ... 'Besoin' ?
<1388> \{\m{A}}「ああ」;;;<1388> Ouais.
<1389> \{美凪}「………」;;;<1389> .........
<1390> \{美凪}「………」;;;<1390> .........
<1391> なにやら考えているようなので、答えがでるまで待ってみる。;;;<1391> Puisqu'elle semblait réfléchir à quelque chose, j'attendis sa réponse.
<1392> \{美凪}「………」;;;<1392> .........
<1393> \{美凪}「………」;;;<1393> .........
<1394> \{美凪}「…偶然…」;;;<1394> ... Par hasard...
<1395> ぽつりと呟く。;;;<1395> dit-elle tout bas.
<1396> \{美凪}「…奇遇です」;;;<1396> ... c'est une coïncidence.
<1397> どうやら、ここで出会ったのは、ただの偶然だと言いたいらしい。;;;<1397> De ce que j'avais compris, elle avait dit que nous nous étions croisés par pure coïncidence.
<1398> \{\m{A}}「そうだな。奇遇だな」;;;<1398> En effet. C'est une coïncidence.
<1399> おまえは奇怪だ、とは口が裂けても言えない。;;;<1399> T'es zarbi, mais plutôt mourir que de le dire à voix haute.
<1400> \{美凪}「………」;;;<1400> .........
<1401> \{美凪}「…待ち合わせ？」;;;<1401> ... Un rendez-vous ?
<1402> \{\m{A}}「まあな」;;;<1402> On peut dire ça.
<1403> 適当に答える。;;;<1403> Je répondis le minimum vital.
<1404> \{美凪}「………」;;;<1404> .........
<1405> \{美凪}「…神尾さん？」;;;<1405> ... Kamio-san ?
<1406> \{\m{A}}「まあな」;;;<1406> On peut dire ça.
<1407> 適当に答える。;;;<1407> Je répondis le minimum vital.
<1408> \{美凪}「………」;;;<1408> .........
<1409> \{美凪}「…やった…正解…」;;;<1409> ... Youpi... j'ai bon...
<1410> \{美凪}「…ハワイ旅行獲得…」;;;<1410> ... Ça mérite un billet pour Hawaï...
<1411> ぼそぼそと呟く。;;;<1411> dit-elle d'une toute petite voix.
<1412> 頼むから、ハワイへは自費で行ってくれ。;;;<1412> Je t'en prie, si tu vas à Hawaï, paye toi-même.
<1413> \{\m{A}}「おまえは補習か」;;;<1413> T'as du soutien ?
<1414> 喜びを滲ませる遠野を無視して、話題をすり替える。;;;<1414> J'ignorai son épanchement d'allégresse, et changeai de sujet.
<1415> \{美凪}「…補習？」;;;<1415> ... Du soutien ?
<1416> \{\m{A}}「ああ。じゃなかったら、夏休みに学校へくる理由なんてないだろ」;;;<1416> Ouais. Si c'était pas pour ça, pourquoi tu viendrais à l'école au beau milieu des vacances d'été ?
<1417> \{美凪}「………」;;;<1417> .........
<1418> ぷるぷると、首を何度も横に振る。;;;<1418> Elle secoua la tête un certain nombre de fois.
<1419> \{\m{A}}「違うのか？」;;;<1419> C'est pas ça ?
<1420> こくりとうなずく。;;;<1420> Elle hocha la tête.
<1421> \{美凪}「…部活動というものがあるのです」;;;<1421> ... Si je puis me permettre, les clubs sont encore actifs.
<1422> \{\m{A}}「なるほど。そらご苦労だな」;;;<1422> Je vois. Tu en as du courage.
<1423> \{美凪}「………」;;;<1423> .........
<1424> \{美凪}「…天文部です」;;;<1424> ... Pour le club d'astronomie.
<1425> …それは訊いてない。;;;<1425> ... Je t'ai pas sonnée.
<1426> \{美凪}「…星…好きだから」;;;<1426> ... J'aime bien... les étoiles.
<1427> …それも訊いてない。;;;<1427> ... Je t'ai toujours pas sonnée.
<1428> \{美凪}「…えっと…」;;;<1428> ... Euh...
<1429> \{\m{A}}「うん？」;;;<1429> Hmm ?
<1430> \{美凪}「………」;;;<1430> .........
<1431> \{美凪}「………」;;;<1431> .........
<1432> \{\m{A}}「？」;;;<1432> ?
<1433> \{美凪}「…じぃ～～～」;;;<1433> ... Fixe~~~.
<1434> \{\m{A}}「………」;;;<1434> .........
<1435> \{美凪}「…じぃ～～～」;;;<1435> ... Fixe~~~.
<1436> \{\m{A}}「………」;;;<1436> .........
<1437> 見つめられている。;;;<1437> Elle me regardait fixement.
<1438> \{美凪}「………」;;;<1438> .........
<1439> \{美凪}「…好き？」;;;<1439> ... Ça vous plaît ?
<1440> \{\m{A}}「なにが」;;;<1440> De quoi ?
<1441> \{美凪}「…星…」;;;<1441> ... Les étoiles...
<1442> \{\m{A}}「星？」;;;<1442> Les étoiles ?
<1443> こくり。;;;<1443> \bHochement de tête\u.
<1444> \{美凪}「…きらきらの星…好きですか？」;;;<1444> ... Les étoiles qui scintillent... Ça vous plaît ?
<1445> \{\m{A}}「………」;;;<1445> .........
<1446> どうやら、俺が星を好きかどうか知りたいらしい。;;;<1446> Apparemment, elle voulait savoir si j'aimais bien les étoiles.
<1447> どう答えるべきだろうか。;;;<1447> Devrais-je lui répondre ?
<1448> 興味ない;;;<1448> Ça ne m'intéresse pas
<1449> 嫌いじゃない;;;<1449> Ça ne me déplaît pas
<1450> \{\m{A}}「悪いが、俺は星なんぞに興味はないんだ」;;;<1450> Désolé, mais les étoiles et compagnie, ça m'intéresse pas.
<1451> つっけんどんな態度で、俺はそう答えた。;;;<1451> Je lui répondis sans la moindre délicatesse.
<1452> \{美凪}「…そう…残念」;;;<1452> ... Je vois... C'est dommage.
<1453> 寂しげに、瞳をふせる。;;;<1453> Elle baissa les yeux l'air peiné.
<1454> \{\m{A}}（何も、そんな顔をしなくてもいいと思うんだが…）;;;<1454> T'es pas obligée de tirer une tête pareille...
<1455> 良心の呵責というものだろうか。;;;<1455> J'avais l'impression d'avoir fait quelque chose de mal.
<1456> 遠野の残念顔を見ていると、なんとなく胸がちくちくと痛んだ。;;;<1456> À voir le visage déçu de Tohno, j'en eus un pincement au cœur.
<1457> \{美凪}「…えっと…」;;;<1457> ... Euh...
<1458> \{\m{A}}「…べつに嫌いじゃない」;;;<1458> ... Ça ne me déplaît pas particulièrement.
<1459> とくに嫌いな理由もないので、そう答える。;;;<1459> Je lui répondis ainsi, car je n'avais effectivement pas vraiment de raison de ne pas les apprécier.
<1460> \{美凪}「………」;;;<1460> .........
<1461> \{美凪}「…本当？」;;;<1461> ... Est-ce vrai ?
<1462> \{\m{A}}「ああ」;;;<1462> Ouais.
<1463> \{美凪}「………」;;;<1463> .........
<1464> \{美凪}「…よかった」;;;<1464> ... C'est une bonne chose.
<1465> ほっとしたように呟く。;;;<1465> dit-elle tout bas, d'un air rassuré.
<1466> \{美凪}「…男の人も…きれいなものは好き」;;;<1466> ... Les hommes... aiment aussi les belles choses.
<1467> 彼女の中に、新たな知識が加わったようだ。;;;<1467> Elle donnait l'impression d'avoir élargi ses connaissances.
<1468> \{\m{A}}「…誰も好きだとは言ってないぞ」;;;<1468> ... J'ai pas dit que je les aimais.
<1469> \{美凪}「………」;;;<1469> .........
<1470> \{美凪}「…あれ…そう？」;;;<1470> ... Ah bon... vraiment ?
<1471> \{\m{A}}「ああ。単に興味がないだけだ」;;;<1471> Ouais. En gros, je n'ai pas d'intérêt particulier pour elles.
<1472> 勘違いが真実になる前に、そう付け加える。;;;<1472> ajoutai-je avant qu'elle ne prenne ce malentendu pour la vérité.
<1473> \{美凪}「………」;;;<1473> .........
<1474> \{美凪}「…でも…嫌いじゃないです」;;;<1474> ... Mais... tu ne les déteste pas.
<1475> \{\m{A}}「そりゃ、まあな」;;;<1475> Ben, ouais.
<1476> それ以前の問題なんだが…。;;;<1476> C'était un débat pour un autre jour...
<1477> \{美凪}「………」;;;<1477> .........
<1478> \{\m{A}}「？」;;;<1478> ?
<1479> 遠野は、唐突に物思いにふける。;;;<1479> Tohno était perdue dans ses pensées.
<1480> 永い沈黙。;;;<1480> Un long silence.
<1481> 永い永い沈黙…。;;;<1481> Un long, long, silence...
<1482> \{美凪}「…オッケー」;;;<1482> ... Okay.
<1483> \{\m{A}}「なにがだ」;;;<1483> De quoi ?
<1484> \{美凪}「…天文部入部を許可します」;;;<1484> ... J'accepte votre candidature au club d'astronomie.
<1485> \{\m{A}}「はい？」;;;<1485> Pardon ?
<1486> \{美凪}「…私…実は部長さん」;;;<1486> ... Je... En fait, j'en suis la présidente.
<1487> 自分の顔を、誇らしげに指さす。;;;<1487> Elle pointa son doigt vers son visage tout fier.
<1488> \{\m{A}}「………」;;;<1488> .........
<1489> \{美凪}「………」;;;<1489> .........
<1490> \{\m{A}}「………」;;;<1490> .........
<1491> \{\m{A}}「…悪いが、辞退する」;;;<1491> ... Désolé, mais je vais devoir quitter le club.
<1492> \{美凪}「………」;;;<1492> .........
<1493> \{美凪}「…がっくり」;;;<1493> ... Snif.
<1494> うなだれてしまった。;;;<1494> Elle baissa la tête, l'air penaud.
<1495> \{\m{A}}（やっぱり変な奴…）;;;<1495> Ce n'était pas mon imagination, il y a quelque chose qui cloche, avec celle-là...
<1496> 遠野の後ろに、広大な宇宙が見えた。;;;<1496> Je pouvais voir l'immensité du cosmos derrière elle.
<1497> \{美凪}「…えっと…」;;;<1497> ... Euh...
<1498> ごそごそごそ…;;;<1498> \bFouille fouille fouille\u...
<1499> \{\m{A}}「？」;;;<1499> ?
<1500> 唐突に、遠野が制服のポケットの中を探りはじめる。;;;<1500> Sans prévenir, Tohno se mit à retourner frénétiquement les poches de son uniforme.
<1501> \{美凪}「………」;;;<1501> .........
<1502> ごそごそごそ…;;;<1502> \bFouille fouille fouille\u...
<1503> ごそごそごそ…;;;<1503> \bFouille fouille fouille\u...
<1504> \{美凪}「………」;;;<1504> .........
<1505> \{美凪}「…発見」;;;<1505> ... Trouvé.
<1506> したらしい。;;;<1506> Elle devait avoir trouvé ce qu'elle cherchait.
<1507> \{美凪}「…これ…残念賞です」;;;<1507> ... C'est... un lot de consolation.
<1508> ポケットの中から取り出されたのは、白い封筒。;;;<1508> Elle sortit une enveloppe blanche de sa poche.
<1509> \{\m{A}}「なんだ、これは」;;;<1509> C'est quoi, ça ?
<1510> 差し出された封筒の表面には、丁寧な毛筆で『進呈』と書かれている。;;;<1510> Elle me présenta une enveloppe sur laquelle était élégamment tracé le mot 'cadeau'.
<1511> \{美凪}「…残念賞」;;;<1511> ... Un lot de consolation.
<1512> \{\m{A}}「残念賞？残念なのはそっちじゃないのか」;;;<1512> Un lot de consolation ? C'est toi qu'a besoin d'être consolée, non ?
<1513> \{美凪}「…そう…がっくり」;;;<1513> ... Ah bon... Snif.
<1514> \{\m{A}}「なら、なんで俺が残念賞を受け取るんだよ」;;;<1514> Alors pourquoi c'est moi qui reçois un lot de consolation ?
<1515> \{美凪}「………」;;;<1515> .........
<1516> \{美凪}「…そういえば…」;;;<1516> ... C'est vrai que...
<1517> \{\m{A}}「だろ？」;;;<1517> N'est-ce pas ?
<1518> こくり。;;;<1518> \bHochement de tête\u.
<1519> \{美凪}「…じゃあ…残念させたで賞です」;;;<1519> ... Dans ce cas... voici un lot-pour-avoir-fait-en-sorte-que-j'aie-besoin-de-consolation.
<1520> \{\m{A}}「いや、そういうことじゃなくてだな…」;;;<1520> Nan, c'est pas ça que je voulais dire...
<1521> \{美凪}「…？」;;;<1521> ...?
<1522> \{\m{A}}「？じゃなくて」;;;<1522> Pas de '?' avec moi.
<1523> \{美凪}「…？？」;;;<1523> ...??
<1524> \{\m{A}}「？？でもなくて」;;;<1524> Pas de '??' avec moi.
<1525> \{美凪}「…？？？」;;;<1525> ...???
<1526> \{\m{A}}「………」;;;<1526> .........
<1527> \{\m{A}}「…もういい」;;;<1527> ... C'est bon.
<1528> 諦めて、遠野から封筒を受け取る。;;;<1528> J'abandonnai et acceptai son enveloppe.
<1529> \{美凪}「…おめでとうございます…ぱちぱちぱち」;;;<1529> ... Félicitations... Clap clap clap.
<1530> 言葉だけで、実際には手をたたかない。;;;<1530> Elle avait beau avoir dit ça, ses mains n'applaudirent pas.
<1531> \{\m{A}}「はいはい、どうもな」;;;<1531> Oui, oui... merci.
<1532> ため息混じりに封筒をポケットにしまうと、疲労感が全身を這い回った。;;;<1532> Tout en soupirant, je rangeai l'enveloppe dans ma poche, avant de sentir l'épuisement refaire surface.
<1533> きっと、この少女のペースにだけは、一生涯を費やしてもついていけないだろう。;;;<1533> Si j'essayais de m'adapter à son rythme, j'essaierais sans doute pour le restant de mes jours.
<1534> となれば、ここは逃げるにかぎる。;;;<1534> Cela acté, je n'avais pas d'autre choix que m'enfuir.
<1535> \{\m{A}}「じゃあな。俺はもういくぞ」;;;<1535> À plus. Faut que j'y aille.
<1536> くるりと遠野に背を向ける。;;;<1536> Je tournai le dos à Tohno.
<1537> \{美凪}「…あ…」;;;<1537> ... Ah...
<1538> 背中越しに、小さな声。;;;<1538> dit-elle derrière moi d'une petite voix.
<1539> \{\m{A}}「…なんだよ、まだなにか用か」;;;<1539> ... Qu'est-ce qu'il y a, t'as encore besoin de quelque chose ?
<1540> 思わず振り返ってしまう。;;;<1540> Je me retournai par réflexe.
<1541> 俺は、もしかしたらお人好しという奴なのだろうか。;;;<1541> Aurais-je en fait un bon fond ?
<1542> \{美凪}「………」;;;<1542> .........
<1543> \{美凪}「…えっと…」;;;<1543> ... Euh...
<1544> また、なにかを考え始める。;;;<1544> Elle se remit à réfléchir à quelque chose.
<1545> \{\m{A}}「………」;;;<1545> .........
<1546> 一度振り返ってしまった以上、おとなしくその答えが出るのを待つ。;;;<1546> Quitte à m'être retourné, autant attendre poliment sa réponse.
<1547> \{美凪}「………」;;;<1547> .........
<1548> \{美凪}「……」;;;<1548> .........
<1549> \{美凪}「…元気…」;;;<1549> ... Mieux...
<1550> \{\m{A}}「え…」;;;<1550> Hein...?
<1551> \{美凪}「…元気…出た？」;;;<1551> ... Ça va... mieux ?
<1552> \{\m{A}}「え…」;;;<1552> Hein...?
<1553> 言って、俺の顔をじっと見つめる。;;;<1553> demanda-t-elle en me dévisageant.
<1554> 深い瞳。;;;<1554> Ses yeux étaient profonds.
<1555> どこまでもひろい、母なる海を思わせる瞳。;;;<1555> Ils me faisaient penser à la mer infiniment vaste et maternelle.
<1556> 片言の言葉では言い表すことの出来ない思いが、その瞳の奥に見え隠れしている。;;;<1556> Quoique cela n'aurait pu être exprimé en quelques mots simplistes, c'est ce que je discernais par intermittence derrière ses pupilles.
<1557> \{美凪}「………」;;;<1557> .........
<1558> \{\m{A}}（なるほど…そういうことか）;;;<1558> Je vois... C'étais donc ça.
<1559> ズボンの上から、彼女にもらった封筒に触れてみる。;;;<1559> Je touchai l'enveloppe qu'elle m'avait offerte à travers mon pantalon.
<1560> くしゃ…;;;<1560> \Furète\u...
<1561> ポケットの中で、封筒が小さな音をたてた。;;;<1561> L'enveloppe fit un petit bruit dans ma poche.
<1562> \{\m{A}}「ああ。元気でたぞ。サンキュな」;;;<1562> Ouais. Je vais mieux. Merci à toi.
<1563> 証拠として、二の腕に力コブをつくってみせる。;;;<1563> En guise de preuve, je contractai mes biceps.
<1564> まあ、服の上からだと見えないと思うが…。;;;<1564> Bah, c'est pas comme si je m'attendais à ce qu'ils soient visibles à travers mes vêtements.
<1565> \{美凪}「………」;;;<1565> .........
<1566> \{美凪}「…良かった」;;;<1566> ... C'est une bonne chose.
<1567> ほっとしたように呟く。;;;<1567> dit-elle tout bas, d'un air rassuré.
<1568> おそらく、彼女は彼女なりに、俺を元気づけようとしてくれたのだ。;;;<1568> Ce devait être sa manière bien à elle de me remonter le moral.
<1569> どうやら俺は、それと見て取れるほど、憂いた顔をしていたらしい。;;;<1569> Apparemment, je devais avoir l'air morose.
<1570> \{美凪}「…元気な方が…お米は美味い」;;;<1570> ... Le riz est meilleur... quand on se sent bien.
<1571> 意味不明な呟きをもらす。;;;<1571> Elle avait murmuré quelque chose de cryptique.
<1572> でも、不快感はない。;;;<1572> Mais ça ne me dérangea pas.
<1573> その表情の奥に彼女の思いやりが見えて、むしろ微笑ましいとさえ思える。;;;<1573> On pouvait lire sa compassion sur son visage. C'était ça qui expliquait que j'avais chaud au cœur.
<1574> \{美凪}「………」;;;<1574> .........
<1575> \{美凪}「…私…そろそろ部活動ですから」;;;<1575> ... Je... C'est l'heure du club.
<1576> 視線を上げて、そう呟く。;;;<1576> dit-elle tout bas, en relevant le visage dans ma direction.
<1577> \{\m{A}}「ああ、そっか。がんばれよ」;;;<1577> Ouais, je vois. Bon courage.
<1578> せめてもの感謝の気持ちに、激励してやる。;;;<1578> Je lui fis part de ma gratitude par des encouragements.
<1579> こくりと小さくうなずく。;;;<1579> Elle hocha légèrementla tête.
<1580> \{美凪}「…えっと…」;;;<1580> ... Euh...
<1581> \{\m{A}}「どうした」;;;<1581> Qu'y a-t-il ?
<1582> またなにかを考え始める。;;;<1582> Elle se mit de nouveau à réfléchir à quelque chose.
<1583> \{美凪}「………」;;;<1583> .........
<1584> \{美凪}「……」;;;<1584> ......
<1585> \{美凪}「…ガッツ」;;;<1585> ... Du cran.
<1586> \{\m{A}}「………」;;;<1586> .........
<1587> せめて、元気良く言ってもらいたいセリフだった。;;;<1587> Ces mots-là méritaient d'être prononcée avec un peu plus d'énergie.
<1588> \{美凪}「…では…さようなら」;;;<1588> ... 
<1589> ぺこり。;;;<1589> Elle me salua.
<1590> 小さくお辞儀をして、遠野は俺に背を向ける。;;;<1590> Après un léger salut, Tohno me tourna le dos.
<1591> とん…とん…とん…;;;<1591> \bPadoum\u... \bPadoum\u... \bPadoum\u... 
<1592> たおやかに階段を下りてゆく後ろ姿を見つめる。;;;<1592> Je la regardai descendre les marches avec grâce.
<1593> 潮風にゆれる髪が、太陽の陽射しに輝いて、とても美しく見えた。;;;<1593> Ses cheveux qui ondulaient dans la brise marine et chatoyaient au soleil m'offraient une vision ravissante.
<1594> \{美凪}「…\m{B}さん」;;;<1594> ... \m{B}-san.
<1595> 堤防の下から、か細い声。;;;<1595> Une faible voix émana du bas de la digue.
<1596> \{\m{A}}「うん？」;;;<1596> Hmm ?
<1597> のぞき込むと、遠野が柔らかな表情で、俺を見上げていた。;;;<1597> Je jetai un coup d'œil, et aperçus son visage tendre qui regardait vers le haut.
<1598> 太陽を背にする俺の影が、彼女を一瞬見えにくくしていた。;;;<1598> Le soleil passa dans mon dos, la dissimulant dans mon ombre pendant un instant.
<1599> \{美凪}「………」;;;<1599> .........
<1600> \{美凪}「…星…」;;;<1600> ... Les étoiles...
<1601> 俺の背後にひろがる夏空を見透かしながら、そう呟く。;;;<1601> marmonna-t-elle alors qu'elle contemplait le ciel d'été qui s'étendait derrière moi.
<1602> \{美凪}「…気がむいたら…夜空を見て」;;;<1602> ... Si l'envie vous en prend... regardez le ciel, la nuit.
<1603> \{美凪}「…ここ田舎だから…星空とてもきれいです」;;;<1603> ... Ici, à la campagne... le ciel nocturne est tout à fait magnifique.
<1604> \{\m{A}}「………」;;;<1604> .........
<1605> 一瞬、呟く遠野の姿が、とても儚いものに見えた。;;;<1605> Pendant un instant, la silhouette qui me murmurait me sembla être quelque chose de fugace.
<1606> 儚いものだけが持つ、限りある美しさが、遠野の瞳の奥に見えた。;;;<1606> Cette fugacité émanait de ses yeux, qui donnaient l'impression de transporter une beauté éphémère.
<1607> それはまるで、燃え尽きる瞬間のロウソクの炎のように見えて…。;;;<1607> Cela rappelait en tout point les dernières braises d'une bougie sur le point de s'éteindre.
<1608> \{\m{A}}「そうだな。気がむいたら眺めてみよう」;;;<1608> Ouaip. Si l'envie m'en prend, j'irai regarder le ciel nocturne.
<1609> 俺は、遠野が見つめる背後の夏空を振り返り、そう答えた。;;;<1609> répondis-je en me retournant pour poser mes yeux sur le ciel d'été sur lequel Tohno avait posé les siens.
<1610> 心に芽生えた言いしれない不安から、目を逸らすかのように…。;;;<1610> Comme pour détourner mon regard de l'incertitude qui germait dans mon cœur...
<1611> \{美凪}「…はい」;;;<1611> ... Bien.
<1612> 遠野の、心なしか嬉しそうな声。;;;<1612> Sa voix sonnait plutôt enchantée.
<1613> それは、彼女の中にようやく見えた、ありふれた少女の感情のように聞こえた。;;;<1613> En disant cela, sa voix transmit pour la première fois des émotions qu'on pouvait attendre d'une fille comme les autres.
<1614> ………。;;;<1614> ..........
<1615> ……。;;;<1615> .......
<1616> …。;;;<1616> ....
<1617> \{\m{A}}「ふむ…」;;;<1617> Hmm...
<1618> 新たな気持ちで、俺はもう一度堤防の上に腰を下ろす。;;;<1618> Pris par un sentiment nouveau, je me rassis sur la digue.
<1619> いつの間にか、潮風が心地よい冷気に変わっていた。;;;<1619> Je ne m'en étais pas rendu compte, mais le vent s'était transformé en une brise rafraîchissante.
<1620> そのまま、ポケットを探り、白い封筒の中身を確認してみる。;;;<1620> C'est alors que je sortis l'enveloppe blanche de ma poche pour en inspecter le contenu.
<1621> がさ…;;;<1621> \bScratch\u...
<1622> 中を覗くと、そこには封筒とほぼ同じ大きさの紙幣らしきものが入っていた。;;;<1622> J'y jetai un coup d'œil, et y vis quelque chose de la taille d'un billet de banque.
<1623> \{\m{A}}「これはっ！？」;;;<1623> Est-ce que c'est ?!!
<1624> 俺の胸は期待で高鳴った。;;;<1624> Mon cœur s'emballa.
<1625> がさがさがさ…;;;<1625> \bScratch scratch scratch\u...
<1626> 大急ぎで中身を取り出す。;;;<1626> Je m'empressai d'en extraire le contenu.
<1627> \{\m{A}}「………」;;;<1627> .........
<1628> \{\m{A}}「……」;;;<1628> ......
<1629> \{\m{A}}「なんでお米券…」;;;<1629> Pourquoi un bon pour du riz ?
<1630> やはり、あの少女は謎だ。;;;<1630> Cette fille était bel et bien une énigme.
<1631> ………。;;;<1631> ..........
<1632> ……。;;;<1632> .......
<1633> …。;;;<1633> ....
<1634> 日が暮れ始めていた。;;;<1634> Le coucher du soleil s'approchait.
<1635> ぐぅ～…;;;<1635> \bGargouille~\u...
<1636> \{\m{A}}（そろそろ帰るか…）;;;<1636> C'est l'heure de rentrer...
<1637> \{\m{A}}「お、河原崎さん家、今晩はカレーか」;;;<1637> Oh, ce soir, c'est curry chez les Kawarazaki ?
<1638> いろんな家の夕飯の匂いが入り交じっている。;;;<1638> L'air était imprégné d'un mélange de parfums émanant des dîners des différentes maisons.
<1639> その中を通って、帰宅する。;;;<1639> Je passai à travers ces fumets et rentrai chez moi.
<1640> 夕食の後、俺はいつものように居間に寝転がって、暇を持て余していた。;;;<1640> Après dîner, je me prélassai au sol de la salle de séjour, ayant bien trop de temps à perdre.
<1641> \{観鈴}「宿題してこよーっと」;;;<1641> Je vais faire mes devoirs—.
<1642> それまで一緒にテレビを見ていた観鈴が立ち上がる。;;;<1642> Misuzu, qui jusque-là avait regardé la télévision avec moi, se leva.
<1643> \{観鈴}「麦茶持っていこっ」;;;<1643> Je vais prendre du thé d'orge.
<1644> 一度台所に消え、麦茶をなみなみ注いだコップを手に再び現れる。;;;<1644> Elle disparut quelque temps dans la cuisine, puis reparut, une tasse remplie à ras bord de thé d'orge dans les mains.
<1645> \{\m{A}}「こぼすなよ」;;;<1645> Le renverse pas.
<1646> \{観鈴}「うん、慎重にいくね」;;;<1646> Oui, je vais faire attention.
<1647> 上半身を揺らさないように出ていった。;;;<1647> Elle s'en alla, le haut de son corps parfaitement stable.
<1648> ブラウン管に目を戻す。;;;<1648> Je me reconcentrai sur l'écran cathodique.
<1649> \{声}「わっ…！」;;;<1649> Wah...!
<1650> \{声}「観鈴ちん、ぴんちっ」;;;<1650> Misuzu-chin est dans la mouise !
<1651> 廊下から声が聞こえたような気がするが、気にしないでおこう…。;;;<1651> J'avais entendu sa voix qui venait du couloir, mais je choisis de ne pas y prêter attention...
<1652> テレビは、ニュース番組になっていた。;;;<1652> À la télé, c'étaient les infos.
<1653> \{\m{A}}（つまらない…）;;;<1653> Qu'est-ce qu'on s'ennuie...
<1654> 消す。;;;<1654> Je l'éteignis.
<1655> すると唐突に虫の音が勢いを増した。;;;<1655> Les cris des insectes se firent soudainement plus bruyants.
<1656> 窓の外に目を移す。;;;<1656> Je jetai un coup d'œil à travers la fenêtre.
<1657> 田舎町の夜、外は虫たちだけの世界になるのだろうか。;;;<1657> Dans les villages de campagne, à l'extérieur, c'était le royaume des insectes.
<1658> そんなことを思わせた。;;;<1658> Ça m'était passé par la tête.
<1659> 散歩に出かける;;;<1659> Sortir se balader
<1660> 寝てしまう;;;<1660> Se coucher
<1661> 虫たちだけの世界になっていようが、俺には関係ない。;;;<1661> Qu'à l'extérieur, ce fût le royaume des insectes, ne me regardait pas.
<1662> 体を横にする。;;;<1662> Je m'allongeai.
<1663> 眠りの訪れをじっと待ってみた。;;;<1663> J'attendis immobile que le sommeil vienne.
<1664> でも一向に眠たくはならなかった。;;;<1664> Mais je ne me sentais pas prêt à dormir.
<1665> 虫たちの運動会でもしているかのような騒ぎを、ずっと聞き続けていた。;;;<1665> Comme si les insectes étaient en compétition pour faire le plus de bruit, leur vacarme ne diminuait pas.
