<0000> ［  社  殿  ］／柳也;;;<0000> Sanctuaire / Ryuuya
<0001> 空からなにかが降ってきた。;;;<0001> Quelque chose tomba du ciel.
<0002> そう思った時には、もう避けようがなかった。;;;<0002> Quand je l'ai aperçu, il était déjà trop tard pour que je l'esquive.
<0003> …どすっ。;;;<0003> ... \bBam\u !
<0004> なにか重いものの下敷きになった。;;;<0004> Quelque chose de lourd vint s'écraser directement sur moi.
<0005> 俺は地面に倒れ、そのまま空を仰ぐ羽目になった。;;;<0005> Je fus planté au sol, le regard droit vers le ciel.
<0006> \{柳也}「…痛てててっ」;;;<0006> ... Ouch !
<0007> \{声}「…おぬし、なぜそんなところにおるのだ？」;;;<0007> ... Vous, que faites-vous ici ?
<0008> 重いものが言った。;;;<0008> L'objet lourd parla.
<0009> \{声}「まさか…見ておったのか？」;;;<0009> Ne me dites point... Vous l'avez vue ?
<0010> \{柳也}「見えるのは空だけだ」;;;<0010> Tout ce que je vois, c'est le ciel.
<0011> \{柳也}「口を開く暇があったら、早くどいてくれ」;;;<0011> Si t'as le loisir de me faire la conversation, alors tu dois aussi avoir le loisir de bouger de là, et vite.
<0012> 空から降ってきたそれは、あわてて立ち上がった。;;;<0012> L'objet tombé du ciel se leva, confus.
<0013> 打ちつけた腰をさすりながら、俺もゆっくりと身体を起こした…;;;<0013> Je me levai doucement tout en massant mon ventre que l'on venait de percuter.
<0014> 少女がいた。;;;<0014> Une jeune fille se trouvait là.
<0015> きゃしゃな身体。;;;<0015> Avec un corps plutôt frêle.
<0016> 上等そうな絹の巫女装束。;;;<0016> Ses atours de miko étaient de première classe, tout en soie.
<0017> 垂らし髪に響無鈴（こなれ）をからませている。;;;<0017> Des clochettes avaient été enroulées pour pendre de ses cheveux.
<0018> そして。;;;<0018> Et...
<0019> なぜか少女は、袴（はかま）の帯を結びなおしていた。;;;<0019> Pour une raison ou pour une autre, elle était en train d'essayer de resserrer l'obi de son hakama.
<0020> \{少女}「………」;;;<0020> .........
<0021> \{柳也}「………」;;;<0021> .........
<0022> 目が合った。;;;<0022> Nos regards se croisèrent.
<0023> \{少女}「なにを見ておる？」;;;<0023> Que regardez-vous.
<0024> \{柳也}「空で着替えでもしてたのか？」;;;<0024> T'étais en train de te changer, dans le ciel ?
<0025> \{少女}「………」;;;<0025> .........
<0026> 気まずい沈黙がおとずれた。;;;<0026> Un silence gênant s'ensuivit.
<0027> \{少女}「…おぬし、見なれぬ顔だな」;;;<0027> ... Vous, je ne vous ai jamais vu.
<0028> 俺の腰、鉄鞘の長太刀（ながだち）に視線をよこす。;;;<0028> Son regard se posa sur l'épée longue accrochée à ma taille.
<0029> \{柳也}「ああ。今朝、着任したばかりだからな」;;;<0029> Ouais. j'ai pris mes fonctions ce matin à peine.
<0030> \{少女}「名は？」;;;<0030> Votre nom ?
<0031> \{柳也}「正八位衛門大志、柳也（りゅうや）」;;;<0031> Ryuuya, garde de huitième rang.*
<0032> \{少女}「姓はないのか？」;;;<0032> Portez-vous un titre ?
<0033> \{柳也}「急だったからな。名しかつけてない」;;;<0033> Ça s'est fait en vitesse. J'en ai pas encore reçu.
<0034> \{少女}「どこから来たのだ？」;;;<0034> D'où venez-vous ?
<0035> \{柳也}「ここの前は、若狭（わかさ）の辺りにいた」;;;<0035> Avant de venir ici, j'étais près de Wakasa.*
<0036> \{柳也}「家柄を訊いているのなら、俺にもわからん」;;;<0036> Ne me demande pas de quelle lignée je descends, j'en sais rien.
<0037> \{少女}「そうか。覚えておこう」;;;<0037> Très bien. Je m'en souviendrai.
<0038> つぶやくように言って、また帯絞めに没頭する。;;;<0038> marmonna-t-elle avant de se remettre à tenter de resserrer son obi.
<0039> その指がどうにもぎこちない。;;;<0039> Ses doigts étaient fort maladroits.
<0040> どうもかなり不器用な少女らしい。;;;<0040> Elle devait être du genre maladroit.
<0041> \{柳也}「人の上に降ってきておいて、詫びのひとつもないのか」;;;<0041> Tu t'excuses même pas de m'être tombée dessus ?
<0042> \{少女}「なぜ余（よ）が詫びねばならぬのだ？」;;;<0042> En quel honneur me devrais-je d'implorer votre pardon ?
<0043> \{柳也}「随分と世間知らずだな」;;;<0043> Tu devrais savoir que c'est la moindre des politesses.
<0044> \{柳也}「だいたい、名をたずねておいて自分は名乗らないつもりか？」;;;<0044> Et avant tout ça, tu devrais pas me donner ton nom après avoir demandé le mien ?
<0045> 帯にかけた手が、はたと止まった。;;;<0045> Ses mains se pétrifièrent soudainement sur son obi.
<0046> \{少女}「知らぬのか、余の名を」;;;<0046> Vous ne connaissez point mon nom ?
<0047> \{柳也}「知らん。今会ったばかりだろう」;;;<0047> J'en sais rien. On vient à peine de se rencontrer.
<0048> \{少女}「そうか。存外、知られておらぬものよの…」;;;<0048> Soit. À ma surprise, il existe encore des hommes qui ne me connaissent point...
<0049> 面白そうにつぶやく。;;;<0049> marmonna-t-elle d'un air intrigué.
<0050> \{少女}「神奈だ」;;;<0050> C'est Kanna.
<0051> 少女はそう名乗った。;;;<0051> Ainsi se présenta-t-elle.
<0052> \{柳也}「神奈？」;;;<0052> 'Kanna' ?
<0053> \{柳也}「それは奇遇だな」;;;<0053> En voilà une coïncidence.
<0054> \{柳也}「俺が守護の命を受けた翼人の御名が、まさにその神奈という」;;;<0054> Le nom du Saint-Être Ailé dont on m'a assigné la protection est justement Kanna.
<0055> \{神奈}「…妙な男よの、ぬしは」;;;<0055> ... Vous êtes un bien étrange homme...
<0056> \{神奈}「翼人をどのような者だと考えておる？」;;;<0056> Comment vous imaginiez-vous les Êtres Ailés ?
<0057> \{柳也}「そうだな。なんたって神の使いだ」;;;<0057> Bah... Ces sont les envoyés des dieux.
<0058> \{柳也}「唐天竺では鳳翼（ほうよく）と呼びならわし、異名を風司（ふうじ）、古き名では空真理（くまり）ともいう」;;;<0058> Ils sont connus sous le nom 'd'Ailes de Phénix' dans les terres lointaines. On les appelle aussi 'Ceux-qui-Manient-le-Vent'. Dans l'ancien temps, on les nommaient 'Vérités Célestes'.
<0059> \{柳也}「肌はびろうど瞳はめのう涙は金剛石」;;;<0059> Leur peau est de velours, leurs yeux d'agates, et leurs larmes, de diamants.
<0060> \{柳也}「やんごとなきその姿はまさしくあまつびと」;;;<0060> Des entités célestes de la plus haute noblesse.
<0061> \{神奈}「…よくもまあ、美辞麗句を並べ立てたものよの」;;;<0061> ... Eh bien, on dirait que vous savez aligner des paroles fleuries.
<0062> 呆れたようにつぶやく。;;;<0062> marmonna-t-elle, l'air écœuré.
<0063> \{神奈}「ところでぬしは、なにをしておったのだ」;;;<0063> Et donc, que faisiez-vous ici ?
<0064> \{柳也}「別に。ただぶらぶらと歩いていただけだ」;;;<0064> Rien de particulier. J'étais simplement en train de flâner en marchant.
<0065> \{柳也}「なにしろ、これだけの広さがあるからな」;;;<0065> De toute façon, c'est bien trop grand, ici.
<0066> \{柳也}「護りをかためるなら、どこになにがあるか知っておきたい」;;;<0066> Si je veux en assurer efficacement la défense, il me faut en connaitre les moindres recoins.
<0067> \{神奈}「それは殊勝な心がけよの」;;;<0067> En voilà un esprit louable.
<0068> 誠意なく言いすてて、またも帯に手を戻そうとする。;;;<0068> dit-elle sans la moindre sincérité avant d'attaquer une nouvelle fois on obi.
<0069> \{柳也}「神奈」;;;<0069> Kanna.
<0070> \{神奈}「…初対面にしては、ぶしつけだの」;;;<0070> ... Quelle rudesse de parler ainsi à quelqu'un que vous venez de rencontrer.
<0071> \{柳也}「おまえがそう呼べと言ったからだ」;;;<0071> C'est toi qui m'as dit de t'appeler comme ça.
<0072> \{神奈}「それで、何用か」;;;<0072> Et donc ? Peu importe.
<0073> 文句を言いたげだったが、先をうながしてきた。;;;<0073> Elle semblait vouloir se plaindre, mais cela ne m'empêcha pas de continuer :
<0074> \{柳也}「神奈は、この中はくわしいのか？」;;;<0074> Et toi, Kanna, tu connais bien le coin ?
<0075> \{神奈}「無論であろ」;;;<0075> Cela va de soi.
<0076> \{神奈}「この世のどこに、自分の住まう屋敷がわからぬ者がいるか」;;;<0076> Qui sur cette terre ne saurait s'orienter au sein de sa propre résidence ?
<0077> \{柳也}「では、案内してくれ」;;;<0077> Eh ben, je t'en prie, montre-moi le chemin.
<0078> \{神奈}「なにゆえ、余が案内せねばならぬ」;;;<0078> En quel honneur devrais-je vous y aider ?
<0079> \{柳也}「くわしいんだろう？」;;;<0079> Ben, parce que tu connais le coin ?
<0080> 神奈の眉がつりあがった。;;;<0080> Ses sourcils se soulevèrent.
<0081> \{神奈}「いま一度訊ねるぞ」;;;<0081> Je vais vous le demander une nouvelle fois :
<0082> \{神奈}「なにゆえ、余が、おぬしを、案内せねば、ならぬ？」;;;<0082> En quel honneur devrais-je vous y aider ? Dites-moi.
<0083> \{柳也}「理由はふたつある」;;;<0083> Il y a deux raisons à cela :
<0084> \{柳也}「社殿の事情にくわしそうだ、というのがひとつ」;;;<0084> Tu sembles bien connaitre les abords du sanctuaire, ça fait une.
<0085> \{神奈}「もうひとつは？」;;;<0085> Et l'autre ?
<0086> \{柳也}「少々骨張っていようが、そこそこ見られた顔（かんばせ）の女に案内してもらった方が気持ちがいい」;;;<0086> Il est plutôt agréable de se faire guider par une dame au visage aussi beau, quoiqu'un tantinet anguleux.
<0087> 俺を覗きこむ顔に、複雑な色が浮かぶ。;;;<0087> Elle me fixa d'une expression perplexe.
<0088> ほめられたのか、けなされたのか、判断がつきかねているらしい。;;;<0088> Elle ne savait déterminer si je la complimentais ou la dénigrais.
<0089> \{神奈}「…案内してやる。ついてくるがよい」;;;<0089> ... Je vais vous guider. Suivez-moi.
<0090> \{柳也}「そりゃ、どうも」;;;<0090> Merci bien.
<0091> \{柳也}「あ、そこそこってのは、『さほど悪くもなし』という意味だ」;;;<0091> Ah. Quand de dis 'beau', c'est ma manière de dire 'pas trop laid'.
<0092> \{柳也}「妙な望みは持つなよ」;;;<0092> Évite de te faire des idées.
<0093> \{神奈}「やかましいっ」;;;<0093> Taisez-vous !
<0094> 中庭を望む廊下を、ならんで歩く。;;;<0094> Nous marchâmes côte à côte le long de l'allée donnant sur la cour intérieure.
<0095> 貴人の住まいにふさわしい、端正に手入れされた庭だ。;;;<0095> L'entretien de cette cour était remarquable : tout à fait digne d'une résidence de la noblesse.
<0096> 神奈は笑いもせず、さらりと袖口をあげた。;;;<0096> Le sourire absent de son visage, Kanna releva ses manches.
<0097> \{神奈}「装束だけは、このようにもっともらしいがな」;;;<0097> La garde-robe est bien la seule chose de convenable, ici.
<0098> \{神奈}「実際は牢獄とかわらぬ」;;;<0098> C'est là tout ce qui diffère d'une prison.
<0099> \{神奈}「庭を歩くことさえ、好き勝手にはできぬ」;;;<0099> Je ne suis même point autorisée à flâner dans la cour quand le cœur m'en dit.
<0100> \{神奈}「なにゆえに、余は閉じ込められねばならぬのだ」;;;<0100> Pourquoi donc dois-je rester enfermer ainsi ?
<0101> \{神奈}「余はひとりでも生きてゆけるぞ…」;;;<0101> Je peux bien me débrouiller seule pour vivre...
<0102> 俺は誤解を思い知らされていた。;;;<0102> Je me rendis alors compte que j'avais mal interprété quelque chose :
<0103> 見たこともない表着（うわぎ）の意匠は、この少女の背に羽があるからだと気づいた。;;;<0103> L'aspect inhabituel de ses atours était dû aux ailes qu'elle avait dans le dos.
<0104> どうやら俺は、自分が護るべき翼人をからかっていたらしい。;;;<0104> Apparemment, j'avais passé tout ce temps à me moquer de l'Être Ailé dont la garde m'incombait.
<0105> 今更どうにもなるまい。;;;<0105> Trop tard pour revenir là-dessus.
<0106> なりゆきに任せ、話を続けることにした。;;;<0106> Je décidai de laisser la suite des événements s'enchaîner naturellement.
<0107> \{柳也}「しかし、羽はどこにいったんだ？  切り落としたのか」;;;<0107> Mais, où sont passées tes ailes ? On les a coupées ?
<0108> \{神奈}「めったなことを言うな」;;;<0108> Ne dites pas de sottises.
<0109> \{神奈}「しまい隠しておる。普段は人のなりと同じだ」;;;<0109> Elles restent dissimulées. En temps normal, je suis identique à un être humain.
<0110> \{柳也}「なんだ、そうなのか」;;;<0110> Tiens, ah bon ?
<0111> \{柳也}「どんなものが拝めるかと期待していたのにな」;;;<0111> Je dois avouer que je m'attendais à être émerveillé.
<0112> \{神奈}「悪かったな。期待をことごとく裏切るような女で」;;;<0112> Désolée de ne pas être à la hauteur de vos attentes.
<0113> まさしく彼女のなりは、翼人からはほど遠い。;;;<0113> Effectivement, elle ne ressemblait en rien à l'image que j'avais des Êtres Ailés.
<0114> それだけではない。;;;<0114> Et ce n'est pas tout.
<0115> …さわさわさわっ。;;;<0115> ... \Frotte frotte frotte\u !
<0116> 神奈の尻を撫でてみる。;;;<0116> Je caressai les fesses de Kanna.
<0117> \{神奈}「…なにをするっ！」;;;<0117> ... Que faites-vous !!
<0118> あわてて身をひるがえし、真っ赤な顔で俺をにらみつける。;;;<0118> Elle se retourna promptement, le visage parfaitement cramoisi.
<0119> その辺の娘となにひとつ変わらない。;;;<0119> Sa réaction n'était pas différente que celle qu'aurait eu n'importe quelle fille du coin.
<0120> \{柳也}「いや、いい形をしてたから」;;;<0120> C'est juste que leur forme est plutôt jolie.
<0121> \{神奈}「おまえはいい形をしておったら、いちいち触ってたしかめるのか」;;;<0121> Vous vous amusez à toucher tout ce que vous croisez qui a une jolie forme ?
<0122> \{柳也}「いい形をしている尻はそうそうない」;;;<0122> Des fesses avec une belle forme, ça court pas les rues.
<0123> \{柳也}「だから、めったなことでは触らない」;;;<0123> De fait, je n'en touche très souvent.
<0124> \{神奈}「………」;;;<0124> .........
<0125> \{神奈}「ぬしほど無礼な男は、見たこともないぞ」;;;<0125> Je n'ai jamais vu un homme aussi impudent que vous.
<0126> \{柳也}「無礼はお互いさまだろ」;;;<0126> Tu peux parler.
<0127> \{神奈}「なにを申すかっ」;;;<0127> Que dites-vous !?
<0128> \{柳也}「さっき俺を下敷きにしただろ、その尻で」;;;<0128> À l'instant, c'étaient pas ces fesses-là qui étaient en train de m'écraser ?
<0129> \{神奈}「………」;;;<0129> .........
<0130> なにか言おうとしたあと、呆れ顔で俺を見た。;;;<0130> Ne sachant pas quoi répondre, elle se contenta de me regarder d'un regard stupéfait.
<0131> \{神奈}「おぬしといると、羽を忘れそうになる」;;;<0131> Être avec vous me fait oublier que j'ai des ailes.
<0132> \{柳也}「どういう意味だ、それは」;;;<0132> Que veux-tu dire par là ?
<0133> \{神奈}「言葉のとおりだ」;;;<0133> Exactement ce que je viens de dire.
<0134> そこは屋敷の奥にあるこぢんまりとした座敷だった。;;;<0134> Au fond de la demeure se trouvait une pièce à tatami à l'air fort agréable.
<0135> \{神奈}「余はここで暮らしておる」;;;<0135> C'est ici que je vis.
<0136> \{柳也}「……」;;;<0136> .........
<0137> \{神奈}「どうした？  はよう入るがよい」;;;<0137> Eh bien ? Entrez donc.
<0138> いくら俺でも、貴人の御座にずけずけと踏みこむのは気が引ける。;;;<0138> Même moi, j'hésitais à m'introduire dans les quartiers d'une telle noble.
<0139> \{声}「神奈さま、失礼いたします」;;;<0139> Kanna-sama, je me permets.
<0140> 突然、女の声がひびいた。;;;<0140> Une voix féminine se fit soudainement entendre.
<0141> 俺の右手は太刀の柄を探していた。;;;<0141> Ma main droite chercha immédiatement la poignée de mon sabre.
<0142> まったく気配がしなかったからだ。;;;<0142> Cela, parce que je ne sentais aucun signe de sa présence.
<0143> 振りかえると、女官らしき者が荷物をたずさえて立っていた。;;;<0143> Je me retournai et vis une dame de compagnie, les mains pleines.
<0144> 俺は刀から手をはなし、神奈にそっと耳打ちした。;;;<0144> Je lâchai mon sabre et murmurai à Kanna :
<0145> \{柳也}「あれは何者だ？」;;;<0145> C'est qui, ça ?
<0146> \{神奈}「ここで唯一、余にまことからつかえる者だ」;;;<0146> Il s'agit de la seule personne ici qui me serve fidèlement.
<0147> \{裏葉}「裏葉（うらは）と申します。そのようにお呼びください」;;;<0147> Je me nomme Uraha. Je vous prie de m'appeler ainsi.
<0148> そう言うと、女は手近な床に荷をそっと置いた。;;;<0148> dit-elle en posant ce qu'elle portait à ses pieds.
<0149> やわらかそうな生地の夏衣で、神奈の着替えなのだろう。;;;<0149> Il s'agissait d'une tenue d'été en tissu doux, sans doute destinée à Kanna, pour qu'elle se change.
<0150> \{裏葉}「あの、神奈さま。そちらは…？」;;;<0150> Excusez-moi, Kanna-sama... Qui est...?
<0151> \{神奈}「案ずるな。ただの曲者（くせもの）だ」;;;<0151> Ne vous inquiétez pas. Il ne s'agit que d'un rustre.
<0152> \{柳也}「どういう紹介だ」;;;<0152> C'est comme ça que tu me présentes ?
<0153> \{神奈}「いきなり余の尻にさわったであろ」;;;<0153> N'est-ce pas vous qui avez touché mes fesses sans prévenir ?
<0154> \{柳也}「さわりたくなったものは、しかたがない」;;;<0154> Quand j'ai envie de toucher quelque chose, je peux pas m'arrêter.
<0155> \{柳也}「さわられたくなければ、隠せばよかっただろ？」;;;<0155> Si tu veux pas qu'on y touche, tu n'as qu'à les couvrir, non ?
<0156> \{裏葉}「神奈さま、いったいどのようなご格好で…」;;;<0156> Kanna-sama, mais quel genre d'habit portiez...
<0157> \{神奈}「ちがうちがうちがうぞっ」;;;<0157> Non, non. Ne l'écoutez pas !
<0158> \{神奈}「隠しておった。余はちゃんと隠しておったぞ」;;;<0158> Elles étaient couvertes ! Je sais qu'elles l'étaient !
<0159> あわてふためいてから、俺の笑いに気づく。;;;<0159> Après une sorte de panique, elle remarqua que je souriais.
<0160> \{神奈}「見てのとおり、曲者で痴れ者だ。裏葉も気をゆるすでないぞ」;;;<0160> Comme vous pouvez le voir, cet homme est un rustre doublé d'un benêt. Vous aussi, méfiez-vous-en, Uraha.
<0161> こほんと咳払いすると、何事もなかったようにそうつけくわえる。;;;<0161> Un raclement de gorge plus tard, elle fit comme si rien ne s'était passé.
<0162> \{裏葉}「うふふふ…」;;;<0162> Ufufufu...
<0163> \{神奈}「なんだ、なにがおかしい？」;;;<0163> Quoi ? Qu'est-ce qui est si amusant ?
<0164> \{裏葉}「恥じらう神奈さまのお姿が」;;;<0164> C'est la première fois que je vous vois aussi gênée.
<0165> \{神奈}「恥も糸瓜（へちま）もあるものか。余は憤慨しておるのだ」;;;<0165> Je suis tout sauf gênée. Je suis \bindignée\u.
<0166> \{裏葉}「でも、お顔が赤うございますよ？」;;;<0166> Dans ce cas, pourquoi votre visage est-il si rouge ?
<0167> ずばり言われて、その顔がさらに赤くなる。;;;<0167> Dès qu'elle entendit cela, son visage s'empourpra davantage.
<0168> \{神奈}「こっ、この者に作法を教えてやるがよい」;;;<0168> V-Veuillez enseigner les bonnes manières à cet... individu.
<0169> 神奈は座敷を飛び出していった。;;;<0169> Kanna quitta brusquement la pièce.
<0170> だんだん！  という大きな足音が遠ざかっていく。;;;<0170> Les martellements de ses pas se firent de plus en plus distants.
<0171> \{柳也}「…どっちがどっちに教えたらいいんだ？」;;;<0171> ... Qui doit enseigner quoi à qui ?
<0172> \{裏葉}「さあ…」;;;<0172> Qui sait...
<0173> 裏葉と二人きりになってから、名乗っていないことに気づいた。;;;<0173> Maintenant seul avec Uraha, je réalisai que je ne m'étais toujours pas présenté.
<0174> \{柳也}「俺は柳也という。位は正八位衛門大志、ここには今朝着任したばかりだ」;;;<0174> On m'appelle Ryuuya. Je suis garde de huitième rang. J'ai pris mon poste ici ce matin-même.
<0175> しかし、反応はない。;;;<0175> Aucune réaction.
<0176> じろじろと顔を眺めわたされ、なんとも居心地がわるい。;;;<0176> Elle me dévisageait fixement, ce qui me mettait assez mal à l'aise.
<0177> と、唐突にこんなことを訊いてきた。;;;<0177> Elle parla tout à coup :
<0178> \{裏葉}「衛門さまは、どうして神奈さまのお尻にさわられましたか」;;;<0178> Garde, pour quelle raison avez-vous touché les fesses de Kanna-sama ?
<0179> \{柳也}「どこにでもいる普通の娘のように思えたからだ」;;;<0179> Parce qu'elle me faisait penser à une fille ordinaire.
<0180> \{裏葉}「…でございますよね」;;;<0180> ... N'est-ce pas.
<0181> 安心したように、何度も頷く。;;;<0181> Elle hocha la tête plusieurs fois, l'air soulagé.
<0182> \{裏葉}「わたくしも神奈さまのお尻にはさわりとうございます」;;;<0182> J'éprouve moi-même de l'intérêt envers le fait de lui toucher les fesses.
<0183> \{裏葉}「わたくしが殿方であれば、そうしておりましたでしょう」;;;<0183> Eussé-je été un homme, j'aurais fait de même.
<0184> 涼しい顔で、すごいことを言う。;;;<0184> Malgré ces terribles propos, son visage restait impassible.
<0185> \{柳也}「今度、手伝ってやるよ」;;;<0185> La prochaine fois, je te filerai un coup de main.
<0186> \{裏葉}「機会がありましたら」;;;<0186> Faites donc, dès lors qu'une opportunité se présentera.
<0187> 翌朝。;;;<0187> Le lendemain matin.
<0188> 俺は正式に神奈備命（かんなびのみこと）警護の任についた。;;;<0188> Je pris officiellement mes fonctions en tant que garde rapproché de Kannabi no Mikoto.*
<0189> 俺の役職は大志という。;;;<0189> Je reçus le grade de Taishi.*
<0190> 社殿の警護を指揮する立場だ。;;;<0190> J'étais chargé d'assurer la protection de ce sanctuaire.
<0191> 名目上は、勅命を受け衛門府から派遣されたことになっている。;;;<0191> En théorie, j'avais été muté par décret impérial.
<0192> とはいえ、護手が二十名に満たないここでは、雑用をおこなうことも多い。;;;<0192> Enfin, puisqu'il n'y avait ici même pas vingt gardes, il m'incombait d'effectuer une multitude de menues tâches.
<0193> 俺にあたえられた最初の任も、立番だった。;;;<0193> Ma toute première occupation fut celle de sentinelle.
<0194> 早い話が、ただの見張りだ。;;;<0194> En deux mots : je faisais le guet.
<0195> 真面目そうな若侍と対になり、正門を守る。;;;<0195> Je gardais la porte principale avec un jeune samouraï à 'air grave.
<0196> あたりは青々とした夏の山。;;;<0196> De verdoyantes collines estivales nous entouraient.
<0197> ときおり吹く風も、汗ばむ肌に心地よい。;;;<0197> De temps à autre, une brise venait apaiser notre peau couverte de sueur.
<0198> 半刻もしないうちに、若侍がうたた寝をはじめた。;;;<0198> Même pas une demi-heure plus tard, le jeune samouraï s'était assoupi.
<0199> 俺は苦笑しながら、心中ではまったく別のことを考えていた。;;;<0199> J'avais un sourire amer, mais mon esprit était ailleurs :
<0200> 運よく仕官の口を得たといっても、しょせん俺は無頼者（ぶらいもの）だ。;;;<0200> J'avais beau avoir trouvé un gouvernement sous lequel servir en tant que samouraï, je n'étais qu'une canaille.
<0201> ことが起これば、部下や上役に裏切られることもありえる。;;;<0201> En cas de problème, mes subordonnés comme mes supérieurs pourraient très bien se retourner contre moi.
<0202> 己の置かれた立場を正しく把握すること。;;;<0202> Il me fallait être en permanence au fait de la situation.
<0203> 俺のような身分の者が生き抜いていくには、それが絶対に必要だった。;;;<0203> Au vu de mon statut, c'était une absolue nécessité.
<0204> 非直の時間をつかって、社殿の様子をそれとなくうかがった。;;;<0204> Je profitais de mon temps de repos pour jeter un œil discret à l'intérieur de l'édifice.
<0205> 社殿は、敷地全体を杉の板塀にかこまれている。;;;<0205> Celui-ci était entouré tout entier d'une palissade en cèdre.
<0206> 正門はもちろん、裏木戸にいたるまで寝ずの番がつく。;;;<0206> Outre, bien sûr, la porte principale, même la porte arrière était gardée sans relâche.
<0207> 貴人を護るのだから当然の用心だ。;;;<0207> C'était là le niveau de sécurité attendu pour la résidence d'un noble.
<0208> だが、人員の割り振り方に違和感があった。;;;<0208> Néanmoins, j'éprouvais un certain malaise quant à la répartition du personnel :
<0209> 見張りに必要なはずの、高見の櫓（やぐら）もない。;;;<0209> En dépit de la nécessité de gardes, il n'y avait pas la moindre tour de guet.
<0210> 何者かが攻め入ってくることを想定しているのではない。;;;<0210> Personne ne s'attendait à une attaque extérieure.
<0211> むしろ、内から外に出るのを警戒した配置に思えた。;;;<0211> Au contraire, toutes ces dispositions veillaient à assurer que personne ne pût quitter l'endroit.
<0212> 最初の数日は立番が続いた。;;;<0212> Mes premiers jours furent consacrés à mon rôle de sentinelle.
<0213> 神奈本人はおろか、おつきの女官さえ見かける機会はなかった。;;;<0213> Je n'eus ni la chance de croiser Kanna elle-même, mais je n'eus même pas la moindre occasion de croiser sa dame de compagnie.
<0214> 五日ほどたったある日。;;;<0214> Le cinquième jour.
<0215> 見覚えのある女官に声をかけられた。;;;<0215> Cette dame de compagnie, que je n'avais pas oubliée, me convoqua.
<0216> 俺は詰め所の奥で、ひとり事務をとっていた。;;;<0216> Je travaillais seul au fond du poste de garde.
<0217> 書状の文面を考えあぐね、もがき苦しんでいたというのが正しいが。;;;<0217> Enfin, plus précisément : j'étais au bord de l'agonie tant je ne savais qu'écrire dans une lettre.
<0218> \{裏葉}「衛門さま」;;;<0218> Emon-sama.
<0219> \{柳也}「うおあっ」;;;<0219> Uwoah !
<0220> あやうく、墨を硯（すずり）ごとぶちまけるところだった。;;;<0220> J'ai failli renverser ma pierre à encre.
<0221> \{裏葉}「にぎやかでございますね」;;;<0221> Quelle vigueur.
<0222> \{柳也}「そっちが静かすぎるのが悪い」;;;<0222> C'est toi qui fais trop peu de bruit.
<0223> 今度もまったく気配がしなかった。;;;<0223> Cette fois-là encore, je n'avais pas senti sa présence.
<0224> 仕事に気をとられていたせいもあるが、武士として体裁のいいことではない。;;;<0224> Certes, mon attention avait été absorbée par mon ouvrage, mais se faire surprendre ainsi n'étais pas digne d'un guerrier.
<0225> 裏葉は俺の前の真っ白な紙を見て、なぜか目を丸くした。;;;<0225> Uraha jeta un œil à la feuille entièrement blanche devant moi, puis pour une raison ou pour une autre, la contempla, comme ébahie.
<0226> \{裏葉}「あらあらまあまあ…」;;;<0226> Oh là là, oh là là...
<0227> \{柳也}「どうした？」;;;<0227> Qu'y a-t-il ?
<0228> \{裏葉}「衛門さまは文（ふみ）をあぶりだしでお書きになるのですか？」;;;<0228> Vous utilisez de l'encre invisible ?
<0229> \{柳也}「あぶりだし？」;;;<0229> De l'encre invisible ?
<0230> \{裏葉}「橘（たちばな）の汁を筆にふくませ、文字をしたためますれば…」;;;<0230> Si vous imbibez votre pinceau de jus de mandarine, et tracez les caractères...
<0231> \{裏葉}「万が一他人に文をとかれても、あら不思議」;;;<0231> ... Alors si quelqu'un d'autre que le destinataire se retrouvait en sa possession, il serait fort dérouté.
<0232> \{柳也}「いや、あら不思議じゃなくてだな」;;;<0232> Nan, mis à part le fait d'être dérouté...
<0233> \{柳也}「あぶりだしで書いたら、文を送った相手だって読めないだろ」;;;<0233> Si j'écris avec de l'encre invisible, même le destinataire ne saura pas la lire.
<0234> \{裏葉}「『この文はあぶりだしでしたためた』と、墨ではし書きしておけば」;;;<0234> Pourquoi ne pas simplement ajouter à l'encore : 'ce texte a été écrit à l'encre invibile'.
<0235> \{柳也}「………」;;;<0235> .........
<0236> 完全に無意味だと思うが。;;;<0236> C'est absurde.
<0237> 裏葉の顔をしげしげと眺めてしまった。;;;<0237> J'étudiais attentivement le visage de Uraha.
<0238> 冗談なのか本気なのか、まったく読めないところが怖い。;;;<0238> J'étais bien incapable de déceler si elle plaisantait ou bien était sérieuse.
<0239> \{柳也}「で、何用か？」;;;<0239> Et donc ? Tu me veux quelque chose ?
<0240> 口調を戻して言うと、裏葉も居住まいをただした。;;;<0240> M'entendant reprendre mon intonation habituelle, Uraha se redressa.
<0241> \{裏葉}「社中の守警に関しまして、ご足労いただきたく…」;;;<0241> Certains points relatifs à la sécurité requièrent votre attention...
<0242> 言葉をにごし、意味ありげに廊下に視線をやる。;;;<0242> Elle marqua un temps d'arrêt, puis lança un regard significatif en direction de l'allée.
<0243> \{柳也}「しかし…」;;;<0243> Mais...
<0244> \{裏葉}「神奈備様御直々（おんじきじき）のお申しつけにありますれば」;;;<0244> Il s'agit d'un ordre venant de Kannabi-sama en personne.
<0245> \{柳也}「あいわかった」;;;<0245> Compris.
<0246> これで形式はととのえたというわけだ。;;;<0246> Cette information était davantage destinée à assurer la forme que la substance de l'action.
<0247> 俺は筆をおき、床から腰をあげた。;;;<0247> Je posai mon pinceau et me levai.
<0248> \{柳也}「それはそうと、『衛門さま』はやめてくれないか？」;;;<0248> À pat ça, tu pourrais arrêter de m'aller 'Emon-sama' ?
<0249> \{裏葉}「なぜでございましょうか？」;;;<0249> Pourquoi cela ?
<0250> \{柳也}「堅苦しいのは苦手なんだ」;;;<0250> Ça fait trop guindé.
<0251> \{裏葉}「なら、どのようにお呼びすれば？」;;;<0251> Dans ce cas, comment devrais-je vous appeler ?
<0252> \{柳也}「柳也でいい」;;;<0252> Juste 'Ryuuya'.
<0253> \{裏葉}「では柳也さま、まいりましょう」;;;<0253> Eh bien, Ryuuya-sama, mettons-nous en route.
<0254> \{柳也}「ああ」;;;<0254> Ouais.
<0255> \{神奈}「おそかったではないか」;;;<0255> Vous en avez mis du temps.
<0256> 俺の姿を見つけるなり、神奈は不機嫌そうに言った。;;;<0256> dit-elle d'un air mécontent à l'instant où elle me vit apparaître.
<0257> \{神奈}「この五日、姿も見せずになにをしておったのだ」;;;<0257> Cela fait cinq jours que je ne vous ai point vu. Qu'avez-vous fait pendant tout ce temps ?
<0258> \{柳也}「仕事をしてたんだ、仕事を」;;;<0258> Je travaillais, c'est tout.
<0259> \{神奈}「そのようなくだらぬもの、放っておけばよいであろ」;;;<0259> Cela est inutile. Cessez ces choses futiles.
<0260> \{柳也}「………」;;;<0260> .........
<0261> \{神奈}「まったく、益体（やくたい）もない」;;;<0261> Bon sang. Vous ne servez vraiment à rien.
<0262> \{柳也}「益体ないのはおまえの頭だっ！」;;;<0262> C'est ta tête qui ne sert à rien !!
<0263> \{神奈}「ほお。曲者痴れ者のぶんざいで、余をうつけ呼ばわりするとは笑止千万」;;;<0263> Ooh ? Un rustre imbécile tel que vous-même ose me prendre pour une imbécile ? En voilà une chose cocasse.
<0264> \{裏葉}「まあまあ、神奈さま」;;;<0264> Allons, allons, Kanna-sama...
<0265> 俺たちの様子を見かねて、裏葉が間に入ってきた。;;;<0265> Incapable de rester passive face à notre échange, Uraha s'interposa.
<0266> \{裏葉}「柳也さまも大人げない」;;;<0266> Ryuuya-sama, vous aussi, ne faites pas l'enfant.
<0267> やんわりといさめられ、俺もやっと我にかえった。;;;<0267> Sa douce remontrance me fit revenir à la raison.
<0268> 最初に会った時以来、神奈と話しているとどうもおかしな調子になる。;;;<0268> Depuis que je l'avais rencontrée, j'avais tendance à m'emporter à chaque fois que je parlais avec Kanna.
<0269> \{柳也}「面目ない」;;;<0269> C'était indigne de moi.
<0270> \{神奈}「うむ。わかればよい」;;;<0270> Bien. Je vois que vous comprenez.
<0271> \{柳也}「おまえに謝ったんじゃない」;;;<0271> C'était pas à toi que je m'excusais !
<0272> \{神奈}「隠さぬでもよい。無礼はすべて赦（ゆる）してつかわすゆえ」;;;<0272> Ne soyez pas timide. Je suis prêt à pardonner toutes vos insolences passées.
<0273> \{神奈}「余はなんと寛大なことよの」;;;<0273> Que je suis généreuse...
<0274> \{柳也}「………」;;;<0274> .........
<0275> なにを言っても無駄に思えてきたので、話題をかえることにした。;;;<0275> N'ayant rien à gagner à faire durer le sujet, je décidai d'en changer :
<0276> \{柳也}「で、俺になんの用だ？」;;;<0276> Et donc ? Que me veux-tu ?
<0277> \{神奈}「まず座るがよい」;;;<0277> Commencez par vous asseoir.
<0278> 俺はその場にどっかりとあぐらをかいた。;;;<0278> Je me laissai tomber par terre puis croisai les jambes.
<0279> 着物の裾を合わせながら、裏葉もとなりに座る。;;;<0279> Uraha vint s'asseoir à côté de moi en tenant le bas de son kimono.
<0280> \{神奈}「余と二人だけではつまらぬと、裏葉がうるさく申すのでな」;;;<0280> Uraha ne cessait point de se plaindre que l'on s'ennuyait, seules à nous deux.
<0281> \{神奈}「特別にはからい、呼び寄せてやったのだ。ありがたく思え」;;;<0281> J'ai donc fait une exception et vous ai convoqué. Soyez reconnaissant.
<0282> \{柳也}「本当か？」;;;<0282> C'est vrai ?
<0283> \{裏葉}「もちろん、空言（そらごと）でございます」;;;<0283> Bien sûr... que c'est un mensonge.
<0284> \{裏葉}「神奈さまはこのところ柳也さまのお話ばかり」;;;<0284> Ces derniers jours, Kanna-sama n'a eu de cesse de parler de vous.
<0285> \{裏葉}「何かにつけて『あの者は来ぬのか』とおっしゃるものですから」;;;<0285> Dès lors qu'elle en avait l'occasion, elle me demandait : 'quand repassera-t-il ?'.
<0286> 裏葉が気をきかせて、執務中の俺に声をかけたらしい。;;;<0286> C'était donc par égard pour Kanna qu'Uraha m'avait convoqué au beau milieu de mon travail.
<0287> \{神奈}「そっ、そのようなことは断じてないぞ」;;;<0287> C-C'est absolument faux.
<0288> \{神奈}「裏葉はなにか勘ちがいをしておるのだ」;;;<0288> Uraha se sera fourvoyée.
<0289> わめいている神奈を尻目に、裏葉が神妙なおももちで訊いてきた。;;;<0289> Ignorant les plaintes de Kanna, Uraha me demanda sur un ton posé :
<0290> \{裏葉}「やはり、ご迷惑でしたでしょうか？」;;;<0290> Se pourrait-il que cela vous gêne ?
<0291> \{柳也}「いや、それはいいんだが……」;;;<0291> Nan, ça ne me dérange pas......
<0292> この三人で集まって、なにをしろというのだ？;;;<0292> Mais quel est l'intérêt de nous rassembler tous les trois ?
<0293> 俺は想像してみた。;;;<0293> Une image se forma dans mon esprit :
<0294> 寝所に近い一室での密会。;;;<0294> Un rendez-vous secret juste à côté de la chambre à coucher...
<0295> そばにいるのは美しい翠髪（すいはつ）の女官と、やんごとなき貴人…。;;;<0295> ... en compagnie d'une dame d'honneur aux cheveux de jade et d'une très noble aristocrate...
<0296> 神奈の顔を覗きこむ。;;;<0296> Je jetai un coup d'œil à Kanna.
<0297> 貴人というより奇人か、これは。;;;<0297> Elle me suggérait davantage le terme 'excentrique' que 'noble'.
<0298> \{神奈}「余はおまえが今、無礼なことを考えておるような気がするぞ」;;;<0298> Quelque chose me dit que vous êtes en train d'avoir des pensées déplacées à mon égard.
<0299> \{柳也}「…とりあえず、姿かたちは放っておくとしてもだ」;;;<0299> ... Bref. Votre apparence mise à part...
<0300> \{柳也}「せめてこのおかしな言葉づかいだけでもどうにかならないか、と考えてたんだ」;;;<0300> Je me disais, vous ne pourriez pas faire quelque chose à propos de ta drôle de manière de parler ?*
<0301> \{神奈}「余の言葉のどこがおかしい」;;;<0301> Qu'est-ce qui vous dérange dans ma manière de m'exprimer ?
<0302> \{柳也}「まず、その『余』ってのがおかしい」;;;<0302> D'abord, t'utilises 'yo' comme pronom.*
<0303> 神奈の言葉づかいは、公家と武家の物言いがまじりあった独特のものだ。;;;<0303> Sa manière de parler était ponctuée d'expressions propres aux nobles et aux guerriers.
<0304> 身分としてはおかしくないが、男言葉なので珍妙なことこの上ない。;;;<0304> Si cela seyait à son rang, c'était l'usage de maniérismes masculins qui la rendait curieuse avant tout.
<0305> \{裏葉}「わたくしがおつかえしました時には、もうこのようにお話しでしたから」;;;<0305> Kanna-sama s'exprimait déjà ainsi lorsque j'ai commencé à la servir.
<0306> 苦笑いしながら、裏葉が言う。;;;<0306> dit Uraha avec un sourire amer.
<0307> \{神奈}「では、余は余のことをなんと呼べばよいのだ？」;;;<0307> Eh bien, outre 'yo', comment devrais-je me désigner ?
<0308> \{柳也}「『まろ』か『わらわ』だろうな」;;;<0308> 'Maro' ou 'warawa' seraient bien.*
<0309> \{神奈}「余は余であって、まろでもわらわでもないぞ」;;;<0309> Mais je suis 'yo'. Je ne suis ni 'maro' ni 'warawa'.
<0310> \{柳也}「理屈になってないぞ」;;;<0310> Ce que tu dis n'aucun sens.
<0311> \{神奈}「理屈などいらぬ」;;;<0311> Je n'ai point besoin de sens.
<0312> \{裏葉}「はあっ…」;;;<0312> Haa...
<0313> \{柳也}「…なぜそっちで溜息をついている？」;;;<0313> ... Pourquoi un tel soupir ?
<0314> \{裏葉}「うらやましいのでございます」;;;<0314> C'est que je vous envie.
<0315> \{柳也}「何が」;;;<0315> En quoi ?
<0316> \{裏葉}「そのように神奈さまと親しくお話しされる柳也さまが」;;;<0316> C'est que je vous vois parler si familièrement avec Kanna-sama.
<0317> \{柳也}「これが親しく話しているように見えるのか？」;;;<0317> T'appelles ça 'familièrement' ?
<0318> だとしたら相当に脳天気な性質（たち）だ。;;;<0318> À en croire cette réflexion, Uraha était vraiment de nature insouciante.
<0319> \{裏葉}「ええ、見えますとも」;;;<0319> Mais oui.
<0320> やっぱりそう答えるか。;;;<0320> Je m'attendais à cette réponse.
<0321> \{裏葉}「それに…柳也さまだけでございます」;;;<0321> Et puis... Il n'y a que vous...
<0322> \{裏葉}「神奈さまのご身分を知ったあとも、変わらぬままでおられるのは」;;;<0322> ... qui, ayant pris connaissance du rang de Kanna-sama, n'ayez point changé votre comportement.
<0323> \{神奈}「たしかに。変わった男よの」;;;<0323> Indéniablement, cet homme est étrange.
<0324> \{柳也}「お前にだけは言われたくないぞ」;;;<0324> Tu peux parler.
<0325> 口ではそう言ったものの、裏葉の言葉は俺に役職を思いおこさせた。;;;<0325> Les propos d'Uraha m'avaient rappelé les responsabilités qui m'incombaient.
<0326> \{柳也}「そろそろ戻るぞ」;;;<0326> Je vais y aller.
<0327> 俺が腰を浮かすと、裏葉も立ちあがった。;;;<0327> Je levai un pied, et Uraha fit de même.
<0328> \{裏葉}「もうしばらく、お相手をお願いできませんか？」;;;<0328> S'il vous plait, pourriez-vous tenir compagnie à Kanna-sama pendant encore un moment ?
<0329> \{柳也}「使いの者を待たせている」;;;<0329> Un messager m'attend.
<0330> もっとも、渡す書状はまだ白紙のままだが。;;;<0330> Enfin, tout ce que j'avais à lui remettre, c'était une page blanche.
<0331> 神奈はだまったままだったが、やがてぼそりと言った。;;;<0331> Restée silencieuse pendant tout ce temps, Kanna prit finalement la parole :
<0332> \{神奈}「また来るがよい」;;;<0332> J'apprécierais que vous reveniez.
<0333> \{柳也}「そう簡単にここに来れるようでは、俺の仕事ぶりが疑われる」;;;<0333> Si je me laisse venir ici aussi facilement, on va commencer à douter de mon assiduité.
<0334> 一礼してその場を辞そうとした時。;;;<0334> Je leur adressai un salut et me mis en route hors de l'endroit.
<0335> 神奈の声が聞こえた。;;;<0335> Kanna m'interpella :
<0336> \{神奈}「余は、変わりものであろうか？」;;;<0336> Me trouvez-vous étrange ?
<0337> \{柳也}「俺と同じぐらいにな」;;;<0337> Aussi étrange que moi.
<0338> 俺はそう答えた。;;;<0338> Telle fut ma réponse.
<0339> 神奈は安心したようだった。;;;<0339> Kanna en sembla soulagée.
<0340> \{神奈}「よいか、また来るのだぞ」;;;<0340> Essayez de revenir.
<0341> それだけ言って、そっけなく背中を向けた。;;;<0341> Ces mots prononcés, elle me tourna promptement le dos.
<0342> 話の間じゅう、神奈に羽があるのを忘れていた自分に気づいた。;;;<0342> Je remarquai alors que durant notre conversation, j'avais oublié que Kanna avait des ailes.
<0343> 退屈な任務が続いた。;;;<0343> Je revins à mes tâches ennuyeuses.
<0344> 慣れるにしたがって、社中の雰囲気もつかめるようになってきた。;;;<0344> Au fur et à mesure de mon travail dans le cadre de cette affectation, je comprenais de mieux en mieux la mentalité qui régnait en ces lieux.
<0345> 気になることがあった。;;;<0345> Quelque chose me troublait :
<0346> 守護職全体の士気が、あまりにも低い。;;;<0346> Le moral de l'ensemble des gardes était trop bas.
<0347> 立番はおざなり、警邏（けいら）もお粗末なものだ。;;;<0347> Les sentinelles étaient négligentes et les rondes étaient faites à moitié.
<0348> 女官たちも同じだ。;;;<0348> De même pour les dames de compagnie.
<0349> 神奈の身の回りの世話さえ、定めどおりなされているか怪しい。;;;<0349> Je doutais que les services qu'elles devaient rendre à Kanna le fussent comme il se doit.
<0350> 社殿につとめる者たちが、真面目に職務を果たす気がないことは明らかだった。;;;<0350> Il était évident que personne au sein de ce sanctuaire n'avait la moindre intention de remplir sérieusement ses fonctions.
<0351> 守護すべき者への無関心は、俺にとっては好都合だった。;;;<0351> Néanmoins, l'indifférence des gardes quant à leurs fonctions m'arrangeait bien :
<0352> 俺は日に一度、神奈の座敷を訪ねるようになっていた。;;;<0352> Je pris l'habitude de rendre chaque jour visite à Kanna dans sa pièce à tatami.
<0353> \{柳也}「神奈、おまえ、本当に翼人か？」;;;<0353> Kanna, t'es vraiment un Être Ailé ?
<0354> \{神奈}「来て早々に、そのいいぐさはなんだ」;;;<0354> Vous dites des choses bien étranges alors que vous venez d'arriver.
<0355> \{柳也}「みなの様子を見ていると、どうにも解（げ）せないことがある」;;;<0355> Je regarde un peu tout le monde, mais quelque chose m'échappe :
<0356> 翼人は天からつかわされた存在、とされている。;;;<0356> On dit que les Êtres Ailés viennent des cieux.
<0357> 飢饉や疫病にのぞんでは、霊力をもって加持祈祷をなす。;;;<0357> En cas de famine ou d'épidémie, ils prient au moyen de leurs pouvoirs spirituels.
<0358> 言ってみれば、神々と直談判できる存在だ。;;;<0358> En d'autres termes, ce sont des entités capables d'échanger directement avec les dieux.
<0359> 巫女装束を身につけていても、普通の巫女とは位が天と地ほどちがうはずなのに。;;;<0359> Elle avait bien revêtir une tenue de miko, son rang était aux antipodes de celui d'une vulgaire miko.
<0360> \{柳也}「話に聞いていたのと、ずいぶん処遇がちがう」;;;<0360> Par rapport à ce que l'on m'a laissé entendre, la façon dont on te traite ici est indigne.
<0361> そのことか、とでも言いたげに、神奈は溜息をはく。;;;<0361> Kanna poussa un soupir, comme pour dire qu'elle était de la même opinion.
<0362> \{神奈}「余にもわからぬ。昔からそうであったからな」;;;<0362> Je ne comprends point non plus. Cela a toujours éré ainsi.
<0363> \{神奈}「それに、余は神の使いなどではない」;;;<0363> En outre, je ne suis pas une messagère des dieux.
<0364> \{柳也}「しかし、羽はあるんだろう？」;;;<0364> Mais t'as des ailes, non ?
<0365> \{神奈}「羽があるからといって、神の使いとはかぎらぬ」;;;<0365> Le fait que j'ai des ailes ne veut pas dire que je suis une messagère des dieux.
<0366> \{柳也}「たしかにそうだ。竈馬（いとど）にも蟋蟀（きりぎりす）にも羽はある」;;;<0366> Effectivement. Les criquets et les grillons ont eux aussi des ailes.
<0367> \{神奈}「おまえのたとえはいちいち気にさわる」;;;<0367> Votre comparaison me blesse terriblement.
<0368> \{裏葉}「藪蚊（やぶか）にも猩猩（しょうじょう）にも羽はございますね」;;;<0368> Les moustiques et les shōjōs ont aussi des ailes.*
<0369> \{神奈}「なお悪いわっ」;;;<0369> C'est encore pire !
<0370> 神奈が振り向いた先で、裏葉がにっこりとほほえんでいた。;;;<0370> Kanna se retourna et tomba nez-à-nez avec Uraha, qui lui souriait gentiment.
<0371> いつもながら、見事なまでに気配がない。;;;<0371> Encore une fois, elle avait parfaitement réussi à ne pas se faire remarquer.
<0372> 裾をすべらせて畳にあがり、ささげ持っていた高坏（たかつき）をそっと置く。;;;<0372> Laissant glisser le bas de son kimono sur le tatami, Uraha vint déposer avec grâce le takatsuki qu'elle avait en main.*
<0373> こんもりと盛ってあったのは、真っ白な雪のかけらだった。;;;<0373> Dessus y était empilée une dense masse de neige d'un blanc immaculé.
<0374> \{柳也}「その氷はどこにあった？」;;;<0374> Tu l'as trouvée où, cette glace ?
<0375> \{裏葉}「さきほど酒殿の前を通りましたら、その奧になにやら恐ろしげな冷気をはなつ小屋がありまして」;;;<0375> Alors que je marchais le long du sakadono* tout à l'heure, j'ai remarqué un cabanon duquel émanait un froid terrible.
<0376> \{裏葉}「入ってみましたらあら不思議、夏の盛りだというのにこのような氷が」;;;<0376> J'y suis entré, et, à mon grand étonnement, j'y ai trouvé de la glace, et ce, en dépit de l'été qui bat son plein.
<0377> \{神奈}「ほお。それは奇怪なことよの」;;;<0377> Ooh. Voilà une chose bien mystérieuse.
<0378> \{裏葉}「守護方にご報告せねばなるまいと思い、こうして持参いたしました」;;;<0378> J'ai pensé que je devais le signaler aux gardes, alors je vous l'ai apporté céans.
<0379> \{柳也}「それは氷室（ひむろ）といって、冬に降った雪をたくわえておくための小屋だ」;;;<0379> C'est ce qu'on appelle une chambre froide. Ça sert à conserver de la neige en dehors de l'hiver.
<0380> \{裏葉}「はあ、そうでございますか」;;;<0380> Aah, c'est donc cela.
<0381> \{柳也}「ちなみにことわりなく氷室に入れば重罪だ」;;;<0381> D'ailleurs, y entrer sans permission est un crime.
<0382> \{裏葉}「あらあらまあまあ」;;;<0382> Oh là là, oh là là...
<0383> \{神奈}「剣呑剣呑」;;;<0383> Terrible, terrible...
<0384> 両人ともに、まったく反省の色なし。;;;<0384> Aucune des deux ne montra le moindre signe de repentance.
<0385> \{柳也}「まったく、氷室びらきはまだ先だというのに」;;;<0385> En fait, son ouverture aurait dû attendre encore un petit moment.
<0386> \{裏葉}「これはもともと神奈さまのためにたくわえられたもの」;;;<0386> Le contenu du cabanon est destiné à l'usage de Kanna-sama, de toute manière.
<0387> \{裏葉}「それに、今さら戻しましても、氷室につく前に溶けてしまいます」;;;<0387> En outre, risque de foudre avant que je ne le rapporte à la chambre froide.
<0388> 困ったように言うが、もちろんすべて計算の上だろう。;;;<0388> Son ton suggérait l'inquiétude, mais, bien sûr, tout était calculé.
<0389> \{柳也}「まあいい」;;;<0389> Bah, allez.
<0390> 俺が頷くと、裏葉は居住まいをととのえ、神奈に正対した。;;;<0390> Je hochai la tête, et Uraha ajusta sa position pour faire face à Kanna.
<0391> まず自分が雪片を口にふくみ、それから高坏を神奈の前に置く。;;;<0391> Elle déposa un peu de neige dans sa bouche, puis posa le takatsuki devant Kanna.
<0392> \{裏葉}「さあ神奈さま、どうぞ」;;;<0392> Kanna-sama, je vous en prie.
<0393> \{神奈}「うむ、大儀であった」;;;<0393> Bien. J'apprécie tes efforts.
<0394> \{柳也}「やっぱりおまえが言いつけたな」;;;<0394> Je me doutais que c'était toi qui l'avais commanditée.
<0395> \{神奈}「無論であろ。このような暑い日にひらかんで、なにが氷室か」;;;<0395> Cela va de soi. Quel intérêt présente une chambre froide que l'on n'ouvre point en une journée aussi chaude ?
<0396> 氷を指でつまみあげ、そのまま口に運ぶ。;;;<0396> Elle prit une pincée de glace et la porta à sa bouche.
<0397> 薄桃色をした唇が、しゃくっと鳴った。;;;<0397> Ses lèvres d'un rose pâle se fermèrent.
<0398> \{神奈}「つべたいのお」;;;<0398> C'est froid.
<0399> \{神奈}「柳也どのもためすがよい。特に許してつかわす」;;;<0399> Ryuuya-dono, essayez-donc. Vous avez ma permission.
<0400> 神奈備様への供物を口にするなど、到底許されることではない。;;;<0400> Il était impensable d'imaginer pouvoir goûter à un met réservé à Kannabi-sama.
<0401> 今さら説明するのも馬鹿馬鹿しく、俺はおとなしく頭を下げた。;;;<0401> Cependant, il aurait été ridicule de lui en informer aussi tardivement. J'obtempérai simplement, en commençant par la saluer.
<0402> \{柳也}「ありがたき幸せ」;;;<0402> Ce présent me touche.
<0403> 雪片をつまみ、指がかじかむ感触を楽しむ。;;;<0403> Je pris un moment pour apprécier la sensation de froid émanant des flocons que j'avais pris entre mes doigts.
<0404> 外は蒸し暑い。;;;<0404> Dehors, il faisait chaud et humide.
<0405> 御簾（みす）の向こうを吹く風は、どこかまがまがしい気配をはらんでいる。;;;<0405> Le vent sui s'engouffrait entre les misus* avait un air quelque peu sinistre.
<0406> 雪片を口に入れる。;;;<0406> J'introduisis les flocons dans ma bouche.
<0407> しみるような冷たさは、俺の不安をほんの一時だけ忘れさせた。;;;<0407> L'espace d'un instant, la morsure du froid me fit oublier toutes mes inquiétudes.
<0408> \{裏葉}「こうして三人で同じ氷をいただいておりますと、まるで…」;;;<0408> Déguster de la glace tous les trois ainsi... C'est comme si...
<0409> \{柳也}「寒空にたくわえもなく、軒下の雪で飢えをしのぐ死にかけた家族のようだな」;;;<0409> C'est comme si on était une famille forcée à manger de la neige ramassée sur des corniches pour éviter de mourir de faim parce qu'elle n'a pas fait suffisamment de provisions pour l'hiver.
<0410> \{裏葉}「たいそう楽しげなたとえでございますね」;;;<0410> C'est là une comparaison fort divertissante.
<0411> \{柳也}「真顔で返すな、真顔で」;;;<0411> Dis pas ça avec un visage aussi sérieux.
<0412> \{神奈}「………」;;;<0412> .........
<0413> \{柳也}「どうした。氷の食いすぎで腹でも冷やしたか？」;;;<0413> Qu'y a-t-il ? T'as mangé trop de glace et maintenant ton ventre te fait mal ?
<0414> \{神奈}「家族、とはどのようなものだ？」;;;<0414> Une 'famille'... C'est quoi ?
<0415> 答えたのは裏葉が先だった。;;;<0415> Ce fut Uraha qui répondit en premier.
<0416> \{裏葉}「そうでございますね」;;;<0416> Bonne question.
<0417> \{裏葉}「しいて申しますなら…」;;;<0417> Eh bien, disons...
<0418> ぴとっ。;;;<0418> \bHop\u !
<0419> \{裏葉}「このようなものでございましょうか」;;;<0419> C'est un peu comme cela.
<0420> 神奈の背中ごしに、ぴったりと身をよせる。;;;<0420> Elle vint se blottir contre le dos de Kanna.
<0421> \{神奈}「こらっ、この暑いのにはりつくでない。はなれよっ」;;;<0421> Hé ! Il fait trop chaud pour que vous puissiez me coller comme ça ! Éloignez-vous !
<0422> \{裏葉}「………」;;;<0422> .........
<0423> さびしそうに肩を落とし、座敷を出ていこうとする。;;;<0423> Les épaules tombantes, attristée, Uraha se prépara à quitter la pièce à tatami.
<0424> \{神奈}「まてまて、そこまで離れずともよい」;;;<0424> Attendez, attendez. Vous n'avez pas besoin de vous éloigner autant.
<0425> ぴとっ。;;;<0425> \bHop\u !
<0426> \{神奈}「だから、はりつくでないと言うておろうが」;;;<0426> Hé, oh ! Je vous ai dit de ne point me coller.
<0427> \{裏葉}「………」;;;<0427> .........
<0428> \{神奈}「まてまてまてっ、いちいち去ろうとするでない。もどれ、ちこう寄れ」;;;<0428> Attendez, attendez, attendez ! Ne partez pas si loin. Revenez, rapprochez-vous.
<0429> ぴとぴとっ。;;;<0429> \bHop hop\u !
<0430> \{神奈}「…なぜおまえまで余にひっつく？」;;;<0430> ... Pourquoi \bvous\u me collez ?
<0431> \{柳也}「いや、何となくなりゆきで」;;;<0431> Comme ça.
<0432> \{神奈}「ふたりとも余から離れよっ」;;;<0432> Éloignez-vous, vous deux :
<0433> \{裏葉}「………」\r;;;<0433> ......... \r
<0434> \{神奈}「だから、ふたりとも出てゆくでないっ！」;;;<0434> Hé, oh ! Ne partez pas, vous deux !!
<0435> \{柳也}「ああだこうだと注文が多い」;;;<0435> 'Éloignez-vous', 'Ne partez pas'... Il faut savoir...
<0436> \{裏葉}「まったく、まったく」;;;<0436> Vraiment, vraiment...
<0437> \{神奈}「そなたたちは余をからかっておるのだろ？」;;;<0437> Seriez-vous en train de vous payer ma tête ?
<0438> \{裏葉}「めっそうもございません」;;;<0438> C'est impensable.
<0439> \{裏葉}「家族とは、このように身を寄せあって暮らすものでございます」;;;<0439> C'est à cela que ressemble la vie d'une famille.
<0440> \{神奈}「そうか」;;;<0440> Ah bon ?
<0441> \{柳也}「…そうか？」;;;<0441> ... Ah bon ?
<0442> 何かちがうような気がするが。;;;<0442> Ce n'était pas tout à fait l'image que je m'en faisais.
<0443> \{裏葉}「そうでございますとも」;;;<0443> Mais bien sûr.
<0444> もう一度すり寄り、てれくさそうな神奈の顔を袖でつつむ。;;;<0444> Elle s'approcha à nouveau de Kanna et dissimula son visage embarassé à l'aide de sa manche.
<0445> \{神奈}「い、息が苦しいぞ」;;;<0445> J-J'étouffe.
<0446> \{裏葉}「息苦しいほど身を寄せあうのが、まことの家族というもの」;;;<0446> Une famille véritable, c'est une famille où l'on se serre les coudes jusqu'à ne plus pouvoir respirer.
<0447> ぎゅううううっ。;;;<0447> \bSerre\u...!
<0448> じたばたする神奈と、あくまでも笑顔の裏葉。;;;<0448> Uraha n'arrêtait pas de sourire tandis que Kanna se débâtait.
<0449> 無理して見れば、仲むつまじい母子に思えないこともない。;;;<0449> En s'efforçant de les regarder, d'aucuns pourraient penser qu'il s'agit là d'une mère et se sa fille, et que les deux sont très complices.
<0450> \{神奈}「ふむむっ。ふむむふむーむむむむむぅ…」;;;<0450> Mmph ! Mmphmph...!
<0451> \{裏葉}「この身には過分なおほめの言葉、恐悦至極にぞんじます」;;;<0451> Je suis infiniment honorée de ces éloges que vous m'adressez.
<0452> \{柳也}「俺には『苦しいっ、息ができぬからはなせ』と言ってるように思えるが」;;;<0452> À mon avis, elle a voulu dire  : 'Ça fait mal ! Je n'arrive plus à respirer'.
<0453> \{裏葉}「それは柳也さまのお耳がひねくれているのでございます」;;;<0453> Je crois que vos oreilles vous jouent des tours, Ryuuya-sama.
<0454> \{裏葉}「ねえ、神奈さま」;;;<0454> N'est-ce pas, Kanna-sama ?
<0455> \{神奈}「………」;;;<0455> .........
<0456> \{裏葉}「神奈さま？」;;;<0456> Kanna-sama ?
<0457> \{神奈}「ぷはっ」;;;<0457> Pweh !
<0458> \{裏葉}「あらあら、お顔が真っ赤」;;;<0458> Oh là là... Votre visage est si rouge.
<0459> \{神奈}「…だれの、せいだと、思うておるのだ？」;;;<0459> ... À qui la faute, d'après vous ?
<0460> 息もたえだえの神奈に、裏葉はしれっと答えた。;;;<0460> À une Kanna à bout de souffle, Uraha répondit comme si de rien n'était :
<0461> \{裏葉}「神奈さまが可愛いすぎるのがいけないのでございます」;;;<0461> C'est votre faute si vous êtes aussi adorable.
<0462> \{神奈}「まったく、裏葉のなす事はいちいちとっぴでいかん」;;;<0462> Vraiment, votre comportement est toujours aussi incongru.
<0463> 誉められてまんざらでもないのか、ぶつぶつ小声で言う。;;;<0463> fit-elle à voix basse, pas mécontente du compliment.
<0464> 神奈のことを見守っていた裏葉が、そっと俺に向きなおった。;;;<0464> Après avoir regardé Kanna pendant tout ce temps, Uraha se tourna lentement vers moi.
<0465> \{裏葉}「まだむずかしい顔をされておいでですね」;;;<0465> Vous avez m'avez l'air préoccupé.
<0466> \{柳也}「生まれつきだからな」;;;<0466> Je le suis depuis que je suis né.
<0467> \{神奈}「つまらぬ。余の前ではほかの顔をせよ」;;;<0467> C'est d'un ennui... Montrez-moi donc une autre expression.
<0468> \{柳也}「無茶を言うな」;;;<0468> Ne dis pas de bêtises.
<0469> 神奈のことをうかがい見る。;;;<0469> J'inspectai son visage.
<0470> 知れば知るほど、神奈の心根は娘子と相違ない。;;;<0470> PLus je la connaissais, plus j'étais convaincu qu'au fond, Kanna était une petite fille ordinaire.
<0471> \{柳也}「神奈はいつからこんな暮らしをしている？」;;;<0471> Ça fait combien de temps que Kanna vit comme ça ?
<0472> \{裏葉}「柳也さまがご着任されてからは、このような明るい暮らしぶりに…」;;;<0472> Sa vie s'est bien égayée depuis que vous avez pris vos fonctions ici...
<0473> \{柳也}「そうじゃない。社殿に住まうようになったのはいつからだ？」;;;<0473> Ce n'est pas de ça que je parle. Je veux savoir depuis combien de temps elle vit dans ce sanctuaire ?
<0474> \{神奈}「覚えておらぬ。物心ついた時には、もう閉じこめられておった」;;;<0474> Je ne m'en souviens pas. J'étais déjà enfermée ici avant même d'avoir une conscience.
<0475> 神奈の瞳がさっと曇った。;;;<0475> Ses yeux se voilèrent soudainement.
<0476> 触れられたくないことだったのだろう。;;;<0476> Ce devait être un sujet qu'elle ne voulait pas aborder.
<0477> \{柳也}「そうか」;;;<0477> Ah bon ?
<0478> 俺はそれ以上の詮索をあきらめ、あぐらをかき直した。;;;<0478> Je me résignai à cesser mes indiscrétions, et m'assis de nouveau en tailleur.
<0479> 高坏の氷はとうに水となり、ゆらゆらと波紋をたてていた。;;;<0479> La glace sur le takatsuki avait depuis longtemps laissé place à de l'eau, formant des ondulations qui se propageaient doucement.
<0480> 妙な噂を知ったのは、その日の夕刻だった。;;;<0480> C'est au soir que j'ai eu vent d'une intrigante rumeur :
<0481> 日没近く、裏戸番の引き継ぎをした。;;;<0481> Le soleil se couchait, et je relevais la garde de la porte arrière.
<0482> 山中の夜は早い。;;;<0482> La nuit tombait rapidement dans les montagnes.
<0483> 向こうの山に日が落ちれば、暗闇が社殿をおおうまで四半刻もない。;;;<0483> Une fois le soleil passé derrière les montagnes, il ne fallait pas plus d'un quart d'heure pour que l'obscurité envahisse le sanctuaire.
<0484> 松明（たいまつ）に種火を移していると、衛士（えじ）の不安げな様子に気づいた。;;;<0484> Après avoir allumé un taimatsu, je remarquai l'air inquiet de l'eji.*
<0485> \{柳也}「何をそうおどおどしている？」;;;<0485> Pourquoi tu fais une tête pareille ?
<0486> \{柳也}「これから非直という時に、心配事でもあるまい」;;;<0486> Tu as fini le travail, tu n'as plus besoin de t'inquiéter.
<0487> \{衛士}「衛門さまは、ご存じないので？」;;;<0487> Vous ne savez pas, Emon-sama ?
<0488> ひかえめな口調に、非難の匂いを感じた。;;;<0488> Je sentis un air de reproche dans le ton de sa voix.
<0489> 守護職の態度は二種類あった。;;;<0489> Les gardes ici avaient deux manières d'aborder leur travail :
<0490> あからさまに任を軽んじる者と、なにかを恐れるように息を殺し、奉公明けを待つ者。;;;<0490> Ceux qui méprisent ouvertement leur devoir et ceux qui attendent la fin de leur service en silence comme s'ils avaient peur de quelque chose.
<0491> この衛士は後者だった。;;;<0491> Ce garde-là était de la seconde catégorie.
<0492> \{柳也}「話してみろ。他言はしない」;;;<0492> Dis-moi tout. Je ne le répéterai à quiconque.
<0493> うながしてやると、辺りをはばかるように喋りはじめた。;;;<0493> Sous ma pression, il hésita, regarda autour de lui, puis reprit :
<0494> \{衛士}「みな、気が気ではありません」;;;<0494> Tout le monde est nerveux.
<0495> \{衛士}「神奈備様は、その…」;;;<0495> C'est que, Kannabi-sama...
<0496> \{衛士}「人ではありません」;;;<0496> Elle n'est pas humaine.
<0497> \{衛士}「みだりにふれれば、神罰が下るのではないかと」;;;<0497> Nous avons peur de recevoir un châtiment divin si jamais nous la froissons.
<0498> \{柳也}「しかし、俺の見たところでは、神罰など信じている者は少ないようだが」;;;<0498> Enfin, de ce que je constate, il n'y a pas grand-monde ici qui croit aux châtiments divins.
<0499> 衛士は何事か考えたあと、さらに声を落として言った。;;;<0499> Le garde réfléchit un moment avant de reprendre tout bas :
<0500> \{衛士}「かつてここより南の社に、翼人の母子が囚（とら）われていたと聞いております」;;;<0500> J'avais entendu dire que jadis, une mère et sa fille, toutes deux des Êtres Ailés, avaient été emprisonnées dans un sanctuaire au sud d'ici.
<0501> \{柳也}「囚われていた？」;;;<0501> 'Emprisonnées' ?
<0502> 思わず聞き返した。;;;<0502> lui demandai-je immédiatement.
<0503> 『囚われていた』など、翼人を護る者が口にすべき言葉ではない。;;;<0503> Le terme 'emprisonnées' n'avait rien à faire dans la bouche de quiconque garde des Êtres Ailés.
<0504> だが、衛士はこう言葉を続けた。;;;<0504> Peu importe. Le garde continua :
<0505> \{衛士}「母親は人心とまじわり、悪鬼となりはてた、と…」;;;<0505> Lorsque la mère prit connaissance de la nature humaine, elle se transforma en démon...
<0506> その晩。;;;<0506> Ce soir-là...
<0507> 不寝番を終え、詰め所にもどる途中だった。;;;<0507> Je regagnais le poste de garde, ma veillée achevée.
<0508> だれもが寝静まっているはずの本殿に、新たな灯がともされた。;;;<0508> Une nouvelle lumière s'était allumée dans le sanctuaire principal, où tout le monde aurait dû être endormi.
<0509> 不審に思い、近づいてみた。;;;<0509> Cela m'avait paru suspect, alors j'avais décidé d'y jeter un œil.
<0510> 起き出してきたのは、神奈だった。;;;<0510> C'était Kanna, qui s'était réveillée.
<0511> 小さな燭台をかたわらに置き、階段（きざはし）に腰かける。;;;<0511> Elle s'était assise sur les marches, un petit bougeoir posé à côté d'elle.
<0512> 神奈は月を見上げているようだった。;;;<0512> Elle semblait être en train de contempler la lune.
<0513> 冷たい月光に照りはえた頬が、白磁のようだった。;;;<0513> L'éclat blanc de ses joues sous un rayon de lune glacial évoquait la porcelaine.
<0514> \{柳也}「どうかしたか？」;;;<0514> Quelque chose ne va pas ?
<0515> \{神奈}「柳也どのか…」;;;<0515> Ah, c'est vous...
<0516> \{柳也}「まだ夜明けには間がある。身体にさわるから、早く寝ろ」;;;<0516> Il reste encore du temps avant l'aube, Va te coucher avant d'attraper un rhume.
<0517> \{神奈}「そなた、今日はひとりなのか？」;;;<0517> Vous êtes seul, aujourd'hui ?
<0518> 忠告を聞こうとせず、逆に質問を返してくる。;;;<0518> Faisant fi de mon conseil, elle me répondit par une question.
<0519> \{柳也}「夜番の者が物病（ものやみ）で、床から起きない。おかげで寝ずの番だ」;;;<0519> Le garde pour cette nuit est cloué au lit, souffrant. J'assure donc son service.
<0520> \{神奈}「そうか」;;;<0520> Je vois.
<0521> そのまま、神奈はだまってしまう。;;;<0521> Kanna se tut.
<0522> 俺はとっさに、声をかけられなくなった。;;;<0522> Tout à coup, les mots me manquèrent :
<0523> それほどまでに、表情がはかなげだったからだ。;;;<0523> Son expression avait quelque chose de si fragile.
<0524> \{神奈}「…柳也どのは、夢を見るか」;;;<0524> ... Ryuuya-dono, rêvez-vous ?
<0525> \{柳也}「夢か？」;;;<0525> Si je rêve ?
<0526> \{神奈}「そうだ」;;;<0526> Oui.
<0527> \{柳也}「たまにはな。昔のことをときおり見るくらいだ」;;;<0527> Ça m'arrive. De temps en temps, je rêve du passé.
<0528> \{神奈}「どんな夢か、聞かせてもらえぬか」;;;<0528> De quel genre de rêves s'agit-il ? Voulez-vous bien me le dire ?
<0529> 俺は昔見た夢をぼんやりと頭に浮かべた。;;;<0529> Des rêves que j'avais faits par le passé me revinrent à l'esprit :
<0530> \{柳也}「…旅の空のことだ」;;;<0530> ... Je rêve de mes pérégrinations.
<0531> \{柳也}「土地土地で会った人々や風物が、とりとめもなく現れる」;;;<0531> Je rêve des gens que j'ai rencontrés et des paysages que j'ai vus ici et là, qui se succèdent sans ordre particulier.
<0532> \{神奈}「旅か…。ひとりでか？」;;;<0532> Des voyages...? Seuls ?
<0533> \{柳也}「そうだ」;;;<0533> Oui.
<0534> \{神奈}「そうか」;;;<0534> Je vois.
<0535> 月光の下で、眉根がかすかにゆらぐ。;;;<0535> Les pointes de ses sourcils tremblèrent légèrement sous le clair de lune.
<0536> \{神奈}「その夢は楽しげなものか？」;;;<0536> Ces rêves, étaient-ils heureux ?
<0537> \{柳也}「…つらい夢だな。どちらかと訊かれれば」;;;<0537> ... Si tu me demandes, je te dirais qu'ils sont plutôt amers.
<0538> \{神奈}「つらい夢を見た後は、そなたはどんな心持ちになるのだ」;;;<0538> Après avoir fait un rêve amer, comment vous sentez-vous ?
<0539> \{柳也}「雨雲、かな」;;;<0539> Comme un nuage de pluie, ou quelque chose comme ça.
<0540> \{神奈}「雨雲？」;;;<0540> Qu'est-ce qu'un nuage de pluie ?
<0541> \{柳也}「降りだしそうな雨をかかえた雲だ」;;;<0541> Un nuage prêt à déverser la pluie qu'il transporte.
<0542> \{神奈}「ならば、どうやって追いはらうのだ」;;;<0542> Dans ce cas, comment les chassez-vous ?
<0543> \{柳也}「雨雲は時が流してくれるさ。ただ過ぎるのを待つだけだ」;;;<0543> Les nuages de pluie finissent par s'en aller. Il suffit d'attendre qu'ils passent.
<0544> \{神奈}「そうかもしれぬな」;;;<0544> C'est bien possible.
<0545> かすかにふくみ笑い、俺を見あげる。;;;<0545> Elle me regarda et sourit légèrement.
<0546> 燭台の照りかえしを受け、童子のような瞳がゆれる。;;;<0546> Ses prunelles enfantines oscillaient dans la lumière du bougeoir.
<0547> \{神奈}「長雨もあるが、その時はどういたす？」;;;<0547> Et si la pluie dure longtemps, que faut-il faire ?
<0548> \{柳也}「長雨か。そうだな…」;;;<0548> Si la pluie dure longtemps, hein...
<0549> \{柳也}「だれかに話し、うさを晴らすくらいのものだな」;;;<0549> J'ai juste à trouver quelqu'un et à lui parler pour dissiper mes angoisses.
<0550> \{神奈}「ならば、聞け」;;;<0550> Soit. Eh bien, parlez-moi.
<0551> \{神奈}「雨が降っておる」;;;<0551> Il pleut.
<0552> \{柳也}「俺には風雅な月夜に思えるが」;;;<0552> De mon point de vue, ça a tout d'un parfait clair de lune.
<0553> \{神奈}「たとえで申しておるのだ」;;;<0553> Faisons \bcomme si\u il pleuvait.
<0554> \{柳也}「………」;;;<0554> .........
<0555> 何も答えずにいると、ぶっきらぼうな声音が命じた。;;;<0555> Comme je ne répondais pas, elle m'ordonna d'une voix brusque :
<0556> \{神奈}「そこでは声が遠い。ちこう寄れ」;;;<0556> Je ne vous entends pas. Rapprochez-vous.
<0557> \{神奈}「だが、くっつくではないぞ」;;;<0557> Mais ne vous collez point à moi.
<0558> \{柳也}「わかっている。こんな夜更けに悪戯（わるふざけ）などしない」;;;<0558> Je sais bien. Il est trop tard pour moi faire ce genre de bêtise.
<0559> ごんっっ！;;;<0559> \bHop\u !!!
<0560> \{神奈}「やっておるではないかっ」;;;<0560> N'est-ce pas exactement ce que vous faites ?!
<0561> \{柳也}「暗くて見通せなかっただけだ」;;;<0561> Il fait trop sombre, je n'y vois rien.
<0562> \{神奈}「まったく、益体もない」;;;<0562> Bon sang, vous ne servez vraiment à rien.
<0563> \{柳也}「ここでいいだろ」;;;<0563> Et ici, c'est bon ?
<0564> \{神奈}「よい」;;;<0564> Bien.
<0565> 満足そうに頷く。;;;<0565> Elle hocha la tête d'un air satisfait.
<0566> 月を仰ぎ、そのまま語り出す。;;;<0566> Elle posa les yeux sur la lune et commença à parler :
<0567> \{神奈}「ちょうど、このような暗闇に、幼き日の余がすわっている」;;;<0567> J'étais très jeune, assise ici dans la pénombre comme je le suis présentement.
<0568> \{神奈}「なにも見えぬ。この身があるのかさえわからぬ」;;;<0568> Je ne voyais rien. Je n'étais même point sûre que mon corps existait.
<0569> \{神奈}「恐ろしくて、さびしくて、それでも泣くわけにいかぬ」;;;<0569> J'étais seule et terrifiée, mais je ne me laissais pas pleurer.
<0570> \{神奈}「助けてくれとわめくこともかなわぬ。そのような日々だ」;;;<0570> Je ne pouvais même point crier à l'aide. Ainsi se déroulaient ces jours-là.
<0571> 言葉を切り、だまって月を見つめる。;;;<0571> Elle marqua un temps d'arrêt et contempla la lune en silence.
<0572> \{神奈}「だが、ひとつだけ温かい光を見る時がある」;;;<0572> Seulement, j'apercevais de temps en temps une chaleureuse lumière :
<0573> \{神奈}「おぼろげに浮かぶ、人の姿だ」;;;<0573> La silhouette trouble de quelqu'un.
<0574> \{神奈}「近づくと、光は消えてしまう」;;;<0574> Si je m'en approchais, elle disparaissait.
<0575> \{神奈}「余は追いかけようとする」;;;<0575> Je tentais de lui courir après...
<0576> \{神奈}「いつも、そこで目が覚める」;;;<0576> ... et invariablement, je me réveillais.
<0577> \{神奈}「一度ではない。幾度も同じ夢を見る」;;;<0577> Ce rêve, je ne l'ai pas fait qu'une seule fois. Je l'ai fait et refait.
<0578> 話の内容とはうらはらに、神奈は笑顔だった。;;;<0578> En dépit de ses propos, Kanna souriait.
<0579> 笑顔には、凶相を払う力があるとされている。;;;<0579> On dit que les sourires ont le pouvoir de repousser la mauvaise fortune.
<0580> だとすれば、神奈の笑みは空蝉（うつせみ）にすぎなかった。;;;<0580> Si tel était le cas, alors ce sourire n'était rien qu'une coquille vide.
<0581> 永劫の闇をともす、温かな光。;;;<0581> Une chaude lueur qui dispersait les infinies ténèbres.
<0582> 求めても求めても、決して得られるはずのないもの。;;;<0582> Désirée, tant désirée. Mais inatteignable.
<0583> \{神奈}「柳也どのには、だれかわかるか？」;;;<0583> Sauriez-vous de qui il pourrait d'agir ?
<0584> \{柳也}「神奈の母君（ははぎみ）だろう」;;;<0584> Serait-ce ta mère ?
<0585> おそらく神奈は、その答えを予期していたのだろう。;;;<0585> Kanna devait s'attendre à cette réponse.
<0586> 風が吹きわたり、燭台の炎をゆらした。;;;<0586> Un courant d'air fit vaciller la flamme du bougeoir.
<0587> 黒々とした神奈の髪が、闇を払うようにふくらんだ。;;;<0587> Ses cheveux noir de jais dansèrent comme pour chasser l'obscurité.
<0588> \{神奈}「…余は、母の顔など覚えておらぬぞ」;;;<0588> ... Je ne me souviens pas du visage de ma mère.
<0589> \{柳也}「夢ってのは、どこかで見た景色を思い出しているんだ」;;;<0589> Un rêve, c'est le souvenir d'une scène que tu as déjà vue.
<0590> \{柳也}「だから、覚えていなくても見ることはある」;;;<0590> De fait, tu peux parfois rêver de choses que tu as oubliées.
<0591> \{神奈}「…どこかで見た景色？」;;;<0591> ... D'une scène que j'ai déjà vue ?
<0592> 神奈が首をかしげる。;;;<0592> Kanna pencha la tête sur le côté.
<0593> \{柳也}「神奈も、母君から産まれたんだろ？」;;;<0593> Toi aussi, tu es née d'une mère, non ?
<0594> \{柳也}「いつ離れたのか知らないが、お前は忘れてないんだ」;;;<0594> Peu importe la durée de votre séparation, tu ne l'oublieras jamais.
<0595> そう言ってなお、自分の笑みが苦かった。;;;<0595> Je conclus ces mots par un sourire amer.
<0596> 俺は親の顔を知らない。;;;<0596> Moi, je ne connaissais pas le visage de mes parents.
<0597> 夢枕に現れたこともない。;;;<0597> Ils ne m'apparaissaient jamais en rêve.
<0598> だが、神奈は笑った。;;;<0598> Kanna sourit simplement.
<0599> \{神奈}「我が身が覚えておるのか」;;;<0599> Donc mon corps se rappelle.
<0600> 自分の胸元に、そっと手のひらをあてる。;;;<0600> Ses mains vinrent se poser sur sa poitrine.
<0601> \{神奈}「ならば、悪い夢というわけでもないの」;;;<0601> Dans ce cas, ce n'étaient pas de mauvais rêves, après tout.
<0602> また、風が吹く。;;;<0602> Le vent se levait à nouveau.
<0603> 折り込まれた事実のように、沈黙が過ぎていく。;;;<0603> Le silence s'installait dans cette sorte de réalité hermétique.
<0604> 不意に、神奈が言った。;;;<0604> Kanna s'exprima tout à coup :
<0605> \{神奈}「逢いたい…」;;;<0605> Je veux la voir...
<0606> \{神奈}「そう想うのは、我が身には過分なことか」;;;<0606> Est-ce trop demander de désirer cela ?
<0607> だれに聞かせるでもないつぶやき。;;;<0607> Un murmure destiné à personne d'autre qu'elle-même.
<0608> 俺は何も言えず、おしだまるしかない。;;;<0608> N'ayant rien à ajouter, je n'avais pas d'autre choix que rester muet.
<0609> \{神奈}「よい。そなたのせいではない」;;;<0609> C'est bon. Ce n'est pas votre faute.
<0610> 雰囲気を察したのか、神奈は慰めを言った。;;;<0610> Sentant que j'étais préoccupé, Kanna m'offrit des mots réconfortants.
<0611> \{神奈}「柳也どのは、己の責務を果たしておるだけだ」;;;<0611> Vous ne faites que votre devoir.
<0612> \{柳也}「ああ…」;;;<0612> Ouais...
<0613> \{神奈}「余も己の責務を果たすとしようぞ。寝間に戻る」;;;<0613> À mon tour de répondre à l'appel du devoir et de regagner mes quartiers.
<0614> 俺は一礼し、詰め所へと歩を進める。;;;<0614> Je la saluai et me mis à marcher en direction de la salle des gardes.
<0615> だが、背後の気配はいっこうに動かない。;;;<0615> Seulement, je ne sentis aucun mouvement derrière moi.
<0616> 振り向くと、神奈が立ちつくしていた。;;;<0616> Je me retournai, et vis que Kanna n'avait pas bougé.
<0617> \{柳也}「どうした？」;;;<0617> Quelque chose ne va pas ?
<0618> 答えはない。;;;<0618> Pas de réponse.
<0619> \{柳也}「さびしいのか？」;;;<0619> Tu te sens seule ?
<0620> 月光の加減なのか、瞳はうるんでいるようにも見える。;;;<0620> Peut-être était-ce dû au clair de lune, mais ses yeux paraissaient humides.
<0621> \{柳也}「泣いているのか？」;;;<0621> Tu pleures ?
<0622> \{神奈}「ひとりは、つらい」;;;<0622> C'est dur, d'être seule.
<0623> \{神奈}「これほどまでにつらいとは、思うたことがない」;;;<0623> Je n'aurais jamais imaginé que ce le soit autant.
<0624> \{神奈}「守護、大儀である」;;;<0624> J'apprécie votre protection.
<0625> その一言を残して、神奈は寝所へと消えていった。;;;<0625> Ces quelques mots prononcés, Kanna disparut dans sa chambre.
<0626> 翌朝。;;;<0626> Le lendemain matin.
<0627> 出仕の前の打ち合わせの時だった。;;;<0627> Nous étions en train de discuter du travail de la journée.
<0628> 上役は、思ってもいなかったことを伝えた。;;;<0628> Nos supérieurs nous avaient fait parvenir un ordre imprévu :
<0629> \{役人}「…神奈備命は五穀豊穣の願を唱えるべく、北の社にところを移すことにあいなった」;;;<0629> ... Il a été décidé que Kannabi no Mikoto sera déplacée dans un sanctuaire plus au nord, où elle priera pour des récoltes abondantes.
<0630> \{役人}「出立は土用の入り、大暑と定める」;;;<0630> Le départ est fixé au début de la saison estivale, au moment où la chaleur sera à son apogée.*
<0631> \{役人}「みな、次の命（めい）が下るまで万端につとめよ」;;;<0631> Que tout le monde vaque à ses devoirs jusqu'à nouvel ordre.
<0632> 以上である、としめくくりかけた時、ようやく事の重大さが飲みこめた。;;;<0632> C'est au moment où ce discours toucha à sa fin que je saisis la gravité de la situation.
<0633> 神奈をここから別の社に移す、というのだ。;;;<0633> Kanna déménagerait pour s'installer dans un autre sanctuaire.
<0634> 俺にはまったく寝耳に水の話だった。;;;<0634> Cette nouvelle me prit complètement au dépourvu.
<0635> \{柳也}「質疑がある」;;;<0635> J'ai une question.
<0636> \{役人}「申してみよ」;;;<0636> Parlez-donc.
<0637> \{柳也}「われらも、神奈備命につき従い、あらたな社へおもむくのか？」;;;<0637> Allons-nous, nous aussi, suivre Kanabi no Mikoto et nous rendre au nouveau sanctuaire ?
<0638> \{役人}「いや、荘園の世話もせねばならん。われらはすべて残り、開墾の指示に従ずる事になる」;;;<0638> Non. Ce domaine a besoin de main d'œuvre. Nous resterons ici pour nous atteler au défrichage.
<0639> 周囲の者たちが安堵の息を漏らした。;;;<0639> Tout le monde autour de moi laissa échapper un soupir rassuré.
<0640> 俺のような無頼者をのぞけば、ほとんどが百姓の出だ。;;;<0640> Contrairement à la canaille que j'étais, eux étaient pour la plupart de simples paysans.
<0641> もとより、翼人の警護を納得している者などいない。;;;<0641> Depuis le départ, la protection d'Êtres Ailés ne les motivait guère.
<0642> \{柳也}「納得できぬ。翼人を守護せよとの命を受け、ここに赴（おもむ）いたのだ」;;;<0642> Je ne peux pas accepter cela. J'ai reçu l'ordre de protéger un Être Ailé, et c'est pour cela que je me suis rendu ici.
<0643> \{役人}「その命は撤回される」;;;<0643> Cet ordre est désormais caduc.
<0644> \{柳也}「なにゆえに？」;;;<0644> Pour quelle raison ?
<0645> \{役人}「先ほど申したであろうが」;;;<0645> Ne vous l'ai-je pas déjà expliqué ?
<0646> 不毛なやり取りが続けられた。;;;<0646> Cet échange stérile continua encore quelque temps.
<0647> だが、俺の意向は受けつけられなかった。;;;<0647> Pour rien, puisque mes intentions furent rejetées.
<0648> 守護役ではただひとり、毛並みのちがう俺を応援する者はいなかった。;;;<0648> Étant le seul chargé de la protection de Kanna, et n'étant pas de la même race qu'eux, personne ne me soutint.
<0649> 通達が済み、一日の仕事がはじまろうとしている。;;;<0649> Cette communication achevée, la journée de travail pouvait commencer.
<0650> それにもかかわらず、俺は神奈の元へと走っていた。;;;<0650> Toutefois, je courus directement à la rencontre de Kanna.
<0651> \{柳也}「神奈、聞いたか？」;;;<0651> Kanna, t'as entendu ?
<0652> \{神奈}「騒々しいの。何用だ」;;;<0652> Vous en faites du bruit. De quoi s'agit-il ?
<0653> \{柳也}「騒々しくもなる。おまえが北の社に移ると、通達があった」;;;<0653> Et le bruit ne va pas s'arrêter. Il a été décidé que tu seras transférée dans un sanctuaire plus au nord.
<0654> \{神奈}「ほう、もうそのような時期か」;;;<0654> Oh, c'est déjà la saison ?
<0655> 神奈は驚きもせずに答えた。;;;<0655> Sa réponse ne recelait aucune trace de surprise.
<0656> \{柳也}「どういうことだ？」;;;<0656> Qu'est-ce que cela signifie ?
<0657> \{神奈}「毎年そういったことがあるからの」;;;<0657> Cela arrive tous les ans.
<0658> \{柳也}「しかし、俺は今朝まで知らなかった」;;;<0658> Sauf qu'avant ce matin, je n'en savais rien.
<0659> 着任の時、俺の任期は決められていなかった。;;;<0659> Le terme de mes fonctions n'avait pas été spécifié lors de mon arrivée ici.
<0660> 事情をたしかめなかった己のうかつさを呪った。;;;<0660> Je ne peux m'en vouloir qu'à moi-même pour ne pas l'avoir clarifié d'entrée de jeu.
<0661> しかし、俺がいきり立ったところで、決定を変えられるものではない。;;;<0661> Enfin, m'énerver n'y changera rien.
<0662> \{神奈}「決まりは決まりだ。柳也どのにどうなるものでもあるまい」;;;<0662> Les règles sont les règles. Il n'y a rien que vous puissiez faire.
<0663> 俺の心中がわかったのか、神奈が皮肉まじりに言った。;;;<0663> Le cynisme mêlé à ses propos suggérait qu'elle savait lire dans mes pensées.
<0664> \{柳也}「だからといって、この処遇はあまりに…」;;;<0664> C'est peut-être vrai, mais te traiter comme ça...
<0665> \{神奈}「随身（ずいじん）は別に定め、社の者はここに残る…であろ？」;;;<0665> Une nouvelle escorte me sera assignée, et les gardes présents dans ce sanctuaire y resteront, c'est cela ?
<0666> \{柳也}「知ってたのか？」;;;<0666> Tu le savais ?
<0667> \{神奈}「いつものことであるからの」;;;<0667> Cela a toujours été ainsi.
<0668> 呑気をよそおい、虚ろに笑う。;;;<0668> Elle sourit d'un air vide pour prétendre l'indifférence.
<0669> \{神奈}「ここで別れだ。出立はいつ頃となっておる？」;;;<0669> C'est ainsi que nous nous séparerons. Quand est-ce qu'est prévu le départ ?
<0670> \{柳也}「土用の大暑」;;;<0670> Au moment où la chaleur sera à son apogée.
<0671> \{神奈}「とすると、そう日もないの」;;;<0671> Il ne reste donc que peu de jours.
<0672> \{柳也}「いいのか？」;;;<0672> Ça te convient ?
<0673> 俺の問いかけに、神奈の瞳が動いた。;;;<0673> Ses yeux tremblèrent en réponse à ma question.
<0674> \{神奈}「なにがであるか」;;;<0674> Que voulez-vous dire ?
<0675> \{柳也}「離ればなれになってもいいのか、と訊いてる」;;;<0675> Je te demande si ça te convient de tout laisser derrière toi.
<0676> \{神奈}「仕方ないであろ」;;;<0676> C'est inévitable.
<0677> 返事はまるで別人のように生気に欠けている。;;;<0677> Sa réponse manquait de vivacité. On aurait dit que quelqu'un d'autre avait parlé à sa place.
<0678> \{柳也}「裏葉とも、俺とも離れるんだぞ？」;;;<0678> Ça te convient de perdre Uraha et moi ?
<0679> \{神奈}「ほう、そなたは余と離れたくないか？」;;;<0679> Ooh ? Alors vous ne voulez pas que je parte ?
<0680> ささくれ立った声音で挑発する。;;;<0680> Elle tenta de me provoquer de sa voix incisive.
<0681> せいいっぱいの虚勢は、俺にはただ痛々しいだけだった。;;;<0681> Ce faux-semblant ne fit qu'ajouter à ma peine.
<0682> \{神奈}「先でも、変わり者はおる」;;;<0682> Je trouverai bien des gens curieux, là-bas.
<0683> \{柳也}「俺と裏葉はいない」;;;<0683> Ce seront ni moi, ni Uraha.
<0684> \{神奈}「うぬぼれるでないっ！  それほど余が弱く見えるかっ！」;;;<0684> Cessez d'être aussi orgueilleux !! Ai-je vraiment l'air si fragile ?!!
<0685> \{柳也}「………」;;;<0685> .........
<0686> \{神奈}「おぬしがおらずとも、余は生きてゆける」;;;<0686> Je saurai me débrouiller pour vivre, même sans vous.
<0687> それは、はじめて会った時に聞いた言葉だ。;;;<0687> Elle avait prononcé ces mots lors de notre première remontre :
<0688> 『余はひとりでも生きてゆけるぞ』;;;<0688> Je peux bien me débrouiller seule pour vivre...
<0689> そう言いはなった神奈のもうひとつの素顔を、俺は知ってしまった。;;;<0689> J'avais ainsi découvert le visage sans fard de Kanna.
<0690> 月光の下で俺に垣間見せた、意外なほどのもろさ。;;;<0690> Une fragilité inattendue entr’aperçue sous le clair de lune.
<0691> あの時すでに、神奈は悟っていたのだろう。;;;<0691> Kanna avait dû le réaliser à ce moment-là :
<0692> いずれ自分がひとりで旅立つことを。;;;<0692> Le jour viendra où elle devrait s'en aller, seule.
<0693> \{柳也}「強がるな」;;;<0693> Arrête de prétendre être plus forte que tu ne l'es réellement.
<0694> \{神奈}「何だとっ」;;;<0694> Que dites-vous ?
<0695> \{柳也}「さびしかったんじゃないのか？」;;;<0695> Tu ne te sens pas seule ?
<0696> \{神奈}「ちがう」;;;<0696> Non.
<0697> \{柳也}「なら、なぜ俺に胸の内を明かした？」;;;<0697> Alors pourquoi m'as-tu ouvert ton cœur ?
<0698> \{柳也}「さびしいから、母君に逢いたいんじゃないのか？」;;;<0698> Ne voulais-tu pas rencontrer ta mère pour vaincre ta solitude ?
<0699> \{神奈}「そうは申しておらぬ！」;;;<0699> Je n'ai jamais dit cela !
<0700> \{神奈}「望んでも逢えぬものは、詮無（せんな）いことと申しておるのだ」;;;<0700> Peu importe à quel point nous le désirons, ce que l'on ne peut obtenir est sans importance.
<0701> \{柳也}「なぜ逢えないと決めつける？」;;;<0701> Qu'est-ce qui te fait dire qu'on ne peut l'obtenir ?
<0702> \{柳也}「お前の母君は死んだのか？」;;;<0702> Ta mère, elle est morte ?
<0703> 一瞬で神奈の顔色が変わった。;;;<0703> En un instant, son teint vira du tout au tout.
<0704> \{神奈}「死んでなどおらぬ！」;;;<0704> Elle n'est pas morte !
<0705> \{柳也}「なぜそう言い切れる？」;;;<0705> Qu'est-ce qui t'en rend si certaine ?
<0706> \{神奈}「死んでなどおらぬっ。そのようなはずがない！」;;;<0706> Elle n'est pas morte ! C'est impossible !
<0707> 頬を真っ赤にし、駄々っ子のように首を振る。;;;<0707> Ses joues virèrent au cramoisi, et elle secoua la tête tel un enfant trop gâté.
<0708> 神奈の気持ちは俺にもわかった。;;;<0708> Je comprenais ce qu'elle ressentait.
<0709> 夢の中で見た、淡く温かい光。;;;<0709> Cette faible et chaleureuse lueur qu'elle voyait dans ses rêves.
<0710> それさえもが幻だとしたら。;;;<0710> Même s'il ne s'agissait que d'une illusion...
<0711> \{神奈}「母上はかならず…」;;;<0711> Ma mère est, assurément...
<0712> \{神奈}「かならず、どこかで余のことを…」;;;<0712> Assurément quelque part, en train de penser à moi...
<0713> そこから先は、言葉が続かなかった。;;;<0713> Elle ne continua pas sa phrase.
<0714> 崩れそうになった威厳を、袖でおおい隠した。;;;<0714> Elle dissimula sa dignité qui s'effritait derrière ses manches.
<0715> \{神奈}「去れっ。顔も見とうない」;;;<0715> Partez ! Je ne veux plus vous voir !
<0716> 俺は黙礼して、神奈の座敷を辞した。;;;<0716> Je la saluai en silence, et quittai la pièce à tatami.
<0717> いれちがいに現れた女官が、驚いてこちらを振り向く。;;;<0717> Je passai une dame de compagnie, laquelle se retourna, surprise.
<0718> 怒気は消しようがなかった。;;;<0718> Ma fureur ne se calmait pas.
<0719> 自分がなにに怒っているのか、よくわからなかった。;;;<0719> Je n'avais pas la moindre idée ce qui m'agaçait autant.
<0720> 夜番の交代前に、俺は裏葉を訪ねた。;;;<0720> Avant de commencer mon tour de nuit, je passai voir Uraha.
<0721> ちらかった部屋の中で、忙しくばたばたと立ち働いていた。;;;<0721> Elle s'affairait avec agitation dans une chambre sens dessus dessous.
<0722> \{柳也}「何をしてる？」;;;<0722> Qu'est-ce que tu fais ?
<0723> びくりと肩を震わせ、こちらを振り向く。;;;<0723> Ses épaules tremblèrent de surprise, puis elle se tourna vers moi.
<0724> 声の主が俺だとわかると、裏葉は緊張をといた。;;;<0724> Sa nervosité disparut lorsqu'elle vit que cette voix était la mienne.
<0725> \{裏葉}「ただいま取りこみ中でございます。ご用件はのちほど」;;;<0725> Je suis actuellement occupée. Veuillez attendre.
<0726> にべもなく言う。;;;<0726> répondit-elle sèchement.
<0727> 裏葉は旅支度をしているようだった。;;;<0727> Elle semblait s'atteler à la préparation d'un grand départ.
<0728> 黒塗りの背負いつづらに、たたんだ着物をぎゅうぎゅうとつめこんでいる。;;;<0728> Des kimonos étaient entassés dans une malle noire pleine à craquer.
<0729> \{柳也}「おい」;;;<0729> Hé.
<0730> \{裏葉}「放っておいてくださいませ」;;;<0730> Je vous prie de me laisser seule.
<0731> \{柳也}「どこかに行くのか？」;;;<0731> Tu t'en vas quelque part ?
<0732> \{裏葉}「ええ、そうでございますとも」;;;<0732> C'est exact.
<0733> きっとした表情には、強い怒りがただよっている。;;;<0733> La fureur se lisait sur son visage déterminé.
<0734> \{裏葉}「なぜ、神奈さまとお別れせねばならないのですか」;;;<0734> Pourquoi dois-je être séparée de Kanna-sama ?
<0735> \{柳也}「聞いたのか？」;;;<0735> T'es au courant ?
<0736> \{裏葉}「お仕えして、まだ半年も過ぎてはおりませぬ」;;;<0736> Cela ne fait pas encore six mois que je suis à son service.
<0737> \{裏葉}「これからと思っておりましたのに、この仕打ちは理不尽にすぎます」;;;<0737> Je l'avais certes envisagé, mais je suis outrée de ce traitement.
<0738> \{柳也}「ついていく気か？」;;;<0738> Tu comptes y aller avec elle ?
<0739> \{裏葉}「あたりまえではございませんか」;;;<0739> N'est-ce pas évident ?
<0740> なぜわからないのか、そう言いたげだった。;;;<0740> Son intonation semblait sous-entendre que cela aurait dû m'être évident.
<0741> \{柳也}「出立まで時間がないとはいえ、今日明日に出るわけじゃないぞ」;;;<0741> Je sais que le départ est pour bientôt, mais il reste encore quelques jours.
<0742> \{裏葉}「ですから、その前にお連れするのではありませんか」;;;<0742> C'est justement pour cela que je la prendrai avec moi, avant ça.
<0743> \{柳也}「逃げる気か？」;;;<0743> Tu comptes t'enfuir avec elle ?
<0744> 俺は呆れ果てた。;;;<0744> J'étais abasourdi.
<0745> 逃げればどうなるかぐらい、それこそ幼子（おさなご）でもわかる。;;;<0745> Même un nourrisson sait bien que s'enfuir est futile.
<0746> \{柳也}「女の足で逃げきれるほど、守りは甘くないはずだ」;;;<0746> Les gardes ne sont pas laxistes au point de laisser des femmes s'enfuir à pied.
<0747> \{裏葉}「これでも足は達者（たっしゃ）ですので、ご心配は無用でございます」;;;<0747> Mes pieds sont bien assez robustes pour cela. Ne vous inquiétez pas pour moi.
<0748> 溜息がもれた。;;;<0748> Je poussai un soupir.
<0749> どうも最近多くなっているような気がする。;;;<0749> Cela m'arrivait beaucoup, ces temps-ci.
<0750> \{柳也}「ひとつだけ訊いていいか？」;;;<0750> Je peux te demander \bune\u chose ?
<0751> \{裏葉}「なんでございましょう？」;;;<0751> Qu'est-ce ?
<0752> \{柳也}「なぜそれほどまで神奈のことを案ずる？」;;;<0752> Pourquoi t'inquiètes-tu autant pour Kanna ?
<0753> \{裏葉}「同じことを、わたくしも柳也さまに訊きとうございます」;;;<0753> Je pourrais vous demander la même chose, Ryuuya-sama.
<0754> にっこりと問いかえされ、思わず言葉をうしなう。;;;<0754> Sa réponse, accompagnée d'un sourire, me laissa sans voix.
<0755> \{柳也}「なぜだろうな…」;;;<0755> Bonne question...
<0756> \{柳也}「…強いて言うなら」;;;<0756> ... Si je n'avais pas le choix...
<0757> \{裏葉}「強いて言うなら？」;;;<0757> Si vous n'aviez pas le choix ?
<0758> \{柳也}「あいつほど、からかいがいのある奴はいない」;;;<0758> Personne d'autre qu'elle n'est aussi plaisante à taquiner.
<0759> \{裏葉}「…で、ございますよね」;;;<0759> ... N'est-ce pas ?
<0760> 声をそろえ、二人して笑う。;;;<0760> Nous rîmes tous les deux, à l'unisson.
<0761> \{柳也}「先日の未明のことだ」;;;<0761> Il s'est passé quelque chose l'autre jour, à l'aube.
<0762> \{裏葉}「はい？」;;;<0762> C'est-à-dire ?
<0763> \{柳也}「神奈が月を見ていた」;;;<0763> Kanna était en train de regarder la lune.
<0764> \{柳也}「母親に逢いたい、そう言っていた」;;;<0764> Elle m'a dit qu'elle voulait rencontrer sa mère.
<0765> \{裏葉}「…そうでございましたか」;;;<0765> ... Ah bon...
<0766> \{裏葉}「わたくしが拝聴しましたのも、つい最近です」;;;<0766> Je ne l'ai appris que très récemment.
<0767> \{裏葉}「神奈さまは本当に、柳也さまをお気に入られたのですわ」;;;<0767> Kanna-sama vous apprécie donc beaucoup.
<0768> \{柳也}「からかわれただけかもしれないぞ」;;;<0768> C'est juste qu'elle aime bien me provoquer.
<0769> \{裏葉}「それはございません」;;;<0769> Ce n'est pas vrai.
<0770> 自信たっぷりに言う。;;;<0770> dit-elle, sûre d'elle.
<0771> \{裏葉}「神奈さまは苛烈な性質（たち）であらせられますので、気に入らぬ者には見向きもされません」;;;<0771> Kanna-sama est d'un caractère bien trop sévère pour accorder la moindre attention à ceux qu'elle n'apprécie guère.
<0772> \{柳也}「そうか」;;;<0772> Ah bon.
<0773> そこで、出仕の時刻を過ぎていたことに気づいた。;;;<0773> Je remarquai alors que j'étais sur le point de manquer la relève.
<0774> \{柳也}「長居しすぎたようだ。夜番に行ってくる」;;;<0774> Je suis resté trop longtemps. Je pars pour mon tour de nuit.
<0775> \{裏葉}「はい、お気をつけ下さいませ」;;;<0775> D'accord. Faites attention à vous.
<0776> 部屋を出ようとしたところで、大切なことを思い出した。;;;<0776> Alors que j'étais sur le point de quitter la pièce, quelque chose de très important me revint en mémoire.
<0777> 床にちらかった装束のたぐいを指さし、声を落として伝える。;;;<0777> Je désignai du doigt les vêtements d'Uraha éparpillés au sol, et lui dis tout bas :
<0778> \{柳也}「悪いようにはしないから、自重（じちょう）しておいてくれ」;;;<0778> Je ne tairai, alors ne fais rien d'inconsidéré.
<0779> \{裏葉}「なにをなさるおつもりですか？」;;;<0779> Vous comptez faire quelque chose ?
<0780> \{柳也}「いや、ちょっとした約束を取りつけるだけだ」;;;<0780> Nan. Je compte seulement tenir une promesse.
<0781> \{裏葉}「神奈さまの御為（おんため）に、ですか？」;;;<0781> Vous faites cela pour Kanna-sama ?
<0782> \{柳也}「いや、自分のためにさ」;;;<0782> Nan, pour moi.
<0783> \{裏葉}「ご自分のために、ですか？」;;;<0783> Pour vous-même ?
<0784> 俺はなにも答えず、ただ笑ってみせた。;;;<0784> En guise de réponse, je me contentai d'un sourire.
<0785> 神奈に会う機会は、なかなか訪れなかった。;;;<0785> J'aurais du mal à voir Kanna.
<0786> 『自重しろ』と言った手前、裏葉の助けは借りたくない。;;;<0786> Après lui avoir dit de rester raisonnable, je ne pouvais plus quémander l'aide d'Uraha.
<0787> 適当な理由をつくり、座敷に日参するが、そのたびに女官にとめられた。;;;<0787> J'avais beau trouver des prétextes pour essayer de rendre visite à Kanna tous les jours ou presque, une dame de compagnie me retenait à chaque fois.
<0788> \{女官}「神奈備様にあらせられましては、本日は御気分がすぐれないとのこと」;;;<0788> Kannabi-sama est indisposée à voir qui que ce soit aujourd'hui.
<0789> \{柳也}「あいわかった」;;;<0789> Je comprends.
<0790> \{柳也}「まだ臍（へそ）を曲げているのか…」;;;<0790> Serait-elle toujours en train de bouder...?
<0791> \{女官}「はあ？」;;;<0791> Hein ?
<0792> \{柳也}「いや、何でもない」;;;<0792> Nan, faites pas attention.
<0793> あわててごまかし、俺は詰め所に引き返した。;;;<0793> Je regagnai en vitesse, confus, le poste de garde.
<0794> 神奈への目通りもかなわず、日々がすぎていく。;;;<0794> Les jours passaient sans que j'arrivasse à croiser Kanna.
<0795> 守護の任が終わるというしらせは、社殿全体の緊張を取りはらっていた。;;;<0795> L'annonce de la fin de notre mission de protection avait dissipé la tension qui régnait dans l'ensemble du sanctuaire.
<0796> 社中の者たちはみな、憑き物が落ちたように笑い、冗談をかわしあう。;;;<0796> Tous échangeaient des plaisanteries et riaient comme des possédés
<0797> 神奈が社殿を去る三日前。;;;<0797> Il restait trois jours avant le départ de Kanna.
<0798> 上役が辺りをはばかるように声をひそめ、言った。;;;<0798> Mon supérieur s'approcha, baissa la voix comme s'il craignait d'être entendu, et me dit :
<0799> \{役人}「一両日中に、この社殿および神奈備命に関する文書、文消息（もんじょ、ふみしょうそく）のたぐいをすべて集めよ」;;;<0799> Dans les deux jours, rassemblez tous les documents et lettres concernant Kannabi no Mikoto.
<0800> \{柳也}「つまり、神奈備様が出立される前に、と？」;;;<0800> En d'autres termes, il faut que ce soit fait avant le départ de Kannabi-sama ?
<0801> \{役人}「よけいな詮索は無用」;;;<0801> Ne posez pas de questions inutiles.
<0802> \{柳也}「それはなにゆえに？」;;;<0802> Et pourquoi cela ?
<0803> なおも食いさがろうとした俺に、上役はにべもなく言いすてた。;;;<0803> Face à mon insistance, mon supérieur se contenta de me rabrouer.
<0804> \{役人}「貴殿は知らずともよいことだ」;;;<0804> Vous n'avez pas besoin de le savoir.
<0805> 廊下を歩きながら、俺はあることを考え続けていた。;;;<0805> Tandis que je traversais l'allée, toutes sortes de pensées fusèrent dans mon esprit :
<0806> 手薄すぎる警護。;;;<0806> - Les effectifs bien trop insuffisants pour la garde de l'endroit.
<0807> 士気が落ちるままにまかせ、訓練さえしなかった上役。;;;<0807> - Les supérieurs qui ne prenaient pas la peine de les entraîner en dépit de lu moral catastrophique.
<0808> 神奈が去るのと時を合わせて集められる文書のたぐい…;;;<0808> - Les documents à collecter avant le départ de Kanna...
<0809> 神奈の異動を知った日から感じていたきざしが、俺の中で確信に変わっていった。;;;<0809> Le pressentiment que j'avais pu ressentir depuis le jour de l'annonce du transfert de Kanna s'était transformé en certitude :
<0810> これには何か裏がある、と。;;;<0810> Il y a quelque chose derrière tout ça.
<0811> 大暑の前日。;;;<0811> La veille du jour le plus chaud...
<0812> その日の仕事を終え、俺は私室に引き籠もった。;;;<0812> Après avoir terminé mon travail pour la journée, je m'étais confiné dans mes quartiers privés.
<0813> 明日、神奈はこの社殿を去る。;;;<0813> Le lendemain, Kanna quitterait le sanctuaire.
<0814> 随身も餞（はなむけ）もない、さびしい出立だ。;;;<0814> Ce serait un départ bien solitaire, sans personne à sa suite, ni même un cadeau de départ.
<0815> 向かう先がどこなのか、俺は知るはずもない。;;;<0815> Je ne savais même pas où elle s'en irait.
<0816> 衝立（ついたて）をまくように、湿り気を帯びた風が入ってきた。;;;<0816> Une brise humide pénétra la pièce à travers le tsuitate*.
<0817> 夜半から雨になるな。そう思った。;;;<0817> Cette humidité semblait annoncer de la pluie, sans doute pour le milieu de la nuit.
<0818> \{柳也}「………」;;;<0818> .........
<0819> 枕元に置いている長太刀を持ちあげ、すらりと刀身をさらした。;;;<0819> Je ramassai mon sabre posé juste à côté et le dégainai.
<0820> 銀色をした刃が、薄闇を吸うのがわかる。;;;<0820> Le fil de la lame argentée semblait absorber la pénombre.
<0821> 今夜の手順を心中で整理してみる。;;;<0821> Je retournais le plan pour la nuit dans ma tête.
<0822> 準備は万端にととのえてある。;;;<0822> Tout était prêt.
<0823> 邪念が忍び寄ってくる。;;;<0823> De mauvaises pensées s'insinuaient dans mon esprit.
<0824> 馬鹿げたことをしているぞ、頭の中でそうささやく声がある。;;;<0824> Elles me susurraient que ce plan était absurde.
<0825> なぜ自ら重荷を背負おうとする？  そうせせら笑う。;;;<0825> Elles se moquaient de moi : 'quel genre de fardeau souhaites-tu t'infliger ?'
<0826> お前はひとりで生きてきたのだ。これからもひとりで生きよ、と…;;;<0826> 'Tu t'es débrouillé seul jusque-là. Tu devrais continuer sur cette voix...'
<0827> 両眼を閉じ、刃を鞘におさめる。;;;<0827> Je fermai les yeux et rengainai mon sabre.
<0828> かちん。;;;<0828> \bDing\u.
<0829> 切羽（せっぱ）が澄んだ音を立て、心は決まった。;;;<0829> Au moment où sa garde vint faire ce bruit clair, ma résolution fut prise.
<0830> 行動を起こしたのは、日没から半刻ほどあとだった。;;;<0830> Mon plan fut amorcé environ une demi-heure après le coucher du soleil.
<0831> \{衛士}「衛門さま、ご苦労様でございます」;;;<0831> Bonsoir, Emon-sama.
<0832> \{柳也}「ああ、ご苦労さん」;;;<0832> Ouais, bonsoir.
<0833> 宿直（とのい）の衛士が充分に遠ざかってから、気づかれないよう殿内に入る。;;;<0833> Une fois que le garde de nuit se fut suffisamment éloigné de l'entrée principale, je pénétrai sans se faire remarquer dans la résidence.
<0834> 目指すのは、神奈の寝所だった。;;;<0834> Ma destination n'était autre que la chambre de Kanna.
<0835> 無謀なことをしているのは、自分でもわかっていた。;;;<0835> J'avais bien conscience que ce que je faisais était inconsidéré.
<0836> 神奈の寝所に入れる者は、裏葉を含めた数人の女官だけだ。;;;<0836> Les seules personnes autorisées à y entrer étaient Uraha et ses autres dames de compagnie.
<0837> 昼間ならごまかしようもあるが、夜ではそうもいかない。;;;<0837> Encore durant la journée, cela aurait été excusable, mais pas de nuit.
<0838> 発覚すればこの場で首が飛ぶ。;;;<0838> Si jamais j'étais découvert, des têtes risqueraient de tomber.
<0839> 罷免（ひめん）という意味ではなく、ほんものの俺の生首が、だ。;;;<0839> Et ce, non pas au sens d'être simplement démis de mes fonctions. Ma tête quitterait littéralement le reste de mon corps.
<0840> 足音をころし、慎重に歩みを進める。;;;<0840> Je progressais à pas de loups, maintenant pas prudence à chaque pas.
<0841> だれにも見つかることなく、神奈の御座に入ることができた。;;;<0841> J'atteignis finalement la chambre de Kanna sans que l'on me découvrît.
<0842> 夜風が入りやすいように、簾（す）は降ろしてはいない。;;;<0842> Des sudares avaient été érigés pour empêcher la brise nocturne d'arriver jusqu'ici.
<0843> かわりに、屏風（びょうぶ）を立てており、外からは見えないようになっていた。;;;<0843> Des byōbus* se trouvaient là pour que la pièce restât dissimulée de l'extérieur.
<0844> 明かりが漏れていた。;;;<0844> On pouvait voir de la lumière à l'intérieur.
<0845> 寝所に歩を進める。;;;<0845> Je marchai jusqu'à l'endroit où elle dormait.
<0846> 思った通り、燈台の火がともっていた。;;;<0846> Comme je m'y attendais, les luminaires étaient allumés.
<0847> きっと、遅くまで寝つけずにいたのだろう。;;;<0847> Kanna aura veillé tard.
<0848> 枕元にかがみこみ、耳元でささやいてみる。;;;<0848> Je me penchai au-dessus d'elle et lui murmurai à l'oreille :
<0849> \{柳也}「…おい、神奈。起きろ」;;;<0849> ... Hé, Kanna. Réveille-toi.
<0850> 夜具の下の体がごそごそと動いた。;;;<0850> Son corps remua sous ses draps.
<0851> 面倒くさそうに寝返りを打とうとして、気配に気づいた。;;;<0851> Elle fit mine de se retourner dans son sommeil, comme irritée, puis réalisa enfin ma présence.
<0852> 瞳が薄くひらき、俺の方を向く。;;;<0852> Ses paupières s'entrouvrirent et ses yeux se posèrent sur moi.
<0853> \{柳也}「おはよう」;;;<0853> Salut.
<0854> \{神奈}「………」;;;<0854> .........
<0855> ゆっくりと首をめぐらし、部屋を見渡す。;;;<0855> Elle tourna lentement la tête pour prendre une vue globale de la pièce.
<0856> 自分の目前に、あるはずのないものを見つける。;;;<0856> Enfin, elle remarqua que ce qui se trouvait devant elle n'avait rien à faire là.
<0857> つまり、この俺だ。;;;<0857> C'est-à-dire : moi.
<0858> \{神奈}「くっ、曲者っ！」;;;<0858> C-Canaille !!
<0859> \{柳也}「俺だ俺だ。大声を出すな」;;;<0859> C'est moi, c'est moi. Ne crie pas.
<0860> あわてて口をふさぐ。;;;<0860> Je m'empressai de lui couvrir la bouche avant qu'elle ne paniquât davantage.
<0861> \{柳也}「そうあばれるな。ちょっと話があるんだ」;;;<0861> Arrête de te débattre. J'ai quelque chose à te dire.
<0862> \{神奈}「むーっ！  むむむっ！  むむむぐうむうむ……」;;;<0862> Hmm !! Hmmmm !! Hmmmhgmm......
<0863> 思いつくかぎりの罵詈雑言を並べているようだ。それだけはわかる。;;;<0863> Tout ce que je compris, c'est qu'elle venait d'énumérer l'ensemble des insultes dont elle avait connaissance.
<0864> \{柳也}「別に怪しいことをしに来たんじゃない」;;;<0864> Je ne suis pas venu pour te faire quoi que ce soit de louche. 
<0865> \{柳也}「とりあえず、怒鳴るのだけはやめてくれ。わかったか？」;;;<0865> Déjà, commence par arrêter de crier. D'accord ?
<0866> \{神奈}「むがむが…」;;;<0866> Hmm hmm...
<0867> \{柳也}「わかったら、うなずいてくれ」;;;<0867> Si tu es d'accord, hoche la tête.
<0868> しぶしぶながら、神奈はうなずいた。;;;<0868> Kanna hocha la tête à contrecœur.
<0869> そっと手を離したとたん。;;;<0869> J'éloignai lentement ma main.
<0870> ぼかっ。;;;<0870> \bPaf\u !
<0871> いきなり頭を殴られた。;;;<0871> Elle m'avait frappé à la tête sans crier gare.
<0872> \{神奈}「余に夜這いをかけるとは、ふざけたまねをしてくれるの…」;;;<0872> Comment osez-vous vous glisser dans ma chambre au beau milieu de la nuit... Quelle indignité...
<0873> \{柳也}「だから夜這いじゃないっての」;;;<0873> Je t'ai dit que je n'étais pas venu ici pour ça.
<0874> \{神奈}「言い逃れをするでない」;;;<0874> Gardez vos excuses pour plus tard.
<0875> \{柳也}「ちがうって」;;;<0875> Je te dis que ce n'est pas ça.
<0876> \{神奈}「なら、なぜこんな真似をっ…」;;;<0876> Dans ce cas, pourquoi ces singeries...?
<0877> \{柳也}「約束をもらうためだ」;;;<0877> Je suis venu tenir ma promesse.
<0878> それだけを伝えた。;;;<0878> Ce fut là tout ce que je lui répondis.
<0879> 俺の声音になにかを感じ取ったのだろう。神奈の顔色が変わった。;;;<0879> Elle semblait avoir senti quelque chose dans mon intonation. Son visage changea d'expression.
<0880> \{神奈}「約束…とな？」;;;<0880> Votre... 'promesse' ?
<0881> \{柳也}「俺はこの社に奉公する者だ。社殿の法をひるがえすことはできない」;;;<0881> Je suis au service de ce sanctuaire. Je ne peux pas en enfreindre les règles.
<0882> \{柳也}「でも、ただひとつ…」;;;<0882> Cependant, il y a bien \bune\u exception...
<0883> \{柳也}「俺は役目がら、神奈備命の直命には絶対にさからえないことになっている」;;;<0883> Ma fonction est telle que je ne puis ignorer un ordre qui émane directement de Kannabi no Mikoto.
<0884> \{柳也}「もっとも、今までさんざんさからってきたけどな」;;;<0884> Quoique j'en aie pas toujours fait autant.
<0885> 笑いながらつけくわえる。;;;<0885> ajoutai-je en riant.
<0886> 神奈は笑わなかった。;;;<0886> Kanna, elle, ne rit pas.
<0887> 俺がなにを言い出すのか、計りかねているようだった。;;;<0887> Peut-être était-elle en train d'essayer de prédire ce que j'allais dire ensuite.
<0888> \{柳也}「だから、な」;;;<0888> Et donc, tu vois...
<0889> \{柳也}「おまえが『母君に逢わせろ』と言えば、俺はそのために命をかける」;;;<0889> Si jamais tu m'ordonnais : 'ammène-moi à ma mère', j'y mettrais ma vie en jeu.
<0890> \{柳也}「神奈」;;;<0890> Kanna.
<0891> \{柳也}「主（あるじ）としての命を、俺に与えるか？」;;;<0891> En tant que ma maîtresse, me donneras-tu cet ordre ?
<0892> 神奈が絶句したのがわかった。;;;<0892> Je voyais bien qu'elle était trop abasourdie pour pouvoir répondre.
<0893> 神奈がここを離れると聞いた時から、俺の腹は決まっていたのかもしれない。;;;<0893> Peut-être avais-je déjà pris ma décision dès que j'eus entendu qu'elle devrait s'en aller.
<0894> ただ一言だけ、素直な心持ちさえ聞くことができれば。;;;<0894> Je voulais, ne fût-ce que pour un seul mot, l'entendre parler avec sincérité, avec son cœur.
<0895> 俺は白刃に身をさらすことも厭（いと）わない。;;;<0895> Si tel était son choix, j'étais prêt à mener le reste de ma vie le sabre à la main.
<0896> \{神奈}「………」;;;<0896> .........
<0897> \{柳也}「選ぶのはおまえだ。俺はこれ以上言わない」;;;<0897> La décision te revient. Je ne dirai plus rien.
<0898> その場に座り、返事を待つ。;;;<0898> Je m'assis par terre et attendis sa réponse.
<0899> ときおり、燈台の炎が揺れ、灯芯がちりちりと鳴った。;;;<0899> De temps en temps, on pouvait voir les flammes des luminaires vaciller et les entendre crépiter.
<0900> 雨はもうそこまで来ていた。;;;<0900> La pluie s'approchait.
<0901> ずいぶん長い時がすぎたように感じた。;;;<0901> Cette attente me sembla une éternité.
<0902> そして、神奈は言った。;;;<0902> Kanna parla enfin :
<0903> \{神奈}「…では、余はそなたに命ずる」;;;<0903> ... Soit. Tels sont mes ordres :
<0904> \{神奈}「母上の元まで余を案内せよ」;;;<0904> Conduisez-moi jusqu'à ma mère.
<0905> てれくさかったのだろう、言い捨ててからぷいと横を向く。;;;<0905> Ces mots prononcés, elle détourna immédiatement le regard, sans doute embarrassée.
<0906> それで、すべてが決まった。;;;<0906> Tout était maintenant décidé.
<0907> 腰にくくりつけた長太刀を床に置く。;;;<0907> Je détachai le sabre accroché à ma taille et le posai par terre.
<0908> 膝をつき、拳を肩幅にそろえ、床につける。;;;<0908> Je me mis à genoux et posai mes poings au sol, à la largeur des épaules.
<0909> \{柳也}「衛門正八位大志柳也。神奈備様が命、違えぬ事を誓約致し候」;;;<0909> Moi, Emon de huitième rang, taishi Ryuuya, jure de ne jamais désobéir aux ordres de Kannabi-sama.
<0910> \{柳也}「…礼儀だからな、一応だ」;;;<0910> ... C'est le minimum des formalités.
<0911> \{神奈}「あいわかった。諸処万端に務めよ」;;;<0911> Très bien. Assurez-vous de respecter votre serment.
<0912> 儀式はそれで終わった。;;;<0912> Les formalités s'achevèrent sur ces mots.
<0913> 足を崩し、どちらからともなく破顔する。;;;<0913> Je m'assis, les jambes en tailleur, et souris.
<0914> 俺はふところから包みを取り出し、神奈に手渡した。;;;<0914> Je sortis un paquet de mon kimono et le tendis à Kanna.
<0915> 中には女物の草鞋（わらじ）が入っている。;;;<0915> Une paire de waraji pour femme s'y trouvaient.
<0916> \{柳也}「これをどこかに隠しておけ」;;;<0916> Cache ça quelque part.
<0917> \{柳也}「できるだけ寝ていろ。一刻たったら起こしに来てやるから」;;;<0917> Dors autant que tu peux. Je viendrai te chercher dans une heure.
<0918> \{神奈}「…なにゆえだ？」;;;<0918> ... Pourquoi donc ?
<0919> \{柳也}「もうすぐ雨が来る。見張りの気もゆるむはずだ」;;;<0919> Il va bientôt pleuvoir. Les gardes vont sûrement relâcher leur vigilance.
<0920> \{柳也}「それに、寝ておかないと体力がもたない」;;;<0920> En outre, tu manqueras de force si tu ne dors pas.
<0921> \{神奈}「そうではない」;;;<0921> Ce n'est pas ce que je voulais dire.
<0922> \{神奈}「逃げきれると思っておるのか？」;;;<0922> Pensez-vous vraiment que nous saurons nous enfuir ?
<0923> \{柳也}「これでも刀で位（くらい）をもらったんだぞ？」;;;<0923> Tu penses que je ne me débrouille pas assez bien avec un sabre ?
<0924> \{神奈}「嘘はつかぬ方が身のためだぞ」;;;<0924> Ne mentez pas. Cela sera mieux pour vous.
<0925> \{柳也}「そうか？」;;;<0925> Tu penses ?
<0926> \{神奈}「おぬしが強いとも思えん」;;;<0926> Je doute de votre force.
<0927> 言いきられては、苦笑するしかない。;;;<0927> Cette déclaration me força un sourire en coin.
<0928> \{柳也}「俺はおまえに仕える者だ」;;;<0928> Je suis à ton service.
<0929> \{柳也}「だから、おまえの望みをかなえてやる」;;;<0929> Tes désirs seront donc mes ordres.
<0930> そこで俺は目を細め、自信ありげに笑ってみせた。;;;<0930> Je plissai les yeux et lui souris avec assurance.
<0931> \{神奈}「なにゆえ、余のためにそこまでする？」;;;<0931> Pourquoi faites-vous-en tant pour moi ?
<0932> \{柳也}「さあ。なぜだろうな…」;;;<0932> Va savoir...
<0933> それは俺の、素直な心持ちだった。;;;<0933> C'étaient là mes honnêtes sentiments.
<0934> 神奈はなにも言わず、ただ俺の顔を眺めていた。;;;<0934> Kanna me dévisagea sans un mot.
<0935> \{柳也}「それじゃ、あとでな」;;;<0935> Allez, à tout à l'heure.
<0936> 衝立（ついたて）から向こうをうかがい、廊下に出ようとした時。;;;<0936> Alors que je jetai un œil derrière le tsuitate avant de ressortir dans le couloir...
<0937> 神奈がなにかを言おうとしたのを感じた。;;;<0937> Je sentis que Kanna voulait me dire quelque chose.
<0938> \{柳也}「なんだ？」;;;<0938> Quoi ?
<0939> \{神奈}「待って…おるからな」;;;<0939> Je... vous attendrai.
<0940> \{柳也}「やけに素直だな」;;;<0940> Ça, c'est gentil.
<0941> \{柳也}「さては惚れたか？」;;;<0941> Tu es tombée sous mon charme ?
<0942> \{神奈}「だれがそんなことを申したっ」;;;<0942> Qui tomberait sous votre charme ?!
<0943> \{柳也}「本当に寝ておけよ。あとあとつらくなるぞ」;;;<0943> Tu devrais dormir, vraiment. Ce qui arrive après ne sera pas facile.
<0944> 神奈は素直にうなずいた。;;;<0944> Kanna hocha poliement la tête.
<0945> 俺は足音に気をつけながら、寝所をあとにした。;;;<0945> Je quittai la pièce sous la pointe des pieds.
<0946> もうひとつ、訪ねるべきところがあった。;;;<0946> Il me fallait encore passer à un endroit :
<0947> 裏葉の寝間だ。;;;<0947> La chambre d'Uraha.
<0948> 神奈の身の回りの世話は、ほとんどすべて裏葉がこなしている。;;;<0948> Uraha s'occupait d'à peu près tout ce qui avait à voir avec Kanna.
<0949> そのため、神奈の寝所に近い座敷に、私室を設けてある。;;;<0949> À cette fin, on lui avait attribué une pièce privée située à proximité des quartiers de Kanna.
<0950> 足音を殺したまま、寝間に入った。;;;<0950> J'y entrai à pas de loup.
<0951> がらんとした部屋の中央に、寝具がたたんであった。;;;<0951> Des draps pliés étaient posés au centre de la pièce vide.
<0952> しかし、人影はない。;;;<0952> Mais personne ne s'y trouvait.
<0953> \{柳也}「裏葉、いないのか？」;;;<0953> Uraha, t'es là ?
<0954> 目をこらし、だれもいない部屋を慎重に見渡す。;;;<0954> Les yeux plissés, j'inspectai attentivement la pièce du regard.
<0955> \{裏葉}「お待ちしておりました」;;;<0955> Je vous attendais.
<0956> \{柳也}「うおあっっ」;;;<0956> Uwoah !!
<0957> 暗がりの中に溶けこむように、裏葉がほほえんでいた。;;;<0957> Noyée dans la pénombre, Uraha me souriait.
<0958> 貴人のそばに侍（はべ）る女官は、普段は邪魔にならないことを求められる。;;;<0958> Les dames de compagnie doivent savoir de faire discrètes pour ne jamais gêner les nobles dont elles assurent le servi, certes.
<0959> それにしても、これほどまでに気配を消せるものなのか？;;;<0959> Mais peuvent-elles vraiment effacer à ce point leur présence ?
<0960> \{柳也}「俺が来るのがわかってたみたいだな」;;;<0960> On dirait que tu t'attendais à ce que je vienne.
<0961> \{裏葉}「ことを起こすなら、もう今宵（こよい）しかございません」;;;<0961> Si nos desseins doivent être mis à exécution, c'est ce soir ou jamais.
<0962> にっこりと笑う。;;;<0962> Elle sourit.
<0963> \{裏葉}「すでに旅支度もととのえてございます」;;;<0963> J'ai déjà préparé tout ce qui sera nécessaire à ce voyage.
<0964> 俺は、裏葉の背後にぼんやりと見えるかたまりを指さした。;;;<0964> Je montrai du doigt la masse que je distinguais à peine derrière elle.
<0965> \{柳也}「それが全部荷物か？」;;;<0965> Tout ça, ce sont bagages ?
<0966> \{裏葉}「はい」;;;<0966> En effet.
<0967> \{裏葉}「すべて神奈さまの御衣（おんぞ）でございます」;;;<0967> Ce ne sont que des habits d'apparat de Kanna-sama.
<0968> \{裏葉}「なにが入り用になるか、わかりませんでしたので」;;;<0968> C'est que je ne peux pas prédire desquels elle pourra avoir l'usage.
<0969> 葛籠（つづら）が十ばかり、小山をなしている。;;;<0969> Une dizaine de paniers en osiers étaient empilés là, formant une sorte de petit monticule.
<0970> その中に、子供が隠れられそうなひときわ大きな葛籠があった。;;;<0970> L'un deux paraissait suffisamment ample pour dissimuler un enfant.
<0971> \{柳也}「その大きな葛籠は？」;;;<0971> Qu'y a-t-il dans ce gros panier ?
<0972> \{裏葉}「十二単衣（じゅうにひとえ）一具でございます」;;;<0972> L'ensemble des pièces d'un jūnihitoe.*
<0973> \{裏葉}「五衣（いつつぎぬ）の重ねもうるわしく、神奈さまにはたいそうお似合いになります」;;;<0973> Les cinq couches de l'itsutsuginu* lui iront magnifiquement.
<0974> …ちなみに衣ひとそろえでは、雑兵の武具一式より重い。;;;<0974> ... Pour information, l'ensemble au complet pèse autant que l'armement d'un fantassin.
<0975> \{柳也}「置いていけ」;;;<0975> Laissons-les là.
<0976> \{裏葉}「なっ、なぜでございますか？」;;;<0976> P-Pourquoi donc ?
<0977> 大きな葛籠に取りすがり、真顔で問い返してくる。;;;<0977> me demanda-t-elle l'air parfaitement sérieux tout en se serrant au gros panier.
<0978> \{裏葉}「神奈さまが母君とご対面するあかつきには、ぜひにもこれをお召しにと思っておりましたのに」;;;<0978> J'espérais que Kanna-sama puisse le revêtir au moment de rencontrer sa mère.
<0979> \{裏葉}「唐衣（からぎぬ）の色目もたいそう涼しげでございますのに～」;;;<0979> J'avais même choisi des couleurs qui seraient agréables à regarder~...
<0980> その場に身を伏せ、おおげさに泣き崩れる。;;;<0980> Elle s'allongea face contre terre et se mit à pleurer de manière exagérée.
<0981> \{柳也}「泣きたいのはこっちだ」;;;<0981> C'est moi qui devrais pleurer.
<0982> \{柳也}「…っと、待てよ」;;;<0982> ... Hé. Attends.
<0983> \{柳也}「神奈を母君に逢わせる件は、まだ話してないはずだぞ」;;;<0983> Je ne t'ai encore jamais parlé du fait d'aider Kanna à rencontrer sa mère.
<0984> \{裏葉}「柳也さまのお考えなど、お見通しでございます」;;;<0984> Je l'ai bien compris en vous voyant, Ryuuya-sama.
<0985> やはり嘘泣きだった。;;;<0985> Ses larmes étaient donc bel et bien des larmes de crocodile.
<0986> その時。;;;<0986> Tout à coup...
<0987> 二人同時に気配を感じた。;;;<0987> Nous sentîmes tous les deux une présence.
<0988> 衝立障子をへだてた向こうに、何者かが身をひそめている。;;;<0988> Quelqu'un était tapi de l'autre côté des paravents.
<0989> 裏葉がするりと身を寄せてきた。;;;<0989> D'un seul mouvement, Uraha vint se coller à moi.
<0990> \{裏葉}「…のぞき見られております」;;;<0990> ... On nous espionne.
<0991> 耳元でささやく。;;;<0991> me souffla-t-elle à l'oreille.
<0992> \{柳也}「…そうらしいな」;;;<0992> ... Ça y ressemble.
<0993> 俺も声を落として応じる。;;;<0993> répondis-je tout bas.
<0994> のぞき見の主は、どうやら裏葉の同僚の女官らしかった。;;;<0994> Celle qui nous espionnait ne devait être qu'autre qu'une des dames de compagne qui travaillaient avec Uraha.
<0995> 息を殺しているつもりらしいが、まったく気配が消せていない。;;;<0995> Elle semblait essayer de retenir son souffle, mais elle avait complètement échoué à dissimuler sa présence.
<0996> \{柳也}「夜這いに来たと思われたらしいな」;;;<0996> Je pense qu'elle s'imagine que je suis un visiteur nocturne
<0997> \{裏葉}「そのようでございますね」;;;<0997> C'est fort possible.
<0998> \{柳也}「どうにかして追いはらいたい」;;;<0998> Il faut qu'on la fasse partir.
<0999> \{裏葉}「それでは…」;;;<0999> Dans ce cas...
<1000> 裏葉は俺の胸板に顔をすり寄せてきた。;;;<1000> Uraha colla sa tête contre mon torse.
<1001> \{裏葉}「わたくしの腰に、腕をお回しください」;;;<1001> S'il vous plait, passez votre bras autour de ma taille.
<1002> あっけらかんとした言いようだったが、さすがにとまどう。;;;<1002> Malgré son ton détaché, je ne pouvais m'empêcher d'éprouver une certaine retenue.
<1003> しかし、手段を選んでいる場合ではなかった。;;;<1003> Sauf que je n'avais pas l'embarras du choix.
<1004> 言われたとおり、衣の上から右手をあてがう。;;;<1004> Comme demandé, je posai ma main droite sur son habit.
<1005> \{裏葉}「ああ、柳也さま。この時をどんなに待ちかねたことか」;;;<1005> Aah... Ryuuya-sama... Combien de temps ai-je attendu ce moment...
<1006> \{柳也}「まだ夜明けまでは時がある。二人して楽しもうぞ」;;;<1006> La nuit ne fait que commencer. Amusons-nous.
<1007> \{裏葉}「柳也さまぁ…」;;;<1007> Ryuuya-sama...
<1008> 鼻にかかったような声音が、なかなか色っぽい。;;;<1008> Sa voix nasillarde était assez érotique.
<1009> せっかくなので、すこしばかり尻をもんでみた。;;;<1009> Quitte à être dans cette situation, autant profiter de l'occasion pour lui toucher les fesses.
<1010> ふにふにふに。;;;<1010> \bPouic pouic pouic\u.
<1011> \{裏葉}「ああ、おたわむれを」;;;<1011> Aah... Vous êtes bien coquin.
<1012> \{柳也}「よいではないか、よいではないか」;;;<1012> Tout va bien, tout va bien.
<1013> \{裏葉}「ならばわたくしも…」;;;<1013> Dans ce cas, à mon tour...
<1014> お返しとばかりに、袴（はかま）の上から急所をむんずとにぎられた。;;;<1014> En guise de représailles, elle me saisit les parties intimes par-dessus mon hakama.*
<1015> \{柳也}「うぐおあっ！」;;;<1015> Ugwoah !!
<1016> \{裏葉}「うふふふふ」;;;<1016> Ufufufufu.
<1017> あでやかに笑いながら、袖を動かすふりをする裏葉。;;;<1017> D'un rire envoutant, Uraha fit semblant de remonter ses manches...
<1018> その動きがぴたりと止まった。;;;<1018> ... Avant de s'arrêter brutalement de bouger.
<1019> \{柳也}「…どうした？」;;;<1019> ... Qu'y a-t-il ?
<1020> \{裏葉}「………」;;;<1020> .........
<1021> 裏葉は俺の股間に視線を落としたまま、軽蔑しきった口調で言った。;;;<1021> Elle baissa les yeux et les posa sur mon entrejambe, avant de dire d'un ton dédaigneux :
<1022> \{裏葉}「さては益体もない御逸物（ごいちもつ）」;;;<1022> Eh bien, cette chose est inutile.
<1023> 救いようがないほど冷めた声が、部屋にがらんと響いた。;;;<1023> Sa voix glaciale qui semblait dire 'cas désespéré' résonna dans toute la pièce.
<1024> \{柳也}「つ、勤めで疲れておるのだ、せり立たぬ晩もある」;;;<1024> J-Je suis juste fatigué après le travail. Parfois, le soir, j'arrive plus à le lever.
<1025> 俺は情けなく言い訳する。;;;<1025> m'excusai-je tout honteux.
<1026> \{裏葉}「ああくちおしや。今宵はなすべきこともなさず、乳母（めのと）のようにただあやし寝とは」;;;<1026> Aah... Quelle pitié... Dire que je n'aurai rien d'autre à faire que vous mettre au lit telle une nourrice, ce soir...
<1027> \{裏葉}「ああくちおしや、くちおしや」;;;<1027> Aah... Quelle pitié, quelle pitié...
<1028> 衝立障子の向こうで、小さな舌打ちが聞こえた。;;;<1028> J'entendis un claquement de langue venant de l'autre côté du paravent.
<1029> 続いて、廊下を歩き去っていく気配。;;;<1029> Ensuite, j'entendis quelqu'un s'éloigner et disparaître dans le couloir.
<1030> \{柳也}「…行ったらしいな」;;;<1030> ... Je crois qu'elle est partie.
<1031> \{裏葉}「そうでございますね」;;;<1031> On dirait bien.
<1032> \{柳也}「本気でにぎるなよ、本気で」;;;<1032> T'avais pas à le saisir aussi fort.
<1033> \{裏葉}「それはこちらの言い分でございます」;;;<1033> Je pourrais vous dire de même.
<1034> \{柳也}「念のため断っておくが、俺のはちゃんと立つ時は立つぞ」;;;<1034> Au cas où, je tiens à préciser qu'il sait se lever en tant utile.
<1035> \{裏葉}「機会がありましたら拝見させていただきます」;;;<1035> Vous me le prouverez quand une telle occasion se présentera.
<1036> \{柳也}「………」;;;<1036> .........
<1037> \{裏葉}「………」;;;<1037> .........
<1038> \{柳也}「話を戻そう」;;;<1038> Revenons à nos moutons.
<1039> \{裏葉}「はい」;;;<1039> Oui.
<1040> \{柳也}「あと半刻もしたら、俺は神奈を連れてここから逃げ出すつもりだ」;;;<1040> Je compte m'enduit d'ici avec Kanna dans une demi-heure.
<1041> \{裏葉}「わたくしもお供いたします」;;;<1041> Je vous accompagne.
<1042> \{柳也}「だが、本当にいいんだな？  つらい旅になるぞ」;;;<1042> Tu en es bien sûre ? Ce ne sera pas un voyage facile.
<1043> \{裏葉}「覚悟の上でございます」;;;<1043> J'y suis résolue.
<1044> 普段と変わらない声音で言う。;;;<1044> dit-elle de son intonation habituelle.
<1045> だが、それがどれほどの覚悟か、見極める必要があった。;;;<1045> Mais il me fallait jauger cette résolution.
<1046> 右手を太刀の柄にそえる。;;;<1046> Je saisis la poignée de mon sabre de ma main droite.
<1047> 鞘から刀身をすべらす。;;;<1047> Je la dégainai.
<1048> 裏葉の首筋に、刃を当てた。;;;<1048> ... Et vins placer le tranchant de sa lame contre la nuque d'Uraha.
<1049> \{柳也}「見つかれば、こうなる」;;;<1049> Si jamais tu étais découverte, c'est ce qui t'arrivera.
<1050> 俺の太刀は、儀仗用の平鞘太刀（ひらざやだち）とはちがう。;;;<1050> Mon sabre n'était pas un sabre d'apparat à lame plate.
<1051> 幾度となく人血をぬぐった刃だ。;;;<1051> Cette lame avait maintes fois été tachée de sang humain.
<1052> \{柳也}「わかるか？  たやすく人は死ぬぞ」;;;<1052> Tu comprends ? Rien de plus facile que tuer un homme.
<1053> いかに気丈な女でも、白刃を前にして強情を貫けるものではない。;;;<1053> Peu importe son courage, la détermination d'une femme ne ferait pas long feu face à un sabre sorti de son fourreau.
<1054> だが、裏葉はのほほんと言った。;;;<1054> Mais Uraha me répondit avec désinvolture :
<1055> \{裏葉}「かまいません」;;;<1055> Peu m'importe.
<1056> \{裏葉}「この身が朽ち果てようとも、わたくしは神奈さまにおつかえすると誓いました」;;;<1056> J'ai juré de servir Kanna-sama jusqu'à ce que mon corps soit entièrement décomposé.
<1057> 動揺はおろか、身じろぎひとつしない。;;;<1057> Elle ne trembla pas. Pas même un petit peu.
<1058> \{裏葉}「神奈さまの御為なら、この命ささげようとも惜しくはございません」;;;<1058> Si c'est pour Kanna-sama, je n'hésiterai pas à sacrifier ma vie.
<1059> \{裏葉}「すこしでも、神奈さまのお心がやわらぐのであれば」;;;<1059> Si cela peut apaiser un tant soit peu son cœur.
<1060> おだやかな顔もそのままに、澄んだ瞳だけが俺を圧倒する。;;;<1060> Outre son visage imperturbable, je me sentais comme écrasé par ses yeux sereins.
<1061> そばで笑っているだけの、無垢で愚鈍な女。;;;<1061> Je la voyais comme une femme innocente, un peu naïve, là pour plaisanter.
<1062> 俺は今まで、裏葉のことをそんな風に見ていた。;;;<1062> Du moins, jusqu'à maintenant.
<1063> 刀を鞘におさめた。;;;<1063> Je rengainai mon sabre.
<1064> このようにして負けをさとるのは、悪い気分ではなかった。;;;<1064> Il n'était pas désagréable d'admettre la défaite de telle sorte.
<1065> \{柳也}「わかった。一緒に来てくれ」;;;<1065> Soit. Viens avec nous.
<1066> 裏葉は心から嬉しそうに笑った。;;;<1066> Uraha me sourit du fond du cœur.
<1067> \{裏葉}「これでずっと、神奈さまのおそばにいられるのですね」;;;<1067> Ainsi, je pourrai rester aux côtés de Kanna-sama pour toujours.
<1068> \{柳也}「ただし、荷は詰めなおせよ」;;;<1068> Par contre, tu vas devoir refaire tes bagages.
<1069> \{裏葉}「やはりこれではいけませんか…」;;;<1069> J'imagine que cet arrangement ne conviendra pas...
<1070> うしろの大荷物を、未練ありげに振り向く。;;;<1070> Uraha se tourna avec nostalgie vers la pile de bagages derrière elle.
<1071> \{柳也}「身軽な衣だけでいい。表着（うわぎ）は一枚だけ、笠（かさ）もいらないからな」;;;<1071> Contente-toi de tenues légères. Prends une tunique, et pas besoin de kasa.*
<1072> \{柳也}「それから水と干飯、塩、脯（ほじし）、薬があればなおいい」;;;<1072> Si tu en as, prends aussi de l'eau, du riz séché, du sel, de la viande séchée et des médicaments.
<1073> しぶしぶながら、裏葉はうなずいた。;;;<1073> Uraha acquiesça à contrecœur.
<1074> \{柳也}「あとでもう一度迎えに来る。それまでに身支度をととのえておいてくれ」;;;<1074> Je reviendrai un peu plus tard. D'ici-là, occupe-toi des bagages.
<1075> \{裏葉}「わかりました」;;;<1075> Entendu.
<1076> \{柳也}「自分の着替えも忘れるなよ」;;;<1076> N'oublie pas de prendre aussi des vêtements pour toi.
<1077> \{裏葉}「あらあらまあまあ」;;;<1077> Oh là là, oh là là...
<1078> \{裏葉}「ちっとも気づきませんでした」;;;<1078> Je n'y avais absolument pas pensé.
<1079> のほほんと答える。;;;<1079> répondit-elle d'un tond= détaché.
<1080> \{柳也}「………」;;;<1080> .........
<1081> やはり俺は、ただの役立たずを相棒にしてしまったのではないか？;;;<1081> Ai-je vraiment choisi un tel bon à rien comme partenaire ?
<1082> さっきの盗み見の一件を思い出した。;;;<1082> L'histoire de celle qui nous espionnait me revient en mémoire.
<1083> 明日になれば、社は噂で持ちきりだろう。;;;<1083> D'ici demain, tout le sanctuaire ne palera que de cela.
<1084> 『夜這いをかけた衛門どの、衣も脱がずに女房と共寝』;;;<1084> L'Emon a rendu visite à une dame la nuit... pour finalement passer la nuit tout habillé.
<1085> \{柳也}「………」;;;<1085> .........
<1086> 思わず頭を抱える。;;;<1086> Je pris ma tête dans mes bras.
<1087> 男としてこれ以上恥ずかしいことはない。;;;<1087> Pour un homme, on ne pouvait pas faire plus honteux.
<1088> \{柳也}「どちらにしても、ここにはいられなくなったぞ」;;;<1088> Quoi qu'il en soit, je ne peux pas rester ici plus longtemps.
<1089> \{裏葉}「それはけっこうなことでございますね」;;;<1089> C'était très bien ainsi, vous ne trouvez pas ?
<1090> \{柳也}「…本気で喜ばないでくれ、たのむから」;;;<1090> ... N'aie pas l'air aussi gai, je t'en supplie.
<1091> 表に出ると、雨が降っていた。;;;<1091> J'émergeai de l'édifice et tombai nez-à-nez avec la pluie.
<1092> まとわりつく湿気に、額からじくじくと汗が吹き出る。;;;<1092> L'humidité environnante recouvrait mon front de sueur.
<1093> \{柳也}「……」;;;<1093> ......
<1094> 軒先で雨をさけながら、遠くにけむっている山ぎわに目を向ける。;;;<1094> Tout en me protégeant de la pluie en restant sous l'avant-toit, mon attention se posa sur les montagnes que l'on pouvait distinguer au loin, derrière la brume.
<1095> 目指す先は、その山を越えたさらに先にある。;;;<1095> Notre destination se trouvait au-delà de ces montagnes.
<1096> ざああああああ…。;;;<1096> \bPlic ploc\u...
<1097> 不意に雨足が強くなる。;;;<1097> La pluie s'intensifia brutalement.
<1098> \{柳也}「…そろそろ刻限か」;;;<1098> ... C'est pour bientôt.
<1099> 私室に戻り、自分の荷を背負う。;;;<1099> Je retournai dans mes quartiers et chargeai mon bagage sur mon dos.
<1100> 入っているのは乾飯と薬のたぐい、そして幾冊かの文書。;;;<1100> Ce dernier contenait du riz séché, des médicaments et quelques documents.
<1101> 闇と雨にまぎれ、もう一度神奈の寝所に上がった。;;;<1101> Dissimulé par la pénombre et le déluge, je regagnai une nouvelle fois les quartiers de Kanna.
<1102> 燈台の炎はまだ灯っていた。;;;<1102> Les bougeoirs brûlaient encore.
<1103> だが、響いているいびきの質が前とはちがった。;;;<1103> Seulement, le ronflement que je pouvais entendre n'était plus le même.
<1104> \{神奈}「ぐう…ぐう…ぐお…」;;;<1104> Zzz... Zzz... Zz...
<1105> \{柳也}「………」;;;<1105> .........
<1106> …まあ、不安と興奮で眠れないよりはましだが。;;;<1106> ... Bah, il vaut mieux ceci qu'être trop tendue pour dormir.
<1107> \{柳也}「神奈。起きろ」;;;<1107> Kanna. Lève-toi.
<1108> 耳元でささやいてみる。;;;<1108> lui murmurai-je à l'oreille.
<1109> \{神奈}「…ぐう…すう…」;;;<1109> ... Zzz... Zzz...
<1110> が、まったく起きようとしない。;;;<1110> Sauf qu'elle ne bougea pas d'un poil.
<1111> ゆさゆさ。;;;<1111> \bSecoue secoue\u.
<1112> 肩をゆすってみる。;;;<1112> Je la pris par une épaule et la secouai un peu.
<1113> うっとおしそうに払いのけただけで、丸くなってしまう。;;;<1113> Elle repoussa ma main d'un air agacé et se mit en boule.
<1114> \{柳也}「…起きないか、こら」;;;<1114> ... Lève-toi, allez.
<1115> むに。;;;<1115> \bPouic\u.
<1116> 頬をつまんでみる。;;;<1116> Je lui pinçai la joue.
<1117> むにゅ～～～っ。;;;<1117> \bTire~~~\u !
<1118> 変にやわらかく、どこまででも伸びそうな気がする。;;;<1118> Surprennemment souple. Je me demande à quel point je peux l'étirer.
<1119> ぺちっ。;;;<1119> \bPaf\u !
<1120> \{柳也}「…痛て」;;;<1120> ... Ouch.
<1121> 手をたたかれた。しかも、寝たまま。;;;<1121> Elle frappa ma main. Dans son sommeil, de surcroît.
<1122> 敵ながら見事な攻撃だ。;;;<1122> Ça avait beau être contre moi, c'était une attaque remarquable.
<1123> と思ったら、今度は何やら寝言を言いはじめた。;;;<1123> Juste à ce moment-là, elle commença à parler dans son sommeil :
<1124> \{神奈}「…う…ん……」;;;<1124> ... Hmm... Hmn...
<1125> \{神奈}「ゆるして……たもれ」;;;<1125> S'il vous plait...... Pardonnez-moi...
<1126> \{神奈}「入らぬ…入らぬというに…」;;;<1126> Ça n'entrera pas... Mais puisque je vous dis que ça n'entrera pas...
<1127> \{神奈}「ゆるして……う…くっ…」;;;<1127> Pardonnez-moi...... S...Snif...
<1128> \{神奈}「これ以上は…もう…」;;;<1128> Pas... plus...
<1129> \{神奈}「もう…食べられぬ…」;;;<1129> J'ai... trop mangé...
<1130> むにゃむにゃ口を鳴らし、寝返りをうつ。;;;<1130> Je l'entendis mastiquer puis elle se retourna.
<1131> 薄衣の裾をととのえるついでに、ぽりぽりと尻をかいている。;;;<1131> Elle ajusta le bas de sa fine robe de soie, et en même temps, se gratta les fesses.
<1132> \{柳也}「………」;;;<1132> .........
<1133> \{柳也}「尻かいてないで起きろおっ！」;;;<1133> Arrête de te gratter les fesses et lève-toi !!
<1134> ぽりぽりぽり。;;;<1134> \bGratte gratte gratte\u.
<1135> 逆側の尻をかいて応じる神奈。;;;<1135> En guise de réponse, elle se gratta l'autre fesse.
<1136> \{柳也}「かくなる上は…」;;;<1136> Pas le choix...
<1137> 鼻をつまんでやることにした。;;;<1137> Je pinçai son nez entre mes doigts.
<1138> ふにっ。;;;<1138> \bPince\u !
<1139> しばらくそうしていると、なにやら苦しそうにもがきはじめた。;;;<1139> Quelques instants plus tard, elle commença à se débattre, gênée.
<1140> じたばた。;;;<1140> \bGesticule\u.
<1141> じたばたじたばた。;;;<1141> \bGesticule gesticule\u.
<1142> じたばたじたばたじたばた。;;;<1142> \bGesticule gesticule gesticule\u.
<1143> …ぐばっ！;;;<1143> ... \bPaf\u !!
<1144> よほど苦しかったのか、いきなり寝具をはねのけた。;;;<1144> Elle devait passer un mauvais moment, vu la force avec laquelle elle envoya valser sa literie.
<1145> 枕から頭を上げ、上体を起こす。;;;<1145> Elle leva la tête puis se redressa.
<1146> 童子のような瞳が開き、俺の方を向く。;;;<1146> Ses yeux enfantins s'ouvrirent et se tournèrent vers moi.
<1147> \{柳也}「おはよう」;;;<1147> Salut.
<1148> 指を離し、にこやかに挨拶する。;;;<1148> Je retirai mes doigts et la saluai avec un sourire.
<1149> \{神奈}「………」;;;<1149> .........
<1150> 状況がまったくわかっていないらしい。;;;<1150> Elle semblait un peu désorientée.
<1151> ゆっくりと首をめぐらし、部屋を見渡す。;;;<1151> Sa tête pivota pour prendre une vue d'ensemble de la pièce.
<1152> 目前に俺の姿を見つける。;;;<1152> Son regard finit par croiser ma personne.
<1153> \{神奈}「………」;;;<1153> .........
<1154> ぱたり。;;;<1154> \bPlouf\u.
<1155> \{柳也}「二度寝するなっ！」;;;<1155> Ne te remets pas à dormir !!
<1156> また起きる。;;;<1156> Elle se leva à nouveau.
<1157> 部屋を見回す。;;;<1157> Elle scruta la pièce.
<1158> \{神奈}「………」;;;<1158> .........
<1159> ぱたり。;;;<1159> \bPlouf\u.
<1160> \{柳也}「三度目も同じかっ！」;;;<1160> Ne te re-remets pas à dormir !!
<1161> \{裏葉}「柳也さま、手ぬるいですわ」;;;<1161> Ryuuya-sama, vous êtes trop indulgent.
<1162> \{柳也}「どぐわあああっ！」;;;<1162> Dogwaaah !!
<1163> \{裏葉}「しっ、お声が高い」;;;<1163> Chut ! Pas si fort.
<1164> \{柳也}「裏葉、お前いつからそこにいたっ？」;;;<1164> Uraha. T'es arrivée quand ?!
<1165> \{裏葉}「ほっぺたをむにっとおつまみになったあたりから」;;;<1165> Quand vous avez commencé à lui pincer la joue.
<1166> \{柳也}「俺が迎えに行くまで待ってろと言ったろ？」;;;<1166> Je t'avais pas dit d'attendre que je te rejoigne ?
<1167> \{裏葉}「そろそろ刻限かと思いまして」;;;<1167> J'ai pensé que l'heure était venue.
<1168> \{裏葉}「それに、神奈さまおひとりでは着付けに手間がかかります」;;;<1168> Et puis, je me suis dit que Kanna-sama mettrait trop de temps à se changer toute seule.
<1169> \{柳也}「言われてみればそうだな」;;;<1169> Maintenant que tu le dis...
<1170> この期におよんでまだ眠り呆けている神奈を見下ろす。;;;<1170> Je regardai Kanna qui avait réussi à rester endormie en dépit de la situation.
<1171> \{柳也}「とりあえず、こいつを起こしてからだ」;;;<1171> Bref, commençons déjà par la réveiller.
<1172> \{裏葉}「奥の手がございます」;;;<1172> J'ai une technique secrète pour cela.
<1173> \{柳也}「…どうすればいいんだ？」;;;<1173> ... C'est-à-dire ?
<1174> 裏葉は意味ありげに頬笑むと、神奈の頭の下にそっと両手をさし入れた。;;;<1174> Uraha me lança un sourire significatif et glissa lentement ses deux mains sous la tête de Kanna.
<1175> ごいんっ。\shake{1};;;<1175> \bBam\u ! \shake{1}
<1176> 鈍い音をたてて、神奈の頭が床にめりこんだ。;;;<1176> La tête de Kanna se cogna contre le sol dans un bruit sourd.
<1177> \{神奈}「…痛いぞ。なにをするか」;;;<1177> ... Ça fait mal. Que croyez-vous faire ?
<1178> 枕を抜き取っただけだが、効果は絶大だった。;;;<1178> Je n'aurais pas imaginé que simplement retirer son oreiller eût été aussi efficace.
<1179> \{裏葉}「神奈さまにあらせられましては、今朝もご機嫌うるわしゅう…」;;;<1179> Kanna-sama, je vois que vous êtes de grande humeur, ce matin...
<1180> \{神奈}「これがうるわしい機嫌に見えるか？」;;;<1180> Vous appelez ça être de grande humeur ?
<1181> \{裏葉}「はあ」;;;<1181> Précisément.
<1182> \{神奈}「まったく、もうすこしやさしく起こせぬのか」;;;<1182> Mais vraiment, n'auriez-vous pas pu y aller un rien plus délicatement ?
<1183> \{裏葉}「では、次からは力の加減を工夫いたしまして…」;;;<1183> Si tel est votre désir, j'essaierai de mieux doser ma force pour les fois suivantes...
<1184> \{神奈}「枕を抜くのをやめろと申しておるのだっ」;;;<1184> Je veux que tu arrêtes de tirer mon oreiller comme ça !
<1185> \{柳也}「掛け合いならあとでいくらでも聞いてやるから、早く支度しろ」;;;<1185> Garde tes doléances pour plus tard. Dépêche-toi de te préparer.
<1186> ぶつぶつ不平をこぼしながらも、神奈は素直に用意をはじめた。;;;<1186> Malgré quelques grommellements, Kanna obéit et commença à se préparer...
<1187> その手がとまり、俺をにらみつける。;;;<1187> ... avant de brusquement s'arrêter.
<1188> \{神奈}「…おまえはそこにいる気か？」;;;<1188> ... Vous restez dans la pièce ?
<1189> \{柳也}「あたりまえだ」;;;<1189> Cela va de soi.
<1190> \{神奈}「余がこれからなにをするかわかっておるのか？」;;;<1190> Vous vous rendez compte de ce que je m'apprête à faire, n'est-ce pas ?
<1191> 薄衣の袖をばたばたと振りながら詰め寄る。;;;<1191> Elle s'approcha de moi en agitant ses manches.
<1192> \{柳也}「着替えだろ。見ててやるから早くしろ」;;;<1192> Tu vas te changer, c'est ça ? Je vais regarder, alors dépêche-toi.
<1193> \{神奈}「………」;;;<1193> .........
<1194> げしっ。\shake{1};;;<1194> \bPaf\u ! \shake{1}
<1195> 何か硬い物が飛んできて、俺の脳天を直撃した。;;;<1195> Quelque chose de dur vola vers moi pour venir me frapperen plein sur le crâne.
<1196> \{柳也}「～～～っ」;;;<1196> ~~~ !
<1197> かなり本気で痛い。;;;<1197> Ça m'a fait mal, très mal.
<1198> 額をさすりながら見ると、神奈の枕だった。;;;<1198> Je baissai les yeux et vis qu'il s'agissait de son oreiller.
<1199> \{柳也}「今、角がぶつかったぞ。ここんとこの角がげしっと」;;;<1199> Je viens de me prendre le coin ! Juste ici !
<1200> \{神奈}「出ていけ、この痴れ者がっ！」;;;<1200> Sortez d'ici, espèce d'imbécile !!
<1201> 人影がないのを確認してから、三人で雨の中に歩みでた。;;;<1201> Après que je me fus assuré que personne ne se trouvait là, nous sortîmes tous les trois sous la pluie.
<1202> 物音を立てないよう、小走りで壁ぎわに寄る。;;;<1202> Je me dirigeai vers la palissade en trottinant pour ne pas faire de bruit.
<1203> 神奈と裏葉も見様見真似で続く。;;;<1203> Kanna et Uraha m'imitèrent.
<1204> 二人とも雨をいとわないのは、俺としても心強い。;;;<1204> Ni l'une ni l'autre ne se plaignit de la pluie, à mon grand bonheur.
<1205> 高く組まれた板塀を見上げながら、神奈が言った。;;;<1205> Kanna inspecta l'enceine en bois du regard, et dit :
<1206> \{神奈}「これをどのように越えるつもりなのだ？」;;;<1206> Comment comptez-vous franchir cela ?
<1207> \{柳也}「それぐらいは考えてあるさ」;;;<1207> J'ai tout prévu.
<1208> 目印をつけておいた所に、慎重に指をかける。;;;<1208> Je plaçai prudemment mon doigt au niveau d'une marque que j'avais apposée là.
<1209> ぱきりと音を立て、一枚の羽目板が簡単に外れた。;;;<1209> Une planche chuta aussitôt.
<1210> \{裏葉}「いつの間にこのような細工を？」;;;<1210> Quand avez-vous mis cela en place ?
<1211> \{柳也}「かなり前から準備しておいた。いつでも逃げられるように」;;;<1211> J'ai fait ça il y a un petit bout de temps., au cas où j'aurais à m'enfuir.
<1212> \{神奈}「職務熱心なことよの」;;;<1212> Quel dévouement à son travail...
<1213> \{柳也}「ほっとけ」;;;<1213> Chut.
<1214> 板塀の向こうは深い山だ。;;;<1214> Les montagnes s'étendaient de l'autre côté de la palissade.
<1215> 背の高い藪（やぶ）が、水気を含んだ闇とからみあっている。;;;<1215> Des buissons aussi hauts que des hommes se fondaient dans les trombes d'eau et les ténèbres
<1216> \{柳也}「神奈、先に出ろ。段があるから気をつけろよ」;;;<1216> Kanna, pars devant. Fais attention à la marche.
<1217> 段といっても二尺足らずだが、地面の具合はほとんどわからない。;;;<1217> La 'marche' en question avait beau ne faire que deux shakus* de haut, l'état du sol était pratiquement invisible.
<1218> \{神奈}「これしき大したことはない。馬鹿にするでないぞ」;;;<1218> Si ce n'est que ça, ne vous inquiétez pas pour moi.
<1219> 神奈がいきおいよく飛び降りた。;;;<1219> Kanna sauta avec énergie.
<1220> がさがさと藪が音を立て、神奈の姿を隠した。;;;<1220> Puis disparut dans un bruissement de buissons.
<1221> \{柳也}「裏葉、行け」;;;<1221> Uraha, vas-y.
<1222> 裏葉が穴の前に立った。;;;<1222> Uraha se plaça devant l'interstice.
<1223> 闇を流したような行く手の様子に、一瞬ためらう。;;;<1223> L'espace d'un instant, elle hésita en voyant ce mélange de formes et d'obscurité.
<1224> \{柳也}「急げ」;;;<1224> Dépêche-toi !
<1225> \{裏葉}「はい」;;;<1225> D'accord.
<1226> 裏葉が向こうへと飛び降りた。;;;<1226> Uraha sauta de l'autre côté.
<1227> それから俺は、板塀を元通りに直した。;;;<1227> Cela fait, je remis la planche à sa position originale.
<1228> すこし離れた塀際にある立ち木をよじ登った。;;;<1228> Ensuite, je grimpai à un arbre situé un peu en retrait de la palissade.
<1229> 音を立てないように注意して、塀ごしの闇に身をおどらせた。;;;<1229> Prenant garde à ne pas faire de bruit, je me laissai tomber dans les ténèbres qui m'attendaient de l'autre côté.
<1230> 背丈ほどの藪にはばまれ、いきなり視界がきかなくなった。;;;<1230> Immédiatement entouré de buissons aussi hauts que moi, ma vision fut brutalement obscurcie.
<1231> \{神奈}「…猿（ましら）のようであったぞ」;;;<1231> ... Vous avez l'air d'un macaque.
<1232> 神奈の声が、見たままの感想を伝えた。;;;<1232> Kanna laissa simplement échapper ses pensées.
<1233> \{柳也}「ほかに言い方はないのか？」;;;<1233> Tu pourrais pas le formuler autrement ?
<1234> \{神奈}「ほめておるのだ。喜ぶがよい」;;;<1234> Je vous ai fait un compliment. Réjouissez-vous.
<1235> \{柳也}「そりゃどうも」;;;<1235> Merci beaucoup.
<1236> 適当に答えながら、腰の太刀をたしかめる。;;;<1236> Je vérifiai que mon sabre était toujours à ma ceinture.
<1237> \{柳也}「ここからしばらく道がない。足下に気をつけろ」;;;<1237> Il n'y aura pas de chemin avant un petit moment. Regardez où vous mettez les pieds.
<1238> \{神奈}「これしきのところ、かるく踏み越え…うわっ」;;;<1238> Ce genre de sol ne me fait pas peur... Uwah !
<1239> …びちゃっ。;;;<1239> ... \bPoum\u !
<1240> 言っているそばから転んだらしい。;;;<1240> Aussitôt qu'elle eut prononcé ces mots, elle tomba à la renverse.
<1241> \{裏葉}「あらあら。ご無事でございますか？」;;;<1241> Oh là là. Vous allez bien ?
<1242> \{神奈}「これが無事に見えるか？」;;;<1242> J'ai l'air d'aller bien, peut-être ?
<1243> \{裏葉}「見えません、こうも暗いと」;;;<1243> Eh bien, il fait trop sombre pour que je puisse vous voir.
<1244> \{裏葉}「表着が汚れていなければいいのですが…」;;;<1244> J'espère que vous n'avez pas sali votre habit...
<1245> \{神奈}「…おまえは主より衣が大切か」;;;<1245> ... Vous vous souciez davantage de ses vêtements que de votre Maîtresse ?
<1246> \{裏葉}「あらもうこんなにびしょびしょに」;;;<1246> Oh là là, ils sont trempés.
<1247> \{神奈}「こらっ。妙なところを手探りするでないっ」;;;<1247> Hé ! Arrête de me tripoter n'importe où !
<1248> \{裏葉}「神奈さまは悪戯がすぎます。今からこれでは先がもちませんわ」;;;<1248> Kana-sama, vous êtes trop espiègle. Si vous continuez ainsi, vus ne tiendrez pas longtemps.
<1249> \{神奈}「だからさわるでないというに」;;;<1249> Je t'ai dit d'arrêter de me toucher !
<1250> \{裏葉}「ああやっぱり。袴もこんなに濡らして、はしたない」;;;<1250> Aaaah, je m'en doutais. Même votre hakama est tout trempé. Quel manque de pudeur.
<1251> \{神奈}「やめい。くっ、くすぐったいではないか」;;;<1251> Arrêtez ! V-Vous me chatouillez !
<1252> \{裏葉}「神奈さまがそんなにお動きになるからでございます」;;;<1252> C'est que vous remuez trop, Kanna-sama.
<1253> \{神奈}「うくっ…もうやめろと申すに…くくくふっ」;;;<1253> Uu...! Je vous ai dit de cesser... Kkkhfu !
<1254> \{裏葉}「えいえいっ」;;;<1254> Là, là !
<1255> \{神奈}「くっ…ふはっ…やめ…っはあっ」;;;<1255> Keh...! Fuha...! Arrê...! Aah !
<1256> \{柳也}「…袴の裾を上げろ。裏葉もだ」;;;<1256> Soulève son hakama. Toi aussi, Uraha.
<1257> \{裏葉}「まあ。二人一緒になんて柳也さまったらいやらしい」;;;<1257> Ooh. Vous nous voulez toutes les deux en même temps, Ryuuya-sama... Cochon.
<1258> \{神奈}「まったく、鬼畜も同然よの」;;;<1258> Vraiment, c'est une bête.
<1259> \{柳也}「…意味がわかって言ってるのか、おまえは」;;;<1259> ... Tu fais exprès de dire ça ?
<1260> \{柳也}「歩きやすいように裾をまとめろと言ってるんだ」;;;<1260> Je voulais dire que vous devriez tenir votre hakama quand vous marchez.
<1261> \{裏葉}「あらあらまあまあ」;;;<1261> Oh là là, oh là là.
<1262> \{神奈}「うむ。もとよりそうすればよかったのだ」;;;<1262> Soit. Vous auriez dû le dire plus tôt.
<1263> \{柳也}「俺のうしろから離れるな、行くぞ」;;;<1263> Restez bien derrière moi. En route.
<1264> 最初は急な斜面を下る。;;;<1264> Nous commençâmes par descendre une pente raide.
<1265> 俺が先頭をとり、濡れた下草を掻きわける。;;;<1265> J'ouvrais la marche, écartant sur mon passage la végétation trempée.
<1266> すこしでも通りやすいよう草を左右に開き、ひたすらに斜面を下る。;;;<1266> Repousser un tant soit peu les herbes sur le côté rendait la descente moins ardue.
<1267> そのあとに神奈が続く。;;;<1267> Kanna passait juste après moi.
<1268> 後尾（しんがり）は裏葉が受け持った。;;;<1268> Uraha fermait la marche.
<1269> 半刻ほど歩いただろうか。;;;<1269> Environ une demi-heure plus tard...
<1270> 足下が登り坂にかわった。;;;<1270> Le sol recommença à monter.
<1271> 社殿があった山から、別の山稜に移ったのだ。;;;<1271> Nous étions arrivés sur une colline autre que celle sur laquelle se trouvait le sanctuaire.
<1272> うしろを振り返ると、神奈がじりじりと遅れだしていた。;;;<1272> Je regardai derrière moi, et vis que Kanna commençait peu à peu à perdre du terrain.
<1273> 水をふくんだ装束が重いのだろう。;;;<1273> Ses vêtements gorgés d'eau la ralentissaient.
<1274> うっとおしそうに、全身をひきずっている。;;;<1274> Elle semblait avoir du mal à trainer son corps ainsi alourdi.
<1275> やがて、斜面から尾根筋に出た。;;;<1275> Finalement, la pente laissa place à une crête.
<1276> 濡れた木々の間に、道らしきものがぼうっと浮かびあがっている。;;;<1276> Quelque chose ressemblant à un sentier se dessinait vaguement entre les arbres trempés.
<1277> 猟師や樵（きこり）たちがのこした踏み跡だった。;;;<1277> Il s'agissait de traces laissées par les chasseurs et les bûcherons.
<1278> \{柳也}「ここからはすこしは楽だぞ」;;;<1278> La suite devrait être un peu plus simple.
<1279> 神奈をはげますように言ったが、返事はなかった。;;;<1279> J'avais dit cela pour encourager Kanna, mais elle ne me répondit pas.
<1280> \{柳也}「すこし休むか？」;;;<1280> Devrions-nous nous prendre une petite pause ?
<1281> \{神奈}「…どうということはない。はように、進まぬか」;;;<1281> ... Ce n'est rien. Hâtons-nous.
<1282> 言葉とはうらはらに、疲労の色が濃い。;;;<1282> Malgré ses dires, sa fatigue était évidente.
<1283> 俺は頭上に視線をやった。;;;<1283> Je relevai le visage et regardai le ciel.
<1284> 木々が枝をからませる向こうから、雨は絶え間なく降り続いている。;;;<1284> Par-delà la canopée, la pluie ne cessait pas de tomber.
<1285> 深い山中ということもあり、辺りの闇はねっとりと濃い。;;;<1285> Puisque nous étions au cœur des collines, les ténèbres étaient intenses.
<1286> その時だった。;;;<1286> À ce moment...
<1287> \{裏葉}「柳也さま」;;;<1287> Ryuuya-sama.
<1288> 裏葉が早口で呼びかけてきた。;;;<1288> Uraha m'interpella en prononçant mon nom à toute vitesse.
<1289> \{裏葉}「だれかが近くにいます」;;;<1289> Il y a quelqu'un. Tout prêt.
<1290> 一応様子をうかがってみるが、それらしき気配はない。;;;<1290> Je scrutai les environs mais ne remarquai rien.
<1291> \{柳也}「雨音だよ。心配ない…」;;;<1291> C'est juste la pluie. Pas besoin de s'inquiéter...
<1292> 言い捨てかけて、俺もそれに気づいた。;;;<1292> Pile au moment où je terminai ma phrase, je sentis quelque chose à mon tour.
<1293> 木々の葉を通して降る雨音の向こう。;;;<1293> Au-delà du bruit du vacarme de la pluie qui tombait à travers les feuilles des arbres...
<1294> 何か異質な音がかすかに混じっている。;;;<1294> ... se mêlait un bruit qui tranchait avec le reste.
<1295> \{柳也}「頭を低くして、物音を立てるな」;;;<1295> Gardez la tête baissée et ne faites pas de bruit.
<1296> \{神奈}「追っ手か？」;;;<1296> Seraient-ce des poursuivants ?
<1297> \{柳也}「静かにしてろ」;;;<1297> Ne dis rien.
<1298> 辺りを見回そうとした神奈の頭をあわてておさえる。;;;<1298> Je retins précipitamment la tête de Kanna alors qu'elle commençait à regarder autour d'elle.
<1299> 三人で息を殺し、ただじっと身をひそめる。;;;<1299> Nous retînmes notre respiration et restâmes immobiles.
<1300> 濡れた林間に雨音だけがふくらんでいく。;;;<1300> Seuls les bruits de la pluie se faisaient entendre dans la forêt.
<1301> やがて、それは訪れた。;;;<1301> Puis, ils arrivèrent :
<1302> 五、六人分ほどの足音が、道のない斜面を整然と下ってくる。;;;<1302> Cinq ou six paires de pas descendaient en ordre la pente dépourvue de chemin.
<1303> 革と木板が擦れあう音さりさりという音から、具足をまとっているとわかる。;;;<1303> Le bruit sec et saccadé du cuir et du bois qui frottent l'un contre l'autre m'indiqua qu'ils étaient en armure.
<1304> 社殿からの追っ手だろうか？;;;<1304> Nous avaient-ils suivis depuis le sanctuaire ?
<1305> それにしては早すぎるし、現れる方向が逆だ。;;;<1305> Il était trop tôt pour cela. D'autant plus qu'ils arrivaient de la direction opposée.
<1306> 足音はすこし離れたところを通り過ぎ、気づかれることはなかった。;;;<1306> Les bruits de pas se firent de plus en plus distants. Ils étaient passés sans nous remarquer.
<1307> \{柳也}「…動いていいぞ」;;;<1307> ... Vous pouvez bouger.
<1308> \{神奈}「ふう。厄介なことよの」;;;<1308> Fiou... C'était pénible.
<1309> 軽口を言うが、舌の端にかすかな震えが覗いている。;;;<1309> Il parle avec désinvolture, mais je pouvais entendre sa langue trembler.
<1310> \{柳也}「よく黙っていられたな」;;;<1310> Tu as réussi à rester silencieuse. Bravo.
<1311> \{神奈}「たかが足音であろ。何を取り乱すことがある？」;;;<1311> Ce n'étaient que des bruits de pas. Il n'a là aucune raison de perdre son sang-froid.
<1312> \{裏葉}「山を下っていきましたね」;;;<1312> Ils sont arrivés au pied de la colline.
<1313> 溜めていた息を吐き出しながら、裏葉が言った。;;;<1313> dit Uraha en laissant enfin échapper le soupir qu'elle avait gardé pour elle durant tout ce temps.
<1314> \{柳也}「社の者たちではなかったな」;;;<1314> Ils n'étaient pas du sanctuaire.
<1315> \{裏葉}「なぜおわかりに？」;;;<1315> Comment pouvez-vous le savoir ?
<1316> \{柳也}「こんな山中で乱れずに行軍（かちだち）できるような奴らは、俺の部下にはいなかった」;;;<1316> Mes subordonnés sont bien incapables de marcher ainsi en rangs en pleine montagne.
<1317> 俺の目が確かなら、さっきの兵たちは相当に場数を踏んでいる。;;;<1317> Si je ne dis pas de bêtises, les soldats de tout à l'heure étaient des vétérans. Et pas des moindres.
<1318> 前触れなく出くわしていたら、やっかいなことになっていただろう。;;;<1318> Tombez nez à nez sur eux aurait pu très mal finir.
<1319> そして、彼らが目指す場所はひとつしかありえなかった。;;;<1319> En outre, ils ne pouvaient se rendre qu'à un seul endroit...
<1320> \{裏葉}「どういうことでございましょう？」;;;<1320> Mais que se passe-t-il ?
<1321> \{柳也}「俺が案じていたより、一晩早く事が起こったらしい」;;;<1321> Il semblerait que ce qui me taraudait jusqu'ici se soit produit une nuit plutôt que ce que j'imaginais.
<1322> 裏葉が訊ね返してくる前に、俺は立ちあがった。;;;<1322> Avant qu'Uraha ne pût poser davantage de questions, je me relevai.
<1323> \{柳也}「行くぞ」;;;<1323> Allons-y.
<1324> 休んで元気になったのか、荷のない神奈が真っ先に歩き出す。;;;<1324> Kanna, qui ne portait rien, semblait avoir repris des forces grâce à cette pause.
<1325> \{神奈}「はようせい。置いていくぞ」;;;<1325> Hâtez-vous. Sinon, je vous laisse ici.
<1326> \{柳也}「そっちは元来た方なんだが」;;;<1326> C'est de par là qu'on vient.
<1327> \{神奈}「…おっ、おぬしは冗談もわからんのか」;;;<1327> ... V-Vous n'arrivez même point à comprendre qu'il s'agit là d'une plaisanterie !
<1328> 必死で言いつくろうが、かなり苦しい。;;;<1328> Sa tentative désespérée de masquer son erreur était pitoyable.
<1329> \{神奈}「もちろんこちらだ。では行くぞっ」;;;<1329> Évidemment que c'est par là. Allez, hâtez-vous.
<1330> くるりと方向を変えようとして、神奈が立ち止まった。;;;<1330> Elle pivota et partit dans une autre direction, mais s'arrêta aussitôt.
<1331> 木々の幹を通して見える遠景に、一心に視線をそそいでいる。;;;<1331> Son regard était plongé dans le paysage que l'on distinguait derrière les troncs.
<1332> \{神奈}「柳也どの、あれは…」;;;<1332> Ryuuya-dono, c'est...
<1333> 神奈が指さしたその先。;;;<1333> Kanna tendit un doigt devant elle.
<1334> 黒々とした山肌の中に、炭火のように赤い光が見えた。;;;<1334> Une lueur grenat tel un feu de charbon se distinguait sur la montagne plongée dans le noir.
<1335> \{柳也}「あのあたりには社殿以外に建物はない」;;;<1335> Il n'y a pas d'autre bâtiment que le sanctuaire, par là-bas.
<1336> \{神奈}「………」;;;<1336> .........
<1337> 神奈はただ、だまって光を見つめていた。;;;<1337> Kanna regardait la lueur en silence.
<1338> 一生抜け出せないと思っていた檻（おり）の外に、神奈は立っている。;;;<1338> Elle contemplait la cage dont elle pensait ne jamais pouvoir sortir.
<1339> どんな心持ちになるものか、俺には見当もつかなかった。;;;<1339> Je n'aurais même pas pu ne serait-ce qu'imaginer ce qu'elle était en train de ressentir.
<1340> \{裏葉}「もうこのような遠くまで来たのですね」;;;<1340> Nous sommes déjà loin.
<1341> 俺は何も答えなかった。;;;<1341> Je n'avais rien à lui répondre.
<1342> 光はだんだん強くなり、今はまるで野焼きのように赤々と照り映えている。;;;<1342> L'éclat rougeoyant se faisait de plus en plus intense, et évoquait désormais un noyaki*.
<1343> 胸の内に苦いものがせり上がってくるのを感じた。;;;<1343> Je pouvais sentir une sorte d'amertume monter dans ma poitrine.
<1344> やがて、裏葉も違和感に気づいた。;;;<1344> Ce malaise gagna bientôt Uraha.
<1345> \{裏葉}「篝火（かがりび）を焚いているのでしょうか？」;;;<1345> Est-ce un feu de joie qui brûle ainsi ?
<1346> \{柳也}「篝火だけではあそこまで明るくならない」;;;<1346> Si ce n'était qu'un feu de joie, il ne brillerait pas aussi fort.
<1347> \{柳也}「燃えているんだ、社殿が」;;;<1347> Le sanctuaire est en feu.
<1348> 神奈と裏葉が息を飲んだのがわかった。;;;<1348> Kanna et Uraha en eurent le souffle coupé.
<1349> \{神奈}「たわけたことを申すでない！」;;;<1349> Ne dites pas de telles sottises !
<1350> 神奈が叫んだ。;;;<1350> Kanna me cria dessus.
<1351> しかし、俺の言葉が嘘ではないことは目前の光景が物語っていた。;;;<1351> Cependant, la vérité de mes propos était rendue évidente par le spectacle qui se déroulait sous nos yeux.
<1352> 恐らく社殿全体に火が回ったのだろう。;;;<1352> L'incendie s'était sans doute propagé à l'ensemble du sanctuaire.
<1353> 吹きあげる炎と煙が、山肌の一角を赤黒く染めあげていた。;;;<1353> Les flammes et la fumée qui s'élevaient teintaient une partie du flanc de la montagne d'un rouge foncé.
<1354> \{神奈}「それでは、社の者どもは…」;;;<1354> Mais alors, le personnel du sanctuaire...
<1355> 神奈がつぶやくように言った。;;;<1355> marmonna Kanna.
<1356> \{柳也}「逃げ出してるさ。俺たちみたいにな」;;;<1356> Ils se sont enfuis. Tout comme nous.
<1357> 答えたが、それは嘘だ。;;;<1357> Cette réponse n'était qu'un mensonge.
<1358> さっき山を下っていった兵士たちは、社殿から逃げる者を待ち伏せるための隊だろう。;;;<1358> Les soldats que l'on avait vus descendre la montagne un peu plus tôt étaient sans doute venus prendre les fuyards en embuscade.
<1359> そこまで念入りに包囲するのは、事情を知る者を皆殺しにするため以外考えられない。;;;<1359> La discrétion avec laquelle ils avaient mené cet encerclement ne pouvait avoir d'autre objectif que l'élimination de toutes les parties impliquées dans le sanctuaire.
<1360> 社殿の者たちは、もともと使い捨てにされる手筈だったのだ。;;;<1360> Il avait été prévu depuis le début que tous seraient sacrifiés.
<1361> そう考えれば、すべての辻褄が合う。;;;<1361> Vu comme cela, tout faisait sens.
<1362> \{神奈}「そうか。みな、首尾よく逃げ出しているであろうな」;;;<1362> Je vois. Alors, tout le monde a réussi s'enfuir...
<1363> 自分を無理矢理納得させるように、神奈が言った。;;;<1363> dit Kanna sur un ton qui laissait penser qu'elle se forçait à le croire.
<1364> \{裏葉}「なぜこのようなことを？」;;;<1364> Pourquoi faire une chose pareille ?
<1365> 裏葉の声音もかつてなかったほどに硬い。;;;<1365> Son intonation était plus grave que je ne l'avais jamais entendue.
<1366> \{柳也}「社でなにが起こったのか、知られたくないんだろうな」;;;<1366> Peut-être souhaitent-ils que ce qu'il s'est produit au sanctuaire ne s'ébruite pas ?
<1367> \{神奈}「なにゆえにか？」;;;<1367> Pour quelle raison ?
<1368> \{柳也}「俺にもわからない」;;;<1368> Je n'en sais rien.
<1369> そう答えるしかなかった。;;;<1369> Je n'avais pas d'autre réponse à lui offrir.
<1370> どんな秘密があるにせよ、俺たちが取るべき道はひとつだった。;;;<1370> Peu importe le secret qu'ils cherchaient à dissimuler, nous n'avions qu'une seule voie à suivre.
<1371> \{柳也}「行くぞ」;;;<1371> Allons-y.
<1372> \{裏葉}「神奈さま、まいりましょう」;;;<1372> Kanna-sama, reprenons la marche.
<1373> 神奈はまだ社殿に見入っていた。;;;<1373> Kanna continuait à regarder le sanctuaire.
<1374> \{裏葉}「神奈さま…」;;;<1374> Kanna-sama...
<1375> \{神奈}「今行く」;;;<1375> J'arrive.
<1376> 瞳から炎を振りはらい、俺の背中に続いた。;;;<1376> Elle détourna le regard du brasier et me suivit.
<1377> 山中を一刻ほど歩いたころ。;;;<1377> Environ une heure de marche dans les collines plus tard...
<1378> 行く手から、雨とはちがう水音が響いてきた。;;;<1378> Nous entendîmes un bruit signalant la présence d'un cours d'eau, un bruit différent de celui de la pluie.
<1379> ざああああ…;;;<1379> \bZaaaaa\u...
<1380> 渓谷だった。;;;<1380> C'était une gorge.
<1381> 雨のせいでかなり増水していて、向こう岸には渡れそうになかった。;;;<1381> La pluie avait fait monter le niveau de l'eau au point qu'elle ne devait plus être franchissable.
<1382> かと言って、引き返すわけにもいかない。;;;<1382> Cela dit, faire demi-tour n'était pas une option.
<1383> \{裏葉}「どういたします？」;;;<1383> Que devons-nous faire ?
<1384> \{柳也}「沢にそって進むしかないな。行くぞ」;;;<1384> Nous n'avons d'autre choix que remonter le cours d'eau. On y va.
<1385> 俺が登りはじめると、裏葉と神奈も無言で続いた。;;;<1385> J'entamai l'ascension. Uraha et Kanna me suivirent en silence.
<1386> 沢沿いでは濡れた岩が邪魔をし、軽々とはいかない。;;;<1386> Les rochers humides qui jonchaient les berges rendaient la progression plus ardue.
<1387> まず神奈が遅れだし、続いて裏葉も遅れだす。;;;<1387> Kanna commença à ralentir, puis ce fut au tour d'Uraha.
<1388> \{柳也}「がんばれ。ここを越えれば楽になる」;;;<1388> Faites un effort. La suite devrait être plus simple.
<1389> 呼びかけても返事はかえってこない。;;;<1389> Cet encouragement n'eut droit à aucune réponse.
<1390> 神奈も裏葉も、ただ黙々と足を動かしている。;;;<1390> Les deux traînaient les pieds en silence.
<1391> このまま沢沿いを進めば、いずれ神奈たちの体力が続かなくなる。;;;<1391> À ce rythme, si l'on continuait de longer l'eau, leur endurance finirait par s'épuiser.
<1392> いずれ追いつかれる。;;;<1392> Et alors, on se ferait rattraper.
<1393> 問題はそれから先だった。;;;<1393> La question était surtout de savoir ce qui arriverait ensuite.
<1394> 社殿を襲った連中の目的は、まちがいなく神奈備命にある。;;;<1394> L'objectif des individus qui ont attaqué le sanctuaire était sans aucun doute Kannabi-no-Mikoto.
<1395> 社殿を陥落させたあと、奴らは神奈備命をどのように処遇するつもりだったのか？;;;<1395> Que comptaient-ils faire avec elle une fois le sanctuaire rasé ?
<1396> 手あつく保護するつもりなのか、生け捕りにするつもりなのか。;;;<1396> La prendre sous leur protection ? La capturer vivante ?
<1397> それとも…;;;<1397> Ou bien...
<1398> \{裏葉}「柳也さま」;;;<1398> Ryuuya-sama.
<1399> 我に返ると、裏葉が俺のとなりまで登っていた。;;;<1399> Je revins à moi et vis que Uraha m'avait rejoint.
<1400> \{裏葉}「今、灯かりが見えました」;;;<1400> J'ai vu une lumière, à l'instant.
<1401> 半身をねじるようにして、背後を指さす。;;;<1401> Elle pivota et montra du doigt quelque chose derrière elle.
<1402> 木々の幹を通して、松明（たいまつ）の火がちろちろと見え隠れしている。;;;<1402> Là, je vis les flammes de torches vaciller et disparaître par intermittence derrière les arbres.
<1403> \{裏葉}「あちらにも」;;;<1403> Il y en a aussi par là.
<1404> \{神奈}「向こうにも見えるぞ」;;;<1404> J'en vois aussi de l'autre côté.
<1405> 神奈は逆の山肌を指していた。;;;<1405> Kanna tendit un doigt en direction du flanc de colline qui nous faisait face.
<1406> 真っ黒な斜面のそこかしこに松明の光が散りばめられ、星のように見えた。;;;<1406> Des torches étaient visibles ici et là sur la pente noire, ressemblant à des étoiles.
<1407> \{柳也}「三十…いや、四十人はいるな」;;;<1407> Trente... Nan, il y a là quarante personnes.
<1408> 松明をかかげて大勢で追ってくるのは、こちらが反撃するとは思っていない証拠だ。;;;<1408> Vu leur nombre et le fait qu'ils nous suivaient torches en main prouvait qu'ils ne s'attendaient pas à la moindre riposte de notre part.
<1409> つけいる隙があるとすれば、そこだった。;;;<1409> À nous d'en profiter.
<1410> \{柳也}「神奈、おまえはよほど人気があるんだな」;;;<1410> Kanna, on dirait que t'as du succès.
<1411> \{神奈}「そんな人気など、おぬしにくれてやるわ」;;;<1411> Ce succès, je vous le laisse.
<1412> 苦しい息を整えながら、さも迷惑そうに言う。;;;<1412> dit-elle d'un ton agacé tout en reprenant son souffle.
<1413> \{柳也}「なるほど、それがいいかもしれないな」;;;<1413> Soit. C'est peut-être la meilleure solution.
<1414> \{神奈}「どういう意味か？」;;;<1414> Que voulez-vous dire ?
<1415> それには答えず、俺は神奈に正面から向きなおった。;;;<1415> Avant de répondre, je me tournai pour être face à Kanna.
<1416> \{柳也}「俺の言葉通りにすれば必ず生き残る」;;;<1416> Fais exactement ce que je te dis et tu vivras.
<1417> \{柳也}「…とりあえず、今はそう信じといてくれ」;;;<1417> ... Pour le moment, accorde-moi ta confiance.
<1418> \{神奈}「そのようなことはもっと頼もしげに言わぬか」;;;<1418> Ne pourriez-vous pas formuler cela d'une manière plus convaincante ?
<1419> \{柳也}「根が正直なんでな」;;;<1419> Bah, je suis quelqu'un d'honnête.
<1420> \{裏葉}「どうすればよろしいのでしょう？」;;;<1420> Que devons-nous faire ?
<1421> \{柳也}「なにがあってもここを動くな」;;;<1421> Peu importe ce qui arrive, ne bougez pas d'ici.
<1422> 予想していなかった答えなのだろう。神奈と裏葉が絶句した。;;;<1422> Ne s'attendant pas à une telle réponse, Kanna et Uraha restèrent sans voix.
<1423> \{柳也}「二人でその辺に座って、のんびりしていればいい」;;;<1423> Vous devriez vous asseoir quelque part et vous reposer.
<1424> \{柳也}「できるだけ音を立てずにできればなおいい」;;;<1424> Tout ce qui compte, c'est que vous ne fassiez aucun bruit.
<1425> 俺は事もなげに付け加えたが、それには理由がある。;;;<1425> J'avais ajouté cela comme si de rien n'était, mais il y avait une bonne raison derrière.
<1426> こんな状況でじっと動かずにいるとしたら、その恐ろしさは想像を絶する。;;;<1426> Dans une telle situation, rester immobile serait une horreur inimaginable.
<1427> 逃げ回っている方が、はるかに気が楽なのだ。;;;<1427> Simplement s'enfuit serait bien, bien plus aisé.
<1428> \{裏葉}「…柳也さまはどうなさるのですか？」;;;<1428> ... Ryuuya-sama, que comptez-vous faire ?
<1429> そう問われて、俺は裏葉に向きなおった。;;;<1429> À cette question, je me tournai vers elle.
<1430> \{柳也}「神奈の表着の替えがあるよな？」;;;<1430> Tu as une tunique de rechange pour Kanna, je crois ?
<1431> \{裏葉}「はい、言いつけられましたとおり、一枚だけ持参しました」;;;<1431> En effet. J'en ai apporté une, comme vous me l'avez demandé.
<1432> \{柳也}「悪いが出してくれ」;;;<1432> Désolé, mais tu peux la sortir ?
<1433> \{神奈}「ここで着替えろと申すのか？」;;;<1433> Vous voulez que je me change ici ?
<1434> \{柳也}「いや、おまえが着るんじゃない」;;;<1434> Nan, c'est pas toi qui la porteras.
<1435> \{柳也}「俺が着るんだ」;;;<1435> Ce sera moi.
<1436> 急な渓谷を駈け降りる。;;;<1436> Je dévalais la gorge à toute vitesse.
<1437> 事は一刻を争う。;;;<1437> Il s'agissait d'une course contre-la-montre.
<1438> 俺の動きが早ければ早いほど、神奈と裏葉を危険から遠ざけることができる。;;;<1438> Plus je me déplacerais rapidement, plus j'éloignerais Kanna et Uraha du danger.
<1439> 濡れた岩や木の根に気をつけながら、ひたすら下流を目指す。;;;<1439> Tout en faisant attention aux rochers mouillés et aux racines sur ma route, je courais sans relâche en direction de l'aval.
<1440> 左手には神奈の表着を抱えている。;;;<1440> La tunique de Kanna se trouvait dans ma main gauche.
<1441> 何に使うか教えていたら、裏葉は絶対に貸してくれなかっただろう。;;;<1441> Si je lui avais dit ce que je prévoyais d'en faire, Uraha aurait catégoriquement refusé de me la prêter.
<1442> やがて。;;;<1442> Finalement...
<1443> 湿った風が、燈油と松脂（まつやに）が焼ける臭いを運んできた。;;;<1443> Le vent humide transporte un parfum d'huile à brûler et de résine de pin.
<1444> 俺の前方、松明の明かりが煌々（こうこう）と見えた。;;;<1444> Devant moi, les torches brillent de mille feux.
<1445> 川面をはさんで両岸の斜面を、十名ほどが登ってくる。;;;<1445> Une dizaine d'individus remontent la pente de part et d'autre du cours d'eau.
<1446> 木立に身を隠しながら、集団の先頭をうかがう。;;;<1446> Je me cache entre les arbres et commence à observer la tête du peloton.
<1447> むずかしいのはここからだった。;;;<1447> Le plus dur commence maintenant.
<1448> 相手に近づきすぎない場所から、こちらの姿をちらりと見せなければならない。;;;<1448> Il me faut m'approcher d'eux sans les laisser me voir.
<1449> 神奈の表着を開き、頭を隠すように被（かぶ）る。;;;<1449> J'ouvre la tunique de Kanna pour m'en couvrir la tête.
<1450> 裏葉が選んだ派手な色合いが、今は逆にありがたかった。;;;<1450> Cette fois, je suis bien content qu'elle ait choisi un ton aussi criard.
<1451> 土を踏みしめる足音が近づく。;;;<1451> Les bruits de pieds foulant la terre se font de plus en plus proche.
<1452> 深く息を吸った。;;;<1452> Je prends une grande inspiration.
<1453> 次の瞬間、俺は木々の隙間に身をおどらせた。;;;<1453> L'instant d'après, je bondis dans l'espace entre deux arbres.
<1454> 先頭を歩いていた兵士が、ぎくりと立ちどまった。;;;<1454> Le soldat qui marche en tête s'arrête brusquement sous le coup de la surprise.
<1455> 松明を高くかかげ、けげんそうに俺の方を見る。;;;<1455> Il lève sa torche et me dévisagea comme si j'étais une apparition.
<1456> そこで踵（きびす）を返し、梢の間に逃げこんだ。;;;<1456> Je fais alors volte-face et m'enfuis dans les bois.
<1457> \{声}「いたぞ、女だ！」;;;<1457> Elle est là !
<1458> 興奮した怒鳴り声。;;;<1458> S'ensuivent des cris excités.
<1459> ヒュィ～～～～。;;;<1459> \bHiiiii~\u...
<1460> かん高い呼び子の音が、森中に響きわたった。;;;<1460> Le bruit perçant d'un sifflet retentit dans toute la forêt.
<1461> 思惑通りだ。;;;<1461> Comme je m'y attendais.
<1462> 木々を縫って斜面を疾走する。;;;<1462> Je dévale la pente, esquivant les arbres sur mon chemin.
<1463> 重い足音が背後から迫ってくる。;;;<1463> De lourds bruits de pas sont à ma poursuite.
<1464> 最初は沢から離れる。;;;<1464> Je dois d'abord m'éloigner de la rigole.
<1465> 追っ手をできるだけ大勢引き寄せるためだ。;;;<1465> Et ce afin d'attirer autant de poursuivants que possible.
<1466> \{声}「くそっ、存外足が早いぞ」;;;<1466> Bon sang ! Elle court plus vite que prévu !
<1467> \{声}「見失うな、急げ！」;;;<1467> Ne la perdez pas de vue ! Plus vite !
<1468> 狩り場で鹿でも追うように、大声で指示を伝えあっている。;;;<1468> Ils s'échangent des instructions en criant comme s'ils étaient en train de courir après un cerf.
<1469> \{柳也}「…兵は手練（てだ）れでも、指揮がなってないな」;;;<1469> ... Les soldats se débrouillent, mais leur commandement laisse à désirer.
<1470> 全力で逃げ回りながら、俺はそうほくそ笑んだ。;;;<1470> pensé-je en gloussant alors que je cours à toute vitesse.
<1471> 俺なら全員の松明を消させ、闇にまぎれて包囲網を張り直す。;;;<1471> Si j'avais été leur commandant, j'aurais ordonné que tous éteignent leur torche et qu'ils profitent de la pénombre pour m'encercler.
<1472> 暗闇で、このぬかるんだ足場だ。;;;<1472> Outre la pénombre, le sol est boueux.
<1473> 具足（ぐそく）をつけた兵士では、兎一匹捕まえられないだろう。;;;<1473> Dans ces conditions, un homme en armure ne pourrait même pas attraper un lapin.
<1474> 目前に急な崖が現れた。;;;<1474> Une falaise apparait juste devant moi.
<1475> 衣をかついだまま、足場をえらんで駈け登る。;;;<1475> La tunique toujours sur ma tête, je commence à l'escalader rapidement, faisant attention à l'endroit où je pose mes pieds.
<1476> ヒュィ～～～～。;;;<1476> \bHiiiii~\u...
<1477> また呼び子が響いた。;;;<1477> Le sifflet résonne de nouveau.
<1478> …ヒュィ～～～～。;;;<1478> ... \bHiiiii~\u...
<1479> どこか遠くで、別の呼び子がこたえた。;;;<1479> Quelque part au loin, un autre sifflet lui répond.
<1480> 神奈と裏葉は大人しくしているだろうか？;;;<1480> Kanna et Uraha font elles ce que je leur ai dit de faire ?
<1481> ちらりとそう思ったが、今はたしかめる術がない。;;;<1481> Cette pensée me traverse brièvement l'esprit, mais pour l'instant, je n'ai aucun moyen d'en avoir la réponse.
<1482> \{兵士}「女がいたぞ、こっちだ！」;;;<1482> La femme ! Elle est là !
<1483> 容赦なく声が飛び、別の追っ手を呼び寄せる。;;;<1483> Quelqu'un crie à s'en déchirer la gorge pour rameuter les autres poursuivants.
<1484> \{柳也}「…そろそろだな」;;;<1484> ... C'est le moment.
<1485> 俺は沢にとって返すことにした。;;;<1485> Je fais demi-tour et commence à regagner le cours d'eau.
<1486> 元来た斜面を転がるように下る。;;;<1486> Je me laisse dégringoler la pente par laquelle je suis arrivée.
<1487> 追っ手の灯す松明が、時折肩越しに見えた。;;;<1487> De temps à autre, je peux apercevoir les torches de mes poursuivants en regardant par-dessus mon épaule.
<1488> ほどなく沢に着いた。;;;<1488> J'arrive bientôt au cours d'eau.
<1489> 神奈と裏葉が待つ場所からはかなり下ったところだ。;;;<1489> Cet endroit est plus en aval que celui où se trouvaient Kanna et Uraha.
<1490> 上流では雨が強いのだろう、水音は勢いを増していた。;;;<1490> Il doit pleuvoir fort en amont, car les échos du courant se font de plus en plus fort.
<1491> 表着を地面に放った。;;;<1491> J'abandonne la tunique par terre.
<1492> 手近なところに、抱えるほどもある岩を見つけた。;;;<1492> Ensuite, je trouve un roc suffisamment gros pour tenir dans mes bras.
<1493> 腰を落として持ち上げ、水面めがけて放り投げた。;;;<1493> Je m'accroupis, le soulève, et le lance dans l'eau.
<1494> …じゃばっ！;;;<1494> ... \bSplash\u !!
<1495> 濁流の真ん中に水柱が立ちあがった。;;;<1495> Une colonne d'eau s'éleve au milieu du torrent boueux.
<1496> \{柳也}「女が沢に落ちたぞ！」;;;<1496> Elle est tombée dans l'eau !
<1497> 間髪を入れずに、俺はそう叫んだ。;;;<1497> crié-je immédiatement après.
<1498> 直上の崖からすぐに反応があった。;;;<1498> Les soldats plus en amont réagissent au quart de tour :
<1499> \{声}「沢に落ちたらしい」;;;<1499> Elle est tombée dans l'eau !
<1500> \{声}「この真下から聞こえたぞ」;;;<1500> C'était un peu plus bas ! Je l'ai entendue !
<1501> 続いて、藪をかきわける音。;;;<1501> S'ensuit le bruit de feuillage que l'on écarte.
<1502> 俺は神奈の表着を両手でひろいあげた。;;;<1502> Je ramasse la tunique de Kanna à deux mains.
<1503> \{柳也}「悪いな、裏葉」;;;<1503> Pardon, Uraha.
<1504> びりびりびり…;;;<1504> \bShrrr\u...
<1505> 絹の布地を袖から乱暴に引き裂く。;;;<1505> Je la déchire avec force en commençant par les manches.
<1506> 帯のように細くなった布切れを、沢に近い木の枝にかけた。;;;<1506> J'en arrache un morceau de tissus aussi fin qu'une ceinture et le suspends à une branche d'arbre au bord de l'eau.
<1507> 残りの布は水面に流した。;;;<1507> Ceci fait, je laisse le courant emporter le reste de la tunique.
<1508> こうしておけば、神奈はここから水に落ちたように見えるはずだ。;;;<1508> Ainsi, cela donnera l'illusion que Kanna est véritablement tombée dans l'eau.
<1509> すべての細工を終え、沢沿いの崖をよじ登った。;;;<1509> Mon ouvrage achevé, je remonte un peu la pente le long du cours d'eau.
<1510> 岩陰に隠れ、聞き耳を立てる。;;;<1510> Tapis derrière un roc, je tends l'oreille :
<1511> \{声}「見ろ、衣の切れ端だ」;;;<1511> Regardez ! Ça vient de sa tunique !
<1512> \{声}「みなを集めよ、はようせい」;;;<1512> Rassemblez tout le monde ! Et vite !
<1513> ヒュィ～～～～ヒュィ～～～～ヒュィ～～～～。;;;<1513> \bHiiiii~\u... \bHiiiii~\u... \bHiiiii~\u...
<1514> 呼び子がひときわ大きく鳴り響いた。;;;<1514> Leurs sifflets retentissent encore plus fort que les fois précédentes.
<1515> \{声}「者共、ここだ！」;;;<1515> Vous-tous ! Par ici !
<1516> \{声}「…下流だ、ここより下流をくまなく探せ」;;;<1516> ... Plus bas ! Descendez et cherchez partout !
<1517> 漏れ聞こえてくる指示に、俺はほくそ笑んだ。;;;<1517> Entendre ces consignes me fait sourire.
<1518> 今夜の雨で沢は増水している。;;;<1518> Cette nuit, la pluie avait fait monter le niveau de l'eau.
<1519> 表着はまぎれもない神奈備命のものだ。;;;<1519> Et la tunique appartient clairement à Kannabi no Mikoto.
<1520> 偽装とわかるまでに、うまくいけば数日は稼げる。;;;<1520> Si tout se passe au mieux, il leur faudra quelques jours pour se rendre compte de la supercherie.
<1521> \{柳也}「…ここまでは上手くいったな」;;;<1521> ... Pour l'instant, je m'en sors très bien.
<1522> 呼吸を整えながら、ひとりつぶやいた。;;;<1522> me murmuré-je tout en essayant de calmer ma respiration.
<1523> だがもうひとつ、済ませておきたいことがあった。;;;<1523> Il me reste encore une chose à faire, une seule.
<1524> 俺は腰を上げ、そっとその場を離れた。;;;<1524> Je me relève et quitte l'endroit sans un bruit.
<1525> 慎重に気配を探りながら、ゆっくりと歩を進める。;;;<1525> Je progresse prudemment en sondant lentement les environs.
<1526> やがて、数人の兵士が具足を鳴らし、坂を駈け下ってきた。;;;<1526> Peu après, plusieurs soldats descendent la pente en courant dans un cliquetis d'armures.
<1527> 下草に身を隠し、これはやりすごした。;;;<1527> Je me cache dans les broussailles et les laisse me dépasser.
<1528> 姿勢を低くしたまま、上流側に移動する。;;;<1528> Tout en restant près du sol, je reprends mon ascension.
<1529> すぐに別の兵士が歩いてくるのを見つけた。;;;<1529> Je remarque bientôt un soldat qui marche dans ma direction.
<1530> 単独で、松明も持っていない。;;;<1530> Il est seul, et ne tient pas de torche.
<1531> 物音を立てないように注意して、兵士が通る道筋に先回りした。;;;<1531> Sans faire de bruit, je contourne le chemin qu'il s'apprête à emprunter et viens me positionner plus avant.
<1532> 木のうしろに身を置き、しずかに抜刀した。;;;<1532> Caché derrière un arbre, je sors tranquillement ma lame de son fourreau.
<1533> そのまま息を潜める。;;;<1533> Sabre en main, je retiens ma respiration.
<1534> 兵士は俺のことにはまったく気づいていない。;;;<1534> Le soldat n'a pas remarqué ma présence.
<1535> 俺の元まであと十歩。;;;<1535> Encore dix pas...
<1536> あと五歩。;;;<1536> Cinq pas...
<1537> 脇を通り抜けようとした刹那。;;;<1537> Alors qu'il passe devant moi...
<1538> 俺は兵士の喉笛に刃をぴたりと押し当てた。;;;<1538> Ma lame vient se blottir sous sa gorge.
<1539> \{兵士}「……！」;;;<1539> ......!
<1540> \{柳也}「大声を出すな」;;;<1540> Ne crie pas.
<1541> 答えのかわりに、ごくりと喉を鳴らす音が聞こえた。;;;<1541> En guise de réponse, j'ai droit à un bruit de déglutition.
<1542> \{柳也}「太刀を捨てろ」;;;<1542> Lâche ton sabre.
<1543> \{兵士}「………」;;;<1543> .........
<1544> \{柳也}「太刀を捨てろ」;;;<1544> Lâche ton sabre.
<1545> 声音を変えずに、重ねて言う。;;;<1545> dis-je une deuxième fois.
<1546> 兵士の手から黒柄の太刀が離れ、地面にどさっと落ちた。;;;<1546> Le sabre au manche noir quitte sa main et tombe lourdement au sol.
<1547> \{柳也}「俺の問いに正直に答えろ。そうすれば生命（いのち）だけは助けてやる」;;;<1547> Réponds-moi la vérité et je te laisse la vie sauve.
<1548> 兵士がかすかにうなずいた。;;;<1548> Il acquiesce faiblement.
<1549> \{柳也}「なぜ神奈備命を追う？」;;;<1549> Pourquoi vous poursuivez Kannabi no Mikoto.
<1550> \{兵士}「知らぬ。そう命じられたからだ」;;;<1550> J'en sais rien ! Je fais que suivre les ordres !
<1551> \{柳也}「神奈備命をどうするつもりだった？」;;;<1551> Qu'est-ce que vous comptez faire avec elle ?
<1552> \{兵士}「どうもせぬ。ただ捕らえよ、と」;;;<1552> Rien. Nous devons juste la capturer !
<1553> \{柳也}「だれの命で動いている？」;;;<1553> Qui a donné l'ordre ?
<1554> \{兵士}「知らぬ」;;;<1554> J'en sais rien !
<1555> \{柳也}「隠すとためにならない」;;;<1555> Tu ne gagneras rien à me le cacher.
<1556> 柄に力をこめ、刃を肌に密着させる。;;;<1556> Je serre fermement mon sabre et pousse la lame contre sa peau.
<1557> 雨と泥で汚れた兵士の頬が、ぴくぴくと引きつった。;;;<1557> Ses joues souillées par la pluie et la boue se crispent.
<1558> \{兵士}「まっ、まことのことだ。われらは何も知らぬ」;;;<1558> J-J'vous dis la vérité ! Je ne sais rien d'autre !
<1559> \{兵士}「ただ棟梁（とうりょう）は、逆賊を討つためだと申しておった」;;;<1559> Notre chef nous a juste dit d'éliminer les rebelles !
<1560> \{柳也}「どこから来た？」;;;<1560> Tu viens d'où ?
<1561> \{兵士}「吾妻から」;;;<1561> D'Azuma.
<1562> \{柳也}「東国か…」;;;<1562> De l'est, hein...
<1563> 都よりはるか東に下ると、屈強な野武士をたばねた傭兵団があると聞く。;;;<1563> On dit que réside, au sud de la capitale, loin à l'est, une troupe de robustes soldats de fortunes.
<1564> 秘密裏に事を運ぶのには慣れた連中だ。;;;<1564> Une bande de guerriers habitués à agir en secret.
<1565> だとすれば、雑兵（ぞうひょう）がこれ以上の事情を知らされているとは思えなかった。;;;<1565> Si cela est vrai, alors un simple soldat n'est probablement pas au fait des circonstances de l'opération.
<1566> \{柳也}「わかった」;;;<1566> Soit.
<1567> 俺は兵士の喉元から刃を離した。;;;<1567> J'éloigne mon sabre de sa gorge.
<1568> そのまま刀を上段に振りかぶる。;;;<1568> Dans le même mouvement, je le lève haut.
<1569> 兵士は一瞬、呆気にとられたようだった。;;;<1569> Le soldat est pétrifié.
<1570> 俺の方を不思議そうに覗きこんだあと、自分がどうなるのか悟った。;;;<1570> Il me fixe d'un regard médusé, puis réalise mon intention.
<1571> \{柳也}「悪く思うなよ」;;;<1571> Ne le prends pas mal.
<1572> \{柳也}「動かなければ、楽にあの世に行ける」;;;<1572> Ne bouge pas, et ton départ vers l'au-delà se fera sans encombre.
<1573> \{兵士}「ひっ…」;;;<1573> Hi...!
<1574> 腰が抜けたのか、べったりと地面に座りこむ。;;;<1574> Comme si ses jambes avaient lâché, il se laisse lourdement tomber sur le sol.
<1575> \{兵士}「たっ、助け…」;;;<1575> À-À l'ai...
<1576> その首筋を狙いすまし、俺は刀を振り下ろした…;;;<1576> Je vise sa nuque, et abats ma lame.
<1577> \{声}「やめよっ！」;;;<1577> Arrêtez !!
<1578> 鋭い声がひらめいた。;;;<1578> Une voix perçante déchire l'air.
<1579> 俺はすんでのところで太刀筋を変えた。;;;<1579> Au dernier moment, mon sabre dévie de sa trajectoire.
<1580> 目当てを失った切っ先が、地面に突きささった。;;;<1580> Manquant sa cible, il vient s'enfoncer dans le sol.
<1581> それを見た兵士が、兎のように駈けだした。;;;<1581> En voyant cela, le soldat déguerpit tel un lapin.
<1582> その手が転がっていた太刀に伸びる…;;;<1582> Je le vois tendre le bras vers le sabre qu'il avait laissé tomber...
<1583> \{柳也}「くっ…」;;;<1583> Kuh...!
<1584> 俺はとっさに刃を返し、兵士の側頭を薙ぎはらった。;;;<1584> Ni une, ni deux, je retourne mon sabre et lui assène un coup avec le plat de la lame contre le côté de sa tête.
<1585> ごっ。;;;<1585> \bDong\u !
<1586> 鈍い音がした。;;;<1586> Un bruit sourd se fait entendre.
<1587> 声にならない悲鳴をあげて、兵士が地面に転がった。;;;<1587> Un cri inaudible de sa part plus tard, le soldat est étalé au sol.
<1588> 俺は太刀をかまえ直し、体ごと背後を振り返った。;;;<1588> Je réajuste ma posture et me retourne d'un mouvement rapide.
<1589> そこに立っていたのは、神奈と裏葉だった。;;;<1589> Kanna et Uraha se tenaient là.
<1590> 俺は太刀を鞘におさめた。;;;<1590> Je rengaine mon sabre.
<1591> \{柳也}「なぜここにいる？」;;;<1591> Qu'est-ce que vous faites là ?!
<1592> 神奈は答えず、別の問いを返してきた。;;;<1592> Kanna me répond par une question :
<1593> \{神奈}「斬ったのか？」;;;<1593> Vous l'avez tué ?
<1594> \{柳也}「峰打ちだ」;;;<1594> Je l'ai frappé avec le plat de la lame.
<1595> 峰打ちといっても、頭を鉄棒で殴られたに等しい。;;;<1595> Certes, ce n'est pas le tranchant, mais cela est équivalent à se prendre un coup de barre en fer.
<1596> しばらくは起きあがれないはずだ。;;;<1596> Il ne risque pas de se relever avant un bon moment.
<1597> すぐ近くの地面に、兵士の太刀が落ちていた。;;;<1597> Son sabre traîne par terre, juste à côté de nous.
<1598> 俺はそれを、斜面の下に蹴り飛ばした。;;;<1598> Je la repousse d'un coup de pied et l'envoie dégringoler la pente.
<1599> 腹の中が、怒りと不甲斐なさで煮えくりかえっていた。;;;<1599> Mon ventre bouillonne de frustration.
<1600> この二人は、どうして俺の指示通りにしなかったのだ？;;;<1600> Pourquoi ces deux-là n'ont-elles pas suivi mes consignes ?
<1601> どうせ恐怖でその場にいられなかったのだろう。;;;<1601> Sans doute étaient-elles terrifiées à l'idée de rester sans bouger au même endroit.
<1602> 山中を闇雲に歩くこの二人を、もしも追っ手が見つけていたら…;;;<1602> Si leurs poursuivants les avaient trouvées en train d'errer dans les collines...
<1603> もしもそんなことになったら、すべては終わっていたはずだ。;;;<1603> Alors tout aurait été terminé.
<1604> \{柳也}「裏葉、なぜあの場所を動いた？」;;;<1604> Uraha, pourquoi t'es partie ?
<1605> \{裏葉}「もうしわけございません…」;;;<1605> Je suis terriblement désolée...
<1606> \{神奈}「余が命じたのだ。裏葉に咎はない」;;;<1606> C'est moi qui ai ordonné à Uraha. Ne la blâmez point.
<1607> きっぱりと言い放つ。;;;<1607> intervient-elle sans hésiter.
<1608> 俺は神奈の様子がおかしいのに気づいた。;;;<1608> Je remarque que quelque chose ne semble pas être comme d'habitude chez Kanna.
<1609> 昏倒している兵士を見やると、神奈は俺に訊いた。;;;<1609> Après avoir étudié le soldat inconscient, elle me demande :
<1610> \{神奈}「おぬしはこの者を殺（あや）めるつもりだったのか？」;;;<1610> Aviez-vous l'intention de tuer cet homme ?
<1611> \{柳也}「そうしなければ、こっちの生命が危うくなる」;;;<1611> Soit je fais ça, soit c'est notre vie qui est en danger.
<1612> 神奈に俺がつき従っていることを知られた以上、生かして帰すわけにはいかない。;;;<1612> Puisqu'il sait maintenant que Kanna a un garde du corps, j'ai pensé que je ne pouvais plus me permettre de le laisser en vie.
<1613> 俺にとっては当然の話だった。;;;<1613> Pour moi, ce que j'ai fait était la moindre des choses.
<1614> だが、俺の答えを聞いたとたん、神奈の態度が一変した。;;;<1614> Suite à ma réponse, l'attitude de Kanna vire du tout au tout :
<1615> \{神奈}「恥を知れ、この痴れ者がっ！」;;;<1615> Ayez honte, sombre imbécile !!
<1616> 夜目に怒気がわかるほどだった。;;;<1616> Sa fureur était clairement visible même dans l'obscurité ambiante.
<1617> 俺はただ困惑していた。;;;<1617> Moi, je suis tout bonnement perplexe.
<1618> 神奈が何を怒っているのかわからなかったからだ。;;;<1618> Je suis incapable de comprendre ce qui l'énerve tant.
<1619> \{神奈}「おぬしは先ほど、この者に『命だけは助けてやる』と申したであろ？」;;;<1619> Ne vous ai-je point ordonné de lui laisser la vie sauve ?
<1620> \{柳也}「聞いてたのか…」;;;<1620> Donc tu as entendu...
<1621> \{神奈}「おぬしは平気で嘘をつくのか？」;;;<1621> Comment avez-vous osé me mentir sans le moindre scrupule ?
<1622> \{神奈}「おぬしは平気で誓いを破るのか？」;;;<1622> Êtes-vous du genre à briser vos serments sans hésiter ?
<1623> \{柳也}「それは時と場合による」;;;<1623> Ça dépend de la situation.
<1624> \{神奈}「余との誓いも、時と場合によっては破ると申すか？」;;;<1624> Dois-je comprendre que vous briserez que si une telle 'situation' se présente, vous romprez le serment qui nous lie ?
<1625> \{神奈}「おぬしは平気で…」;;;<1625> Êtes-vous...
<1626> \{神奈}「人を、殺めるのか？」;;;<1626> ... Du genre à... tuer sans sourciller ?
<1627> 神奈はまっすぐに俺のことを見すえていた。;;;<1627> Kanna me regarde droit dans les yeux.
<1628> 小さな唇がわなわなと震えていた。;;;<1628> Ses petites lèvres tremblent.
<1629> \{神奈}「そのような者に、余は護られとうない」;;;<1629> Si vous êtes ce genre de personne, alors je ne veux plus de votre protection.
<1630> 俺は自分のうかつさを知った。;;;<1630> Je réalise alors mon manque de discernement :
<1631> 『神奈備様が命、違えぬ事を誓約致し候』;;;<1631> Je jure de ne jamais désobéir aux ordres de Kannabi-sama.
<1632> それは俺にとって、命をかけた誓いのつもりだった。;;;<1632> Je lui ai juré fidélité, quitte à y laisser ma vie.
<1633> しかし神奈にとっては、単なる誓い以上のものだったのかもしれない。;;;<1633> Mais peut-être que pour Kanna, il ne s'agissait de rien de plus qu'une simple promesse.
<1634> 神奈は雨に濡れたまま、無言で俺のことを見ていた。;;;<1634> Kanna, trempée par la pluie, me dévisage en silence.
<1635> そしてこう言った。;;;<1635> Enfin, elle me dit :
<1636> \{神奈}「余はおぬしに命ずる」;;;<1636> Mon ordre est le suivant :
<1637> \{神奈}「余を主（あるじ）とするかぎり、今後一切の殺生を許さぬ」;;;<1637> Aussi longtemps que je serai votre maîtresse, je vous interdis d'ôter la vie à quoi que ce soit.
<1638> 俺は泥に片膝をつき、太刀を鞘ごと面前に置いた。;;;<1638> Je m'agenouille alors, dans la boue, et pose mon sabre et son fourreau devant moi.
<1639> \{柳也}「承知つかまつりました」;;;<1639> À vos ordres.
<1640> 深々と頭を下げる。;;;<1640> Je m'incline profondément.
<1641> \{神奈}「わかればよい」;;;<1641> Bien. Je vois que vous comprenez.
<1642> こうして、二度目の儀式は終わった。;;;<1642> Ainsi s'achève notre second échange de formalités.
<1643> 元通りに立ち上がる。;;;<1643> Je me remets debout.
<1644> 太刀を腰に差しなおしながら、俺は思わずつぶやいてしまった。;;;<1644> Tout en remettant mon sabre à la ceinture, je murmure sans réfléchir :
<1645> \{柳也}「…ひとりも殺さずに、この先切り抜けられると思うか？」;;;<1645> ... Tu crois vraiment qu'on va pouvoir aller loin sans tuer quiconque ?
<1646> 我ながら未練がましいが、切実な問いではある。;;;<1646> Je sais que je dois avoir l'air borné, mais cette question me pèse réellement.
<1647> \{裏葉}「柳也さまでしたら、たやすいことのように思えます」;;;<1647> Je suis certaine que vous saurez vous débrouiller, Ryuuya-sama.
<1648> \{柳也}「簡単に言うなよ」;;;<1648> Plus facile à dire qu'à faire.
<1649> \{神奈}「おぬしは以前、刀で位を得たと申したであろ」;;;<1649> N'aviez-vous point déclaré que votre maîtrise du sabre était reconnue ?
<1650> \{神奈}「ぞんぶんに腕前をふるうがよい」;;;<1650> À vous d'exprimer ce talent.
<1651> \{柳也}「全部峰打ちでか？」;;;<1651> Je ne peux qu'utiliser que le plat de ma lame ?
<1652> 溜息まじりに答える。;;;<1652> réponds-je en soupirant à moitié.
<1653> \{兵士}「うう…」;;;<1653> Uu...
<1654> 兵士がかすかにうめき声をあげた。;;;<1654> Le soldat pousse un faible gémissement.
<1655> ようやく昏倒から覚めたようだった。;;;<1655> Il est en train de reprendre ses esprits.
<1656> 俺は兵士の具足を外し、紐でかたく手足を縛った。;;;<1656> Je retire son armure et lie fermement ses mains et ses pieds au moyen d'une corde.
<1657> ついでに、口に猿ぐつわをかませた。;;;<1657> Ceci fait, je le bâillonne.
<1658> \{柳也}「運がよければ解けるだろう」;;;<1658> Avec un peu de chance, t'arriveras à t'en défaire.
<1659> 運が悪ければ解けずにこの場で死ぬかもしれないが、俺はそこまで面倒見きれない。;;;<1659> S'il manque de chance, il risquera de mourir ici avant de réussir à se libérer, mais je ne serai plus là pour m'occuper de lui.
<1660> \{柳也}「これで文句ないな？」;;;<1660> Tu n'as rien à redire, comme ça ?
<1661> \{神奈}「よい。大儀であった」;;;<1661> Très bien. Vous avez fait ce qu'il fallait.
<1662> 人の気苦労も知らずに、鷹揚（おうよう）に言う。;;;<1662> dit-elle d'un ton désinvolte, complètement inconsciente des soucis qu'elle me crée.
<1663> 裏葉が身をかがめ、縛られた兵士の耳元でこう伝えた。;;;<1663> Uraha se pense et murmure à l'oreille du soldat ligoté :
<1664> \{裏葉}「このような不憫を強いて、もうしわけありません」;;;<1664> Je ne sais comment m'excuser de vous infliger un aussi mauvais traitement.
<1665> \{裏葉}「わたくしどもはゆえあって先を急がねばなりません」;;;<1665> C'est que, nous autres n'avons d'autre choix que nous hâter.
<1666> \{裏葉}「あなたさまのお立場は推察いたしますが、わたくしどものことはお仲間には内密にしていただければ幸いと存じます」;;;<1666> Bien que je conçoive la délicatesse de votre situation, je vous serais reconnaissante de bien vouloir garder notre rencontre secrète auprès de vos compagnons.
<1667> \{裏葉}「お約束いただけますか？」;;;<1667> Nous le promettrez-vous ?
<1668> 兵士が当惑しているのが、手に取るようにわかった。;;;<1668> Le soldat est visiblement déconcerté.
<1669> 無理もない。;;;<1669> On pouvait s'y attendre.
<1670> この状況で『お約束』などと言われるとは、こいつ自身も思っていなかっただろう。;;;<1670> Difficile d'imaginer qu'on lui demande de 'promettre' quelque chose dans une telle situation.
<1671> 神奈と裏葉に見つめられ、兵士はこくこくとうなずいた。;;;<1671> Sous le regard insistant de Kanna et d'Uraha, il acquiesce vigoureusement.
<1672> \{神奈}「うむ。敵ながら殊勝（しゅしょう）な心がけ、褒めてつかわすぞ」;;;<1672> Soit. Bien que vous soyez mon ennemi, je loue votre attitude exemplaire.
<1673> \{裏葉}「それでは、ご無事をお祈りいたしております」;;;<1673> Eh bien, sur ce, je prie pour votre sécurité.
<1674> 木立の間に、ちょうど人ひとりが隠れられるほどの窪地があった。;;;<1674> Entre deux arbres se trouvait un creux juste assez large pour dissimuler un homme.
<1675> 俺はそこに縛ったままの兵士を横たえ、枯れ枝をこんもりとかぶせた。;;;<1675> J'y allonge l'homme, toujours ficelé, et le recouvre de branches mortes.
<1676> 仲間が探しに来ても、遠目では見つけられないはずだ。;;;<1676> Ainsi, même si ses camarades partaient à sa recherche, il leur serrait invisible de loin.
<1677> \{神奈}「おぬしも早うせんか。まったく益体ない男よの」;;;<1677> Ne pourriez-vous pas vous hâter ? Décidément, vous ne servez à rien.
<1678> \{裏葉}「あら柳也さま、神奈さまの表着はどちらに？」;;;<1678> Oh ? Ryuuya-sama, où est passée la tunique de Kanna-sama ?
<1679> \{柳也}「…捕虜の方が扱いがましだった気がするのは、俺の気のせいか？」;;;<1679> C'est moi, où vous avez mieux traité notre prisonnier que vous ne me traitez ?
<1680> \{神奈}「なにか申したか？」;;;<1680> Vous avez dit quelque chose ?
<1681> \{柳也}「いや、何でもない」;;;<1681> Nan, rien du tout.
<1682> 雨が止み、長い夜が明けた。;;;<1682> La pluie cessa, et la longue nuit touche à sa fin.
<1683> 鳥の声が森にもどってきた。;;;<1683> Les cris des oiseaux avaient regagné la forêt.
<1684> 高い枝の間から、朝の光が射しこんでくる。;;;<1684> Les rayons du soleil perçaient la canopée.
<1685> たっぷりと水をふくんだ木々の幹が、清々しい香りを立てている。;;;<1685> Les troncs des arbres gorgés d'eau dégageaient un parfum rafraîchissant.
<1686> 高台に登り、辺りをうかがった。;;;<1686> Je trouvai un point légèrement surélevé, y montai, et inspectai les environs du regard.
<1687> 青々とした山並みが、四方に広がっている。;;;<1687> Les reliefs verdoyants s'étendaient à perte de vue aux quatre points cardinaux.
<1688> 追っ手の気配はどこにもなかった。;;;<1688> Aucune trace de nos poursuivants.
<1689> 俺は斜面を下り、二人の元にもどった。;;;<1689> Je redescendis et revins aux deux autres.
<1690> \{柳也}「安心していいぞ。追っ手の姿はない」;;;<1690> Vous pouvez vous détendre. Je n'ai vu aucun poursuivant.
<1691> \{裏葉}「本当でございますか？」;;;<1691> Pour de vrai ?
<1692> \{柳也}「ああ」;;;<1692> Ouais.
<1693> \{裏葉}「首尾よく運んだようですね」;;;<1693> On dirait que nous nous en somme sortis.
<1694> \{神奈}「やれやれだの」;;;<1694> Cela y ressemble.
<1695> 安心して気がゆるんだのか、二人ともその場にへたりこんでしまう。;;;<1695> Soulagées, les deux se laissèrent s'effondrer sur place.
<1696> 無理もない。;;;<1696> C'était à prévoir.
<1697> 二人とも、一晩で動ける限度をとうに超えてしまっている。;;;<1697> Ces deux-là avaient passé toute la nuit à repousser sans relâche les limites de leur endurance.
<1698> 特に神奈は、夜明けからしゃべりもしなかった。;;;<1698> En particulier, Kanna n'avait prononcé mot depuis l'aurore.
<1699> \{柳也}「よし、ここらで休むか」;;;<1699> Bien, faisons une pause ici.
<1700> 俺は見通しのよい木陰をえらび、木の根に座りこんだ。;;;<1700> Je choisis un coin ombragé avec une bonne visibilité et m'assis sur les racines d'un arbre.
<1701> これ幸いとばかりに、神奈もそれにならう。;;;<1701> Kanna ne manque pas l'occasion de faire de même.
<1702> \{裏葉}「ああ、お召しものが…」;;;<1702> Aah, mais vos habits...
<1703> \{神奈}「今さらなにを申すか」;;;<1703> Cela vous préoccupe encore maintenant ?
<1704> 着物は雨を吸い、裾には泥がこびりついてところどころ裂けていた。;;;<1704> Son kimono était trempé par la pluie. L'ourlet était fangeux et même déchiré par endroits.
<1705> 裏葉にとっては目を覆いたくなるような、ひどいありさまなのだろう。;;;<1705> Pour Uraha, une telle vision était si horrible qu'elle ne pouvait qu'en détourner les yeux.
<1706> どこか遠くの幹で、熊蝉が鳴きはじめた。;;;<1706> Au loin, les cigales se mirent à chanter.
<1707> 暑くなりそうだった。;;;<1707> Il semblait qu'il allait faire chaud.
<1708> \{神奈}「…おぬしらはなにか忘れておらんか？」;;;<1708> ... Vous deux, n'êtes-vous pas en train d'oublier quelque chose ?
<1709> \{裏葉}「なにかと申されますと？」;;;<1709> Que voulez-vous dire par là ?
<1710> \{柳也}「おお、そうだったな」;;;<1710> Ooh. C'est vrai.
<1711> \{柳也}「一晩歩いたご褒美だ。詠（うた）うなり舞うなり好きにしていいぞ」;;;<1711> Je t'autorise à chanter et danser tout ton saôul. C'est ta récompense pour avoir marché toute la nuit.
<1712> \{神奈}「ちがうわちがうわっ」;;;<1712> Mais non !
<1713> \{神奈}「なにか食わせろと申しておるのだ」;;;<1713> Je vous demande si nous avons de quoi manger.
<1714> \{柳也}「身も蓋もない奴だな」;;;<1714> T'es pas du genre à passer par quatre chemins, hein ?
<1715> これだけ疲れきっていて、まだ食べる気力があるというのもすごい。;;;<1715> Qu'elle eût encore assez d'énergie pour manger malgré sa fatigue m'impressionnait.
<1716> 俺は苦笑いしながら、裏葉に言った。;;;<1716> Tout en esquissant un sourire ironique, je dis à Uraka :
<1717> \{柳也}「水と干飯（ほしいい）を出してくれ」;;;<1717> Sors l'eau et le riz séché.
<1718> \{裏葉}「はい、ただいま」;;;<1718> Très bien. Tout de suite.
<1719> 旅装を解いた裏葉が、荷物から干飯を取り出した。;;;<1719> Uraha, ses habits de voyage défaits, sortit du riz séché de ses bagages.
<1720> いつものようにまず味をたしかめ、竹筒と一緒に神奈に渡す。;;;<1720> Après avoir commencé comme à son habitude par goûter la nourriture, elle la passa à Kanna, ainsi qu'un récipient en bambou.
<1721> \{裏葉}「神奈さま、どうぞおめしあがりください」;;;<1721> Kanna-sama, votre repas est servi.
<1722> \{神奈}「うむ…」;;;<1722> D'accord...
<1723> 竹筒をかたむけ、干飯に水をふくませる。;;;<1723> Elle pencha le récipient et versa de l'eau pour en gorger le riz séché.
<1724> しばらくそのまま置いてから、口に入れる。;;;<1724> Après avoir patienté quelque temps, elle se mit à manger.
<1725> ぱくっ。;;;<1725> \bNom\u !
<1726> くにゅっくにゅっくにゅっくにゅっくにゅっ…;;;<1726> \bMiam miam miam miam miam\u...
<1727> ごくん。;;;<1727> \bGulp\u.
<1728> \{神奈}「………」;;;<1728> .........
<1729> \{神奈}「…不味いぞ」;;;<1729> ... C'est exécrable.
<1730> \{柳也}「いらないなら俺が食うぞ」;;;<1730> Si t'en veux pas, donne-le-moi.
<1731> \{神奈}「だれがいらぬと申した。意地きたない奴よの」;;;<1731> Je n'ai jamais rien dit de tel, fieffé glouton.
<1732> 俺の手をぴしっとたたく。;;;<1732> Elle repoussa ma main d'une claque.
<1733> 干飯をさらに水に浸し、不服そうにかじる。;;;<1733> Elle ajouta encore de l'eau sur le riz et recommença à manger, non sans répugnance.
<1734> 俺と裏葉も食事をはじめた。;;;<1734> Uraha et moi commençâmes à manger à notre tour.
<1735> 干飯が腹に落ちてから、自分が空腹だったことがわかる。;;;<1735> Ce n'est qu'en avalant ma première bouchée de riz que je réalisai à quel point j'étais affamé.
<1736> 煮炊きができればましなものが作れるのだが、ここで火を使うのはまだ危険だ。;;;<1736> Si l'on avait pu le cuire, le repas aurait été meilleur. Seulement, allumer un feu ici aurait été trop dangereux.
<1737> \{神奈}「いつぞやに食った鮑（あわび）は美味だったの」;;;<1737> L'ormeau que j'ai mangé il y a quelque temps était vraiment bon.
<1738> \{裏葉}「鯣（するめ）も鯛も、大変おいしゅうございました」;;;<1738> La seiche séchée et la dorade aussi étaient délicieuses.
<1739> \{柳也}「…全部供え物だっただろ？」;;;<1739> ... N'étaient-ce pas des offrandes ?
<1740> \{神奈}「祭壇で腐らせるぐらいなら、余の腹に納めるのが供養というものであろ」;;;<1740> Plutôt que de les laisser pourrir sur l'autel, la meilleure manière d'honorer leur mémoire est encore de les conserver dans mon estomac.
<1741> \{裏葉}「うふふふ」;;;<1741> Ufufufu.
<1742> \{神奈}「なにがおかしい？」;;;<1742> Qu'est-ce qui vous fait rire ?
<1743> \{裏葉}「こうして三人して干飯などいただいておりますと、まるで…」;;;<1743> Déguster du riz séché tous les trois ainsi... C'est comme si...
<1744> \{柳也}「僻地に左遷され、くやし涙で飯を湿らせてるどこぞの公家さまみたいだな」;;;<1744> C'est comme si l'on était des grands nobles relégués en rase campagne, mouillant notre riz de nos larmes de frustration.
<1745> \{裏葉}「たいそう風雅な喩えでございますね」;;;<1745> Voilà une analogie fort élégante.
<1746> \{柳也}「…だから冗談を真顔で返すのはやめろ」;;;<1746> ... Hé, je t'ai pas déjà demandé d'arrêter de réagir à mes blagues avec une tête aussi sérieuse ?
<1747> 無駄口をたたきながら、飯をつまんでは口に入れる。;;;<1747> Tout en bavardant, nous picorions notre riz.
<1748> \{柳也}「神奈、食べたらすこしは寝とけよ」;;;<1748> Kanna, quand tu auras fini de manger, fais une sieste.
<1749> 話しかけたが、返答がなかった。;;;<1749> Elle ne répondit pas à ma suggestion.
<1750> \{柳也}「神奈？」;;;<1750> Kanna ?
<1751> \{神奈}「…くー」;;;<1751> ... Zzz...
<1752> 干飯を食べかけたまま、すでに寝こけていた。;;;<1752> Bien qu'elle fût en plein repas, elle s'était déjà endormie.
<1753> \{柳也}「育ちはいいんじゃなかったのか？」;;;<1753> Je croyais qu'elle était bien élevée ?
<1754> \{裏葉}「お疲れのご様子でしたから、無理もありませんわ」;;;<1754> C'est qu'elle est exténuée. Il n'y a rien d'étonnant à ce qu'elle s'endorme.
<1755> \{裏葉}「神奈さま、こちらを枕に」;;;<1755> Kanna-sama, voici un oreiller.
<1756> 裏葉が神奈の体をささえるように導く。;;;<1756> Uraha releva Kanna.
<1757> 神奈は素直に身をあずけ、頭を裏葉の膝に乗せた。;;;<1757> Kanna la laissa la déplacer, et Uraha vint poser la tête de Kanna sur ses genoux.
<1758> \{裏葉}「…神奈さまのこんな安らかな寝顔、はじめて拝見いたしましたわ」;;;<1758> ... C'est la première fois que je vois le visage de Kanna-sama aussi paisible dans son sommeil.
<1759> \{柳也}「よく寝たかったら体を動かすのがいちばんさ」;;;<1759> Rien de mieux qu'un peu de repos, vu les efforts qui nous attendent.
<1760> \{裏葉}「たしかに、そうでございますね」;;;<1760> Absolument.
<1761> \{柳也}「裏葉も休んでおけよ。あまり寝てないだろ」;;;<1761> Toi aussi, tu devrais te reposer. Tu n'as presque pas dormi.
<1762> \{裏葉}「でも、柳也さまもお疲れでいらっしゃるのでは…」;;;<1762> Mais, et vous, Ryuuya-sama, n'êtes-vous pas fatigué ?
<1763> \{柳也}「いいって、慣れてるから」;;;<1763> C'est bon, j'ai l'habitude.
<1764> \{裏葉}「戦（いくさ）に、ですか？」;;;<1764> Serait-ce parce que vous avez guerroyé ?
<1765> それは裏葉の口から出ると、随分意外な言葉に思えた。;;;<1765> Je ne m'aurais jamais imaginé entendre ses mots sortir de la bouche d'Uraha.
<1766> \{柳也}「ああ、そういうことになるな」;;;<1766> Ouais, on peut dire ça.
<1767> 軽く頷く。;;;<1767> Je hochai la tête.
<1768> 裏葉は遠慮がちに俺のことを見つめていた。;;;<1768> Elle me dévisageait timidement.
<1769> \{裏葉}「柳也さま、ひとつお訊ねしとうございます」;;;<1769> Ryuuya-sama, j'aimerais vous poser une question ?
<1770> \{柳也}「なんだ？」;;;<1770> Quoi ?
<1771> \{裏葉}「これからどちらに向かうおつもりですか？」;;;<1771> Où comptez-vous vous rendre ?
<1772> \{柳也}「とりあえず、南に向かおうと思う」;;;<1772> Pour l'instant, je pense poursuivre vers le sud.
<1773> \{裏葉}「なぜでございますか？」;;;<1773> Pourquoi cela ?
<1774> \{柳也}「以前、社殿で噂を聞いたことがある」;;;<1774> Une fois, au sanctuaire, j'ai eu vent d'une rumeur :
<1775> \{柳也}「ここより南の社に翼人の母子がいたらしい、そういう話だった」;;;<1775> J'avais entendu dire qu'une mère et sa fille, toutes deux des Êtres Ailés, pourraient se trouver dans un sanctuaire au sud d'ici, ou quelque chose comme ça.
<1776> \{裏葉}「………」;;;<1776> .........
<1777> 裏葉はただ無言で、俺に先をうながした。;;;<1777> Uraha se tut, attendant que je continue.
<1778> \{柳也}「神奈は幼いころに母君と引き離されたのだと思う」;;;<1778> Je crois avoir compris que Kanna et sa mère avaient été séparées alors que Kanna était encore très jeune.
<1779> \{柳也}「かりに、この話の子供が神奈だとすると…」;;;<1779> En supposant que la fille en question soit Kanna...
<1780> \{裏葉}「神奈さまも母君も、かつてはその南の社に…」;;;<1780> Alors jadis, dans ce sanctuaire plus au sud, Kanna et sa mère...
<1781> \{柳也}「断言はできないが、今のところ手がかりはそれだけだ」;;;<1781> Je ne peux rien affirmer avec certitude, mais pour l'instant, nous n'avons pas d'autre piste.
<1782> それはただの噂にすぎない。;;;<1782> Ce n'était qu'une rumeur.
<1783> 『南の社』が今でもあるのかわからない。;;;<1783> Ce 'sanctuaire plus au sud', peut-être n'existait-il même pas.
<1784> たとえ本当に翼人がいたとして、それが神奈の母君であるかもわからない。;;;<1784> Et, même si des Êtres Ailés s'y trouvaient, rien ne dit qu'il s'agissait de la mère de Kanna.
<1785> わずかな手がかりでも、今は当たってみるしかない。;;;<1785> Cette piste était vraiment faible, mais il nous fallait commencer quelque part.
<1786> ただ…。;;;<1786> Seulement...
<1787> 気になることがあった。;;;<1787> Quelque chose m'occupait l'esprit :
<1788> 俺に噂をうちあけた衛士の、不安にゆがんだ顔。;;;<1788> Le visage terriblement inquiet du garde qui m'avait fait part de cette rumeur.
<1789> 『かつてここより南の社に、翼人の母子が囚われていたと聞いております』;;;<1789> J'avais entendu dire que jadis, une mère et sa fille, toutes deux des Êtres Ailés, avaient été emprisonnées dans un sanctuaire au sud d'ici.
<1790> そのあとに続いた言葉。;;;<1790> Et la phrase suivante :
<1791> 『母親は人心と交わり、悪鬼と成り果てた、と…』;;;<1791> Lorsque la mère prit connaissance de la nature humaine, elle se transforma en démon...
<1792> \{裏葉}「柳也さま、なにかご心配ごとでも？」;;;<1792> Ryuuya-sama, quelque chose vous tracasse ?
<1793> \{柳也}「いや、何でもない」;;;<1793> Nan, rien du tout.
<1794> あいまいに答えた。;;;<1794> lui répondis-je vaguement.
<1795> \{柳也}「…裏葉も寝とけ。俺の事はかまわないから」;;;<1795> ... Toi aussi, dors un peu. Ne t'occupe pas de moi.
<1796> \{裏葉}「柳也さまこそ、お休みになってください」;;;<1796> Vous aussi, vous devriez vous reposer.
<1797> \{裏葉}「わたくしは沢筋で休む機会がありましたから」;;;<1797> Pour ma part, j'ai eu tout le loisir de me reposer au bord de l'eau.
<1798> \{柳也}「そうだったな」;;;<1798> C'est vrai.
<1799> 俺は太刀をかたわらに置き、木の根を枕に仰向けになった。;;;<1799> Je posai mon sabre à côté, et m'allongeai sur le dos, une racine pour oreiller.
<1800> \{柳也}「見張りはまかせる」;;;<1800> Je te laisse faire le guet.
<1801> \{柳也}「一刻たったら、起こしてくれ」;;;<1801> Réveille-moi si nécessaire.
<1802> \{裏葉}「はい、承知いたしました」;;;<1802> Très bien. Ce sera fait.
<1803> たのもしげな声を聞いてから、俺は目を閉じた。;;;<1803> Après avoir entendu cette voix sur laquelle l'on peut compter, je fermai les yeux.
