<0000> ７月２０日(木);;;<0000> 20/07 (jeu.)
<0001> 目覚めはアンニュイ…。;;;<0001> J'ouvris les yeux, et me sentis léthargique.
<0002> \{\m{A}}（ひどく不健康な夢を見ていた気がするが…）;;;<0002> Pourquoi ai-je l'impression d'avoir fait un rêve terriblement crade...?
<0003> 何か、もやもやする。;;;<0003> Quelque chose me troublait.
<0004> \{\m{A}}（なんだっけか…）;;;<0004> Qu'est-ce que ça pouvait bien être...?
<0005> 思い出せない。;;;<0005> Je n'arrivais pas à m'en souvenir.
<0006> とりあえず納屋を出る。;;;<0006> Quoi qu'il en fût, il fallait commencer par sortir de la remise.
<0007> \{\m{A}}「ふんっ」;;;<0007> Hmph !
<0008> 体を伸ばす。気持ちが良かった。;;;<0008> Je m'étirai. Ça me fit du bien.
<0009> そのまま、寝起きの不快感を吹き飛ばすために、朝の体操を始める。;;;<0009> Parti sur ma lancée, je commençai à faire des exercices matinaux pour finir de me réveiller.
<0010> \{\m{A}}「ふんっ、ふんっ」;;;<0010> Hmph ! Hmph !
<0011> 朝日を受けながら、体を動かし続けた。;;;<0011> Baignant dans la lumière du soleil levant, je fis bouger mon corps.
<0012> 目覚めは健やか。;;;<0012> J'ouvris les yeux, et me sentis en pleine forme.
<0013> 案外、納屋のような窮屈なところのほうが寝慣れているのかもしれない。;;;<0013> Je commençai à croire que j'avais fini par m'habituer à dormir dans des endroits étriqués comme une remise.
<0014> \{\m{A}}「ふんっ」;;;<0014> Hmph !
<0015> 俺は道ばたで、朝の体操を始める。;;;<0015> Je me mis à faire des exercices matinaux au bord de la route.
<0016> 野宿が続いていた頃は、こういう習慣があったのを思い出す。;;;<0016> C'était une habitude de l'époque où je dormais à la belle étoile.
<0017> そして、目の前に置いてあった牛乳を手にとる。;;;<0017> Cela fait, je ramassai la bouteille de lait devant moi.
<0018> \{\m{A}}「ハングリーだった頃を思い出すな…」;;;<0018> Ça me rappelle toutes les fois où j'ai crevé de faim...
<0019> きゅぽっと、キャップを指でねじ込んで、飲む。;;;<0019> Je fis sauter le bouchon avec d'un doigt, et bus.
<0020> ごきゅごきゅ…;;;<0020> \bGlou glou\u...
<0021> \{\m{A}}「今も十分ハングリーか…」;;;<0021> C'est pas comme si je mourais pas de faim, encore maintenant...
<0022> がちゃり。;;;<0022> \bClac\u.
<0023> 玄関のドアが開いた。;;;<0023> Une porte d'entrée s'ouvrit.
<0024> \{主婦}「あ…」;;;<0024> Ah...
<0025> その家主と目が合う。;;;<0025> Le regard de la propriétaire croisa le mien.
<0026> \{主婦}「牛乳泥棒ーっ！」;;;<0026> Mon lait ! Au voleur !!
<0027> 大声をあげられる。;;;<0027> hurla-t-elle.
<0028> \{\m{A}}「え…これか？」;;;<0028> Hein...? C'est de ça que vous parlez ?
<0029> 相手に俺のそぼくな疑問に答える余裕などないようだった。;;;<0029> Mon interlocutrice avait l'air d'avoir autre chose à faire que répondre à ma question.
<0030> 俺はただちに身を翻し、逃げることにする。;;;<0030> Je fis volte-face, et m'enfuis.
<0031> \{\m{A}}（うーむ、しまった…）;;;<0031> Hmm... Oups.
<0032> 反射的に目の前の牛乳を取ってしまったが、あれは向かいの家のものだったのだ。;;;<0032> Le lait, que j'avais trouvé juste devant moi et ramassé par réflexe, appartenait en fait à la maison d'en face.
<0033> 別段ひとりの頃なら、どうどうと…;;;<0033> Du temps où j'étais seul, je n'en aurais eu rien à cirer...
<0034> \{\m{A}}「ぷはっ…」;;;<0034> Pwah...!
<0035> \{\m{A}}「…飲んでやったぜ」;;;<0035> ... J't'ai bu ton lait, tu vas faire quoi ?
<0036> なんて息巻いてもいられたが、他人の家に厄介になっている立場でそんな横暴を働くわけにもいかない。;;;<0036> Je lui aurais juste balancé ça, mais maintenant que j'étais à la charge de quelqu'un d'autre, je ne pouvais plus me permettre ce racket.
<0037> \{\m{A}}（そう考えると居候とはやっかいなものだな…いろいろと制約がついて）;;;<0037> C'est pas rien d'être pique-assiettes... Ça en fait des responsabilités.
<0038> 俺は足を止めて息をつく。;;;<0038> Je fis une pause pour souffler un peu.
<0039> \{\m{A}}「うーん…」;;;<0039> Fiou...
<0040> 腰を回転させると、ぼきぼきと鈍りきった音がした。;;;<0040> Je fis pivoter mon dos de gauche à droite, j'entendis mes articulations craquer.
<0041> \{\m{A}}（そうだな。このまま、早朝ランニング中の健全な青年を装って戻ろう…）;;;<0041> C'est ça. J'ai juste à faire semblant d'être un jeune homme bien équilibré qui fait son footing du matin.
<0042> 踵を返すと、颯爽と走り出す。;;;<0042> Je fis demi-tour et me mis à courir, en soignant mes foulées.
<0043> 再び神尾家の前に戻ると、ちょっとした人だかりができていた。;;;<0043> Quand je fus revenu devant la maison Kamio, un nombre non négligeable de gens s'y étaient rassemblés.
<0044> \{主婦}「そんな大胆なことするなんてねぇ…どこの家のひとかしら」;;;<0044> Oser faire quelque chose d'aussi effronté... De quelle maison vient-il ?
<0045> \{主婦}「見ない顔だったわよ」;;;<0045> Sa tête ne me disait rien.
<0046> \{\m{A}}「ほっ…ほっ…」;;;<0046> Haa... Haa...
<0047> 俺はできるだけ目立たないようにランニングしながら、神尾の家に逃げ帰る。;;;<0047> Continuant mon footing comme si de rien n'était, je m'introduisis en douce chez les Kamio.
<0048> \{\m{A}}「ふぅ…うまく戻ってこれたか…」;;;<0048> Fiou... j'ai réussi à rentrer...
<0049> \{\m{A}}「観鈴、朝飯を食わせてくれ」;;;<0049> Misuzu, sers-moi le petit-déjeuner.
<0050> ………。;;;<0050> ..........
<0051> 返事がない。家の中にいないようだった。;;;<0051> Pas de réponse. Elle ne devait pas être dans la maison.
<0052> \{観鈴}「あ、\m{A}さん、おはよー」;;;<0052> Ah, \m{A}-san, salut—.
<0053> 廊下から観鈴が現れる。;;;<0053> Misuzu surgit du couloir.
<0054> \{\m{A}}「寝坊か？」;;;<0054> T'as fait la grasse matinée ?
<0055> \{観鈴}「ううん、河原崎さんの家でなんか、泥棒だって」;;;<0055> C'est pas ça, c'est que Kawarazaki-san a eu affaire à un cambrioleur, ou quelque chose comme ça.
<0056> ぎく…;;;<0056> \bGloups\u...
<0057> \{観鈴}「牛乳盗まれたって」;;;<0057> On a volé son lait.
<0058> 俺は後ろを向く。;;;<0058> Je lui tournai le dos.
<0059> \{観鈴}「若くて長身のとっぽい兄ちゃんだって」;;;<0059> On dit que c'était un grand jeune homme impertinent.
<0060> \{観鈴}「\m{A}さん、こっち向いて欲しいな」;;;<0060> \m{A}-san, tu peux te tourner par ici un instant ?
<0061> \{\m{A}}「どうして」;;;<0061> Pour quoi faire ?
<0062> \{観鈴}「納屋でちゃんと寝られたかなって。目の下にくまできてないか見る」;;;<0062> Je veux m'assurer que tu as bien dormi dans la remise, et que tu n'as pas de cernes sous les yeux.
<0063> \{\m{A}}「快眠だったぞ。灯油缶がいい抱き枕になるんだ」;;;<0063> J'ai dormi comme un loir. Un jerrican d'essence fait un super polochon, tu sais.
<0064> \{\m{A}}「寝返り打つと、ベコボコいうけどな」;;;<0064> Mais il fait 'pop' à chaque fois que je me retourne dans mon sommeil.
<0065> \{観鈴}「いいからこっち向くの」;;;<0065> Peu importe. Tourne-toi vers moi.
<0066> \{\m{A}}「ああ…」;;;<0066> Ok...
<0067> 俺は観鈴に向き直る。;;;<0067> Je me tournai vers Misuzu.
<0068> 無表情は得意だ。俺の嘘は見抜けまい。;;;<0068> J'avais un talent pour faire semblant de rien. Personne ne pouvait déceler quand je mentais.
<0069> 観鈴が指を伸ばしてくる。;;;<0069> Misuzu tendit un doigt dans ma direction.
<0070> そして俺の鼻の下を拭い、その指先を舐めた。;;;<0070> Elle frotta un peu la zone sous mon nez, puis se lécha le doigt.
<0071> \{観鈴}「これ、牛乳」;;;<0071> C'est du lait, ça.
<0072> \{\m{A}}「いや、白い髭だ」;;;<0072> Non, juste une moustache blanche.
<0073> \{観鈴}「牛乳」;;;<0073> Du lait.
<0074> \{\m{A}}「白い髭だ」;;;<0074> Juste une moustache blanche.
<0075> \{観鈴}「牛乳」;;;<0075> Du lait.
<0076> \{\m{A}}「白い髭だ」;;;<0076> Juste une moustache blanche.
<0077> \{観鈴}「牛乳」;;;<0077> Du lait.
<0078> \{観鈴}「だって牛乳の味したもの」;;;<0078> Parce que ça a le goût du lait.
<0079> \{\m{A}}「乳製の髭なんだ」;;;<0079> Juste une moustache faite de lait.
<0080> \{観鈴}「それって、牛乳って言ってるのと同じ」;;;<0080> Ce qui revient à dire que c'est du lait.
<0081> \{\m{A}}「………」;;;<0081> .........
<0082> \{観鈴}「謝りにいこっ」;;;<0082> Allons nous excuser.
<0083> 俺の腕を引っ張る。;;;<0083> Elle me tira par le bras.
<0084> \{\m{A}}「今更、のこのこ出ていって謝れるかっ」;;;<0084> Il est trop tard pour aller s'excuser !
<0085> \{観鈴}「お向かいさんなんだから、謝って仲直りしておかないとダメっ」;;;<0085> C'est notre voisine, alors tu dois t'excuser et faire la paix avec elle.
<0086> ずるずると引きずられてゆく。;;;<0086> Elle m'y traîna de force.
<0087> 人だかりはすでに消えていた。;;;<0087> L'attroupement s'était déjà dissous.
<0088> 観鈴はずっと俺が逃げないように手を繋いだまま、向かい宅の呼び鈴を鳴らした。;;;<0088> Pour que je ne m'enfuisse pas, Misuzu me tenait par la main. Misuzu sonna à la maison d'en face.
<0089> \{主婦}「どちらさま？」;;;<0089> Qui est-ce ?
<0090> 先ほど目を合わせた家主がドアを開けて顔を見せる。;;;<0090> La maîtresse de maison de tout à l'heure ouvrit la porte et sa tête en dépassa.
<0091> \{主婦}「あら、神尾さんちの観鈴ちゃん。どうしたの？」;;;<0091> Oh, Misuzu-chan, de chez les Kamio. Qu'y a-t-il ?
<0092> \{観鈴}「えっと…犯人」;;;<0092> Euh... le coupable.
<0093> びっ、と俺を指さす。;;;<0093> Elle me pointa du doigt.
<0094> \{\m{A}}「ちっす、犯人す」;;;<0094> B'jour, j'suis l'coupable.
<0095> 一応、紹介された通りに挨拶する。;;;<0095> Je la saluai suivant la description qu'elle avait faite de moi.
<0096> \{主婦}「あら、このひとよっ、このひとっ」;;;<0096> Oh, c'est lui ! C'est lui !
<0097> \{主婦}「観鈴ちゃんのお知り合い？」;;;<0097> Misuzu-chan, c'est une de tes connaissances ?
<0098> \{観鈴}「はい。知り合いです」;;;<0098> Oui. C'est une de mes connaissances.
<0099> \{観鈴}「わたしの家だと勘違いしたらしくて…にはは」;;;<0099> Il s'est trompé en pensant que le lait était à nous... Nihaha.
<0100> \{主婦}「そう…じゃあ、仕方ないわねぇ…」;;;<0100> Je... vois. Dans ce cas, on ne peut pas vraiment lui en vouloir...
<0101> 相手は納得したらしかった。;;;<0101> Elles avaient l'air de s'être mises d'accord.
<0102> \{観鈴}「\m{A}さん、ほら」;;;<0102> \m{A}-san, allez.
<0103> 観鈴がケツを叩く。;;;<0103> Misuzu me frappa les fesses.
<0104> \{\m{A}}「えっと…」;;;<0104> Euh...
<0105> \{\m{A}}「ごちそうさま」;;;<0105> C'était délicieux, merci.
<0106> 俺は仕方なく、食後の挨拶をした。;;;<0106> Il me fallait bien remercier celle qui m'avait fourni à boire.
<0107> \{観鈴}「わ…ちがうちがう」;;;<0107> Wah... Pas comme ça, pas comme ça.
<0108> 観鈴が慌てて、俺の頭を下げさせる。;;;<0108> Misuzu paniqua et me força à baisser la tête.
<0109> \{観鈴}「ごめんなさいっ」;;;<0109> Je vous prie de nous excuser !
<0110> \{観鈴}「牛乳のお代、弁償しますんで…えっとおいくらですかっ」;;;<0110> Je vais vous dédommager pour le lait... Euh, combien coûtait-il ?
<0111> 観鈴は財布を取り出す。;;;<0111> Misuzu sortit son porte-monnaie.
<0112> \{主婦}「いいのよ。今後、こんなことがないようにしてくれれば、それで」;;;<0112> Ça ira. Assurez-vous juste que ça n'arrive plus.
<0113> \{観鈴}「すみません、助かります」;;;<0113> Merci beaucoup. Vous me sauvez la vie.
<0114> \{観鈴}「今月のおこづかい残り少なくて…」;;;<0114> Je n'ai presque plus d'argent de poche pour le mois...
<0115> \{主婦}「観鈴ちゃんも、大変みたいね」;;;<0115> Toi aussi, tu as l'air d'avoir la vie dure.
<0116> \{観鈴}「いえいえ…にはは」;;;<0116> Mais non, mais non... Nihaha.
<0117> \{観鈴}「さ、いこっ」;;;<0117> Allons-y.
<0118> 再び俺のケツを叩いて、玄関先から追い出す。;;;<0118> Misuzu me frappa les fesses de nouveau, pour me dire de m'éloigner.
<0119> \{\m{A}}「ふぅ…」;;;<0119> Fiou...
<0120> \{\m{A}}「とんでもなく、疲れたな…」;;;<0120> Tout ça m'a épuisé comme pas possible...
<0121> \{観鈴}「たぶん、自業自得」;;;<0121> Tu ne penses pas que tu l'as bien mérité ?
<0122> \{\m{A}}「珍しく健やかな朝が迎えられたと思ったのにな…」;;;<0122> Et moi qui pensais que je me réveillerais en forme et profiterais de la matinée, pour une fois...
<0123> \{\m{A}}「とにかく、朝飯食おうぜ。腹が減って、ぶっ倒れそうだ」;;;<0123> Quoi qu'il en soit, allons déjeuner. Je crève tellement de faim que j'vais finir par clamser ici.
<0124> \{観鈴}「今朝は、朝食抜き」;;;<0124> Pas de petit-déjeuner pour toi ce matin.
<0125> \{\m{A}}「………」;;;<0125> .........
<0126> \{\m{A}}「冗談はよせ、神尾さんちの観鈴ちゃん」;;;<0126> Arrête les vannes, Misuzu-chan-de-chez-les-Kamio.
<0127> \{観鈴}「だって、もう時間ない」;;;<0127> Mais c'est que je n'ai pas le temps.
<0128> \{\m{A}}「今日から夏休みだろ？」;;;<0128> C'est pas aujourd'hui que commencent tes vacances d'été ?
<0129> \{観鈴}「うん、夏休み」;;;<0129> Oui, c'est les vacances d'été...
<0130> \{観鈴}「だけど、補習あるの」;;;<0130> Mais j'ai des cours de soutien.
<0131> \{\m{A}}「補習…？」;;;<0131> De soutien...?
<0132> \{観鈴}「遅刻多いし、成績もよくないしね」;;;<0132> C'est que j'arrive souvent en retard, et mes notes ne sont pas bonnes.
<0133> \{\m{A}}「そら納得のゆく理由だが…」;;;<0133> Ça, je n'en doute pas...
<0134> \{\m{A}}「しかし、今更だろう。朝食食って、呑気にいこうぜ」;;;<0134> Mais il est déjà trop tard pour ça. Allons prendre le petit-déjeuner, sans y penser.
<0135> \{観鈴}「補習まで遅刻できない」;;;<0135> Je ne peux pas être en retard au soutien.
<0136> \{観鈴}「行きがけのお店開いてると思うし、そこで何か食べ物買お」;;;<0136> On tombera sans doute sur des magasins sur la route. On y prendra quelque chose à manger.
<0137> \{\m{A}}「もう一歩も歩けないほどに空腹なんだがな…」;;;<0137> Mais mon ventre est trop vide pour faire le moindre pas...
<0138> \{観鈴}「がまん、がまん」;;;<0138> Fais avec, fais avec.
<0139> 観鈴が俺の腕を引っ張る。;;;<0139> Misuzu me tira par le bras.
<0140> 今朝から、ずっと引っ張られているような気がする。;;;<0140> J'avais l'impression d'avoir passé la matinée à me faire traîner comme ça.
<0141> \{\m{A}}「腹へった…」;;;<0141> Je crève de faim...
<0142> \{観鈴}「はいはい、歩いて歩いて」;;;<0142> Oui, oui. Allez, marche.
<0143> \{\m{A}}「うぉぉ…」;;;<0143> Oooh...
<0144> 全身全霊を込めて、一歩一歩を踏み出す。;;;<0144> J'avançais lentement, chaque pas me demandait toute mon énergie.
<0145> \{観鈴}「ついたっ」;;;<0145> On y est !
<0146> \{\m{A}}「この店か…」;;;<0146> Ce magasin...
<0147> \{観鈴}「うん。武田商店。パンや駄菓子、なわとびまで売ってる」;;;<0147> Oui. C'est le Magasin Takeda. On peut y trouver du pain, des dagashi, et même des cordes à sauter.
<0148> \{観鈴}「なにが欲しい？」;;;<0148> Qu'est-ce que tu veux ?
<0149> パン;;;<0149> Du pain
<0150> 駄菓子;;;<0150> Des dagashi
<0151> なわとび;;;<0151> Une corde à sauter
<0152> \{\m{A}}「パン」;;;<0152> Du pain.
<0153> \{観鈴}「だよね。パンぐらいがいいよね」;;;<0153> C'est ce que je me disais aussi. Du pain, c'est ce qu'il te faut.
<0154> \{観鈴}「買ってくるねー」;;;<0154> Je vais aller en acheter—.
<0155> ぱたぱたと駆けていった。;;;<0155> Elle détalla.
<0156> ………。;;;<0156> ..........
<0157> …\m{A}さんっ。;;;<0157> ... \m{A}-san !
<0158> \{観鈴}「\m{A}さんってば」;;;<0158> \m{A}-san, je te parle.
<0159> \{\m{A}}「おっと…あまりの空腹に一瞬、気を失っていた」;;;<0159> Oups... Mon ventre est tellement vide que j'ai perdu connaissance pendant un instant.
<0160> \{観鈴}「おおげさ」;;;<0160> Comme si.
<0161> 半分マジだったが…。;;;<0161> C'était à moitié la vérité...
<0162> \{観鈴}「えっと、イチゴメロンパンで良かったかな」;;;<0162> Euh, est-ce qu'un pain-melon à la fraise ça t'ira ?
<0163> \{\m{A}}「ああ、なんでもいい」;;;<0163> Ouais, n'importe quoi.
<0164> 俺は受け取り、その場で封を破り、口にくわえる。;;;<0164> J'acceptai le pain, déchirai son emballage, et l'apportai à ma bouche.
<0165> …甘い。;;;<0165> ... Sucré.
<0166> 普段は食べられないような味だったが、空腹を我慢するよりかはマシだった。;;;<0166> D'habitude, je ne supportais pas ce qui était sucré, mais je préférais ça à continuer d'avoir le ventre vide. 
<0167> 喉の奥に詰め込む。;;;<0167> Un morceau se coinça dans ma gorge.
<0168> \{\m{A}}「うっ…」;;;<0168> Ugh...!
<0169> \{観鈴}「わ、詰まった？  はい、飲み物っ」;;;<0169> Wah, ça s'est coincé ? Tiens, à boire !
<0170> 紙パックのジュースを受け取る。;;;<0170> Elle me passa une brique de jus de fruit.
<0171> ラベルには『どろり濃厚ストロベリー味』。;;;<0171> L'emballage indiquait : 'Épaisseur extrême - saveur fraise'.
<0172> \{\m{A}}「余計、詰まるだろっ！」;;;<0172> Ça va juste tout boucher !!
<0173> \{観鈴}「イチゴにイチゴを合わせてみましたー」;;;<0173> Comme ça, ça fera fraise avec fraise—.
<0174> \{\m{A}}「合わせるなっ！」;;;<0174> Pas besoin de ça !
<0175> \{\m{A}}「ひくっ！」;;;<0175> Hic !!
<0176> 俺はその場にしゃがみ込む。;;;<0176> Je tombai à genoux.
<0177> \{観鈴}「飲んだほうがラクになるよー」;;;<0177> Tu iras mieux si tu le bois—.
<0178> \{\m{A}}「の、ま、な、い…」;;;<0178> Je-le-boi-rai-pas...
<0179> \{観鈴}「わ、大丈夫かな」;;;<0179> Wah, ça va ?
<0180> 俺は無言で、背中を叩くようジェスチャーで伝える。;;;<0180> Sans dire un mot, je lui mimai l'ordre de me taper dans le dos.
<0181> とんとんとん…;;;<0181> \bTape tape tape\u...
<0182> 肩を叩くように穏やかに観鈴が背中を叩く。;;;<0182> Misuzu me frappa gentiment dans le dos, comme si elle me saluait d'une tape sur l'épaule.
<0183> \{\m{A}}「んぐっ…」;;;<0183> Argh...!
<0184> しばらくして、ようやく食道を通過させることができた。;;;<0184> Mon œsophage finit enfin par se libérer.
<0185> \{\m{A}}「ふぅ…」;;;<0185> Fiou...
<0186> 立ち上がる。;;;<0186> Je me relevai.
<0187> \{観鈴}「よかった」;;;<0187> Tout va bien.
<0188> \{\m{A}}「よくない」;;;<0188> Tout va pas bien !
<0189> \{\m{A}}「どうして、朝食を終えるのに、こんなにも苦労すんだよ…」;;;<0189> Pourquoi je dois traverser toutes ces épreuves juste pour avoir droit à un petit-déjeuner ...?
<0190> \{観鈴}「\m{A}さんの好き嫌いのせい」;;;<0190> Tu n'as qu'à être moins difficile avec ce que tu manges.
<0191> \{観鈴}「にはは」;;;<0191> Nihaha.
<0192> 少しも自分が悪くないと思っているような、笑み。;;;<0192> Donnant l'air de penser que rien de tout ça n'était de sa faute, elle souriait.
<0193> こいつを前にしていると、よっぽど俺のほうが他人に気を遣うタイプに思えてくる。;;;<0193> Je me disais que par rapport à elle, je devais avoir l'air d'une personne attentionnée.
<0194> そして、今日も遅刻だった。;;;<0194> Et elle finit par être encore en retard.
<0195> \{観鈴}「は…」;;;<0195> Ha...
<0196> \{\m{A}}「馬鹿」;;;<0196> Idiote.
<0197> \{観鈴}「うーん…残念」;;;<0197> Hmm... c'est dommage.
<0198> \{\m{A}}「たぶん、自業自得だ」;;;<0198> Tu ne penses pas que tu l'as bien mérité ?
<0199> 言い返してやった。;;;<0199> Chacun son tour.
<0200> \{\m{A}}「駄菓子」;;;<0200> Des dagashi.
<0201> \{観鈴}「ほんとに？」;;;<0201> Pour de vrai ?
<0202> \{\m{A}}「ああ。そんな気分なんだ」;;;<0202> Ouais, j'en ai bien envie.
<0203> \{観鈴}「子供みたい。にはは」;;;<0203> On dirait un enfant. Nihaha.
<0204> \{\m{A}}「おまえに言われたかないぞ」;;;<0204> Tu peux parler.
<0205> すでに観鈴は店へ向けて駆けだして、その言葉は届かなかった。;;;<0205> Misuzu s'étant immédiatement mise à courir vers le magasin, ces mots ne l'atteignirent pas.
<0206> \{\m{A}}「くそ…腹減ったな」;;;<0206> Merde... J'ai vraiment la dalle.
<0207> 待つ時間が苛立たしい。;;;<0207> Devoir l'attendre m'irritait.
<0208> 気を紛らわせるために何か別のことを…;;;<0208> Il fallait que je trouve quelque chose pour m'occuper.
<0209> \{\m{A}}「ぼうずがじょうずにびょうぶにびょーぶの…」;;;<0209> Un chasseur sachant chasser chans chon chien...
<0210> \{\m{A}}「あーっ、間違えたら余計に腹が立ってきたぁっ！」;;;<0210> Raah ! J'y arrive pas, et maintenant je suis encore plus irrité !!
<0211> \{\m{A}}「…はぁ」;;;<0211> ... Haa.
<0212> \{\m{A}}「なにやってんだ、俺は…」;;;<0212> Qu'est-ce que je fiche, moi...?
<0213> \{観鈴}「買ってきたよ」;;;<0213> J'en ai achetés.
<0214> ようやく観鈴が戻ってくる。;;;<0214> Misuzu revint enfin.
<0215> \{\m{A}}「待ちくたびれたぞ…」;;;<0215> J'en pouvais plus d'attendre...
<0216> \{観鈴}「これでも急いで買ってきたよ。わたしも時間ないし」;;;<0216> J'ai dû me dépêcher de les acheter pour ne pas perdre plus de temps.
<0217> \{\m{A}}「そっか…」;;;<0217> Je vois...
<0218> \{\m{A}}「って、なんだこりゃ」;;;<0218> Hé, c'est quoi, ce truc ?
<0219> 手渡されたものをしげしげと見つめる。袋に入った、飴のようだった。;;;<0219> J'analysai ce qu'elle m'avait tendu. Ça avait l'air d'un bonbon avec un emballage plastique.
<0220> \{観鈴}「粉をね、つけながら舐めるの。メロン味なの」;;;<0220> Tu vois cette poudre, eh ben, tu en prends avec ça et tu lèches. C'est goût melon.
<0221> \{\m{A}}「飴じゃ、腹に貯まらんだろ…」;;;<0221> C'est pas avec des bonbons que je vais me remplir le ventre...
<0222> \{観鈴}「そっか。じゃあ、これ」;;;<0222> Ah bon. Alors, tiens, ça.
<0223> 次に手渡されたもの。１００円玉の形をした薄っぺらいお菓子。;;;<0223> Ensuite, elle me passa une sucrerie toute plate qui ressemblait à un billet de 100 yens.
<0224> \{観鈴}「それチョコレート。当たりが出たら、本当に１００円もらえる」;;;<0224> C'est du chocolat. Si tu as de la chance, tu pourras vraiment 100 yens pour de vrai.
<0225> \{\m{A}}「んなものより、もっとでかい食い物が欲しい」;;;<0225> Je voudrais quelque chose de plus consistant que ça.
<0226> \{観鈴}「うーん…最後にこれ」;;;<0226> Hmm... celui-ci alors, c'est le dernier.
<0227> 最後に渡されたものは、ピストルだった。;;;<0227> Elle me le tendit, c'était un pistolet.
<0228> \{観鈴}「銀玉鉄砲。撃ち合いして遊ぶの」;;;<0228> Il tire des billes en argent. On peut jouer avec.
<0229> ぱんぱん！\shake{8}\shake{8};;;<0229> \bPan pan\u ! \shake{8}\shake{8}
<0230> \{観鈴}「わっ！  わっ！」;;;<0230> Wah !! Wah !!
<0231> 俺は観鈴の足もとに向けて発砲する。;;;<0231> J'avais visé entre ses pieds et tiré.
<0232> \{観鈴}「が、がお…どうしてわたしに向けて撃つかなぁ…」;;;<0232> G-Gao... Pourquoi tu me tires dessus...?
<0233> \{\m{A}}「食えないからだろ」;;;<0233> Ça se mange pas.
<0234> \{観鈴}「それは遊ぶ用。わたしのぶんも買ってから、遊ぼ」;;;<0234> C'est pour jouer. J'en ai pris un pour moi, alors on peut jouer.
<0235> \{\m{A}}「あのな…」;;;<0235> Hé...
<0236> \{\m{A}}「メロン味の飴と、薄っぺらいチョコを食って、この飢えをしのげってか」;;;<0236> Tu crois vraiment que je vais arrêter d'avoir faim avec un bonbon au melon et du chocolat aussi fin ? 
<0237> \{観鈴}「だって、楽しそうなもの、最優先した…」;;;<0237> Mais, la priorité, c'est de s'amuser...
<0238> \{\m{A}}「そんなもの最優先するな」;;;<0238> Arrête d'en faire la priorité !
<0239> \{観鈴}「だって、駄菓子って言ったから…」;;;<0239> Mais, tu m'as dit d'acheter des dagashi...
<0240> \{観鈴}「駄菓子っていうのはね、楽しんで食べるものなんだよ？」;;;<0240> Les dagashi, ça doit être mangé quand on s'amuse, non ?
<0241> \{\m{A}}「………」;;;<0241> .........
<0242> \{\m{A}}「わかった。それは納得できる」;;;<0242> Je comprends. Tu as parfaitement raison.
<0243> \{\m{A}}「…しかしな、俺は朝食を食べたいんだ。おやつじゃない」;;;<0243> ... Mais tu vois, ce que je veux, moi, c'est un petit-déjeuner. Pas un goûter.
<0244> \{観鈴}「うーん、じゃあ、パンのほうがよかったね」;;;<0244> Hmm... dans ce cas, tu aurais dû demander du pain.
<0245> \{観鈴}「でも時間ないし…お小遣いも残り少ないし…」;;;<0245> Mais on n'a plus le temps... et je n'ai plus beaucoup d'argent de poche non plus...
<0246> \{観鈴}「観鈴ちん、だぶるぴんち」;;;<0246> Misuzu-chin est dans la double mouise.
<0247> もはや、空腹は意識をも朦朧とさせるものだった。;;;<0247> La faim commençait à me faire perdre la tête.
<0248> \{\m{A}}「わかった、俺が悪かったから…」;;;<0248> Je comprends. Tout est de ma faute...
<0249> \{\m{A}}「だから、頼む…もっとマシなものを買ってきてくれないか…」;;;<0249> Et donc, je t'en supplie... tu ne peux pas aller m'acheter quelque chose de plus consistant...?
<0250> \{観鈴}「\m{A}さん、すごく苦しそう」;;;<0250> Tu as l'air misérable, \m{A}-san.
<0251> \{\m{A}}「大丈夫だから、行ってきてくれ」;;;<0251> Je vais m'en sortir, dépêche-toi.
<0252> \{観鈴}「うん、もう少しがまんしててねー」;;;<0252> Ok, patiente encore un tout petit peu, d'accord— ?
<0253> 観鈴は再び走っていった。;;;<0253> Misuzu partit de nouveau en courant.
<0254> \{\m{A}}（ほんと…なにやってんだよ、俺は…）;;;<0254> Mais vraiment... Qu'est-ce que je fiche, moi...
<0255> そして、今日も遅刻だった。;;;<0255> Et elle finit par être encore en retard.
<0256> \{観鈴}「うーん…残念」;;;<0256> Hmm... c'est dommage.
<0257> もぐもぐ…;;;<0257> \Nom nom\u...
<0258> 俺は朝食を食べ終えたところだった。;;;<0258> Je venais de finir mon petit-déjeuner.
<0259> パンの包装紙を手の中で丸める。;;;<0259> J'écrasai l'emballage du pain pour en faire une boule.
<0260> \{\m{A}}「なわとび」;;;<0260> Une corde à sauter.
<0261> \{観鈴}「うん、わかった。買ってくるねー」;;;<0261> Ok, j'ai compris. Je te ramène ça—.
<0262> ぱたぱたと走ってゆく。;;;<0262> Elle détalla.
<0263> 冗談だと止める間もなかった。;;;<0263> Elle ne me laissa même pas l'arrêter pour lui dire que c'était une blague.
<0264> \{観鈴}「はい、なわとび」;;;<0264> Tiens, une corde à sauter.
<0265> 本当に戻ってきた観鈴の手にはなわとびが握られていた。;;;<0265> Elle revint réellement avec une corde à sauter dans les mains.
<0266> \{\m{A}}「………」;;;<0266> .........
<0267> \{\m{A}}「おまえさ…冗談だとは思わなかったのか」;;;<0267> Toi, là... Tu ne t'es jamais dit que c'était peut-être une blague ?
<0268> \{観鈴}「え？  冗談だったの？」;;;<0268> Eh ? C'était une blague.
<0269> \{\m{A}}「だって、よく思い出せよな。家を出るところからの俺とおまえのやり取りを」;;;<0269> Non mais, réfléchis un peu. Rappelle-toi de ce que je t'ai dit en sortant de la maison.
<0270> \{\m{A}}「どこに、なわとびをせがむ俺が出てきた？」;;;<0270> À quel moment j'ai mentionné une corde à sauter ?
<0271> \{観鈴}「たった今」;;;<0271> À l'instant.
<0272> \{\m{A}}「………」;;;<0272> .........
<0273> \{観鈴}「わたしもいいアイデアだと思ったよ。跳ぶの楽しいし」;;;<0273> Je me suis dit que c'était une bonne idée. C'est amusant de faire des sauts avec.
<0274> こいつに冗談を一言でも言った俺が馬鹿だった。;;;<0274> L'idiot ici, c'était moi, qui avais pensé pouvoir blaguer avec elle.
<0275> 俺は観鈴の手からなわとびを受け取る。;;;<0275> Je lui pris la corde à sauter des mains.
<0276> パンパンパンパンパン！\shake{8}\shake{8}\shake{8}\shake{8};;;<0276> \bBam bam bam bam bam\u ! \shake{8}\shake{8}\shake{8}\shake{8}
<0277> \{\m{A}}「ああ、楽しかった。悪いが、朝食も買ってきてくれないか」;;;<0277> Aah, c'était fun. Désolé, mais tu pourrais aller me chercher un petit-déjeuner, maintenant ?
<0278> 観鈴の気を損ねないよう、一応楽しんでから頼み直す。;;;<0278> Pour ne pas la blesser, je fis semblant de m'amuser avant de le lui demander.
<0279> \{観鈴}「あ、そっか。朝食も買ってこないといけなかったんだ」;;;<0279> Ah, c'est vrai. J'ai oublié de te prendre de quoi petit-déjeuner.
<0280> ようやく思い出してくれた。;;;<0280> Elle s'en souvint enfin.
<0281> \{観鈴}「でも時間ないし…お小遣いも残り少ないし…」;;;<0281> Mais on n'a plus le temps... et je n'ai plus beaucoup d'argent de poche non plus...
<0282> \{観鈴}「観鈴ちん、だぶるぴんち」;;;<0282> Misuzu-chin est dans la double mouise.
<0283> もはや、空腹は意識をも朦朧とさせるものだった。;;;<0283> La faim commençait à me faire perdre la tête.
<0284> \{\m{A}}「わかった、俺が悪かったから…」;;;<0284> Je comprends. Tout est de ma faute...
<0285> \{\m{A}}「だから、頼む…もっとマシなものを買ってきてくれないか…」;;;<0285> Et donc, je t'en supplie... Tu ne peux pas aller m'acheter quelque chose de plus consistant...?
<0286> \{観鈴}「\m{A}さん、すごく苦しそう」;;;<0286> Tu as l'air misérable, \m{A}-san.
<0287> \{\m{A}}「大丈夫だから、行ってきてくれ」;;;<0287> Je vais m'en sortir, dépêche-toi.
<0288> \{観鈴}「うん、もう少しがまんしててねー」;;;<0288> Ok, patiente encore un tout petit peu, d'accord— ?
<0289> 観鈴は再び走っていった。;;;<0289> Misuzu se mit une seconde fois à courir.
<0290> \{\m{A}}「ふぅ…」;;;<0290> Fiou...
<0291> \{\m{A}}（ほんと…なにやってんだよ、俺は…）;;;<0291> Non mais vraiment, qu'est-ce que je fiche, moi ?
<0292> そして、今日も遅刻だった。;;;<0292> Et elle finit par être encore en retard.
<0293> \{観鈴}「うーん…残念」;;;<0293> Hmm... c'est dommage.
<0294> もぐもぐ…;;;<0294> \Nom nom\u...
<0295> 俺は朝食を食べ終えたところだった。;;;<0295> Je venais de finir mon petit-déjeuner.
<0296> パンの包装紙を手の中で丸める。;;;<0296> J'écrasai l'emballage du pain pour en faire une boule.
<0297> \{\m{A}}「どうするんだ」;;;<0297> On fait quoi, maintenant ?
<0298> \{観鈴}「一時間、ここで潰す」;;;<0298> On tue le temps ici pendant une heure.
<0299> \{観鈴}「それで、休み時間に入っていって、あたかも一時間目からいました～って顔して座ってるの」;;;<0299> Et après ça, je me faufile pendant l'intercours l'air de rien, en faisant comme si j'étais déjà là depuis la première période.
<0300> \{観鈴}「それ、わたしの必殺技」;;;<0300> C'est ma technique secrète.
<0301> \{\m{A}}「バレバレだろ」;;;<0301> Tu vas te faire choper.
<0302> \{観鈴}「わたし、存在感ないから、みんな気にも留めないの」;;;<0302> Je ne suis pas du genre à attirer l'attention, personne ne fera attention à moi.
<0303> 言って、堤防に登り、そして風をその体に受けた。;;;<0303> répondit-elle avant de monter sur la digue et de laisser son corps sentir le vent.
<0304> 毎日のようにこいつは遅刻し続けて、そして、ここでこうしてひとり風を受けていた。;;;<0304> Comme tous les jours, elle était arrivée en retard puis était venue ici pour sentir le vent.
<0305> そんなふうに思わせた。;;;<0305> Ce devait être une habitude.
<0306> 風に時間はあるのだろうか。;;;<0306> Est-ce que le vent est conscient du temps ?
<0307> 今、吹いている風は、今日生まれた風なのだろうか。;;;<0307> Le vent qui soufflait à cet instant, était-il né le jour-même ?
<0308> 今、こいつの受けている風は、新しい風なのだろうか。;;;<0308> Le vent qu'elle sentait à cet instant, était-il un nouveau vent ?
<0309> どこまでもどこまでも高みへ。;;;<0309> Toujours plus loin, vers des hauteurs infinies.
<0310> 俺はまた空を見上げる。;;;<0310> Je fixai encore une fois le ciel.
<0311> そこには、ずっと同じ時間、同じ風が吹き続けているのだろうか。;;;<0311> Là-bas, le temps et le vent qui soufflait avaient-ils toujours été ainsi ?
<0312> 目線を地上に戻すと、観鈴が堤防に座り込み、鞄を下敷きに何かを書いていた。;;;<0312> Je redirigeai mon point de vue vers la surface, et vis Misuzu assise sur la digue, dessinant quelque chose, son sac comme support.
<0313> \{\m{A}}「なにやってんだ、おまえ」;;;<0313> Qu'est-ce que tu fais ?
<0314> \{観鈴}「絵日記。自由課題」;;;<0314> Mon journal illustré. C'est mon sujet libre.
<0315> \{\m{A}}「どっちなんだよ」;;;<0315> Tu travailles sur ton journal illustré, ou ton sujet libre ?
<0316> \{観鈴}「自由課題が、絵日記」;;;<0316> Mon sujet libre, c'est mon journal illustré.
<0317> \{\m{A}}「違うだろ。それは別々のものだ。一緒にするな」;;;<0317> C'est pas possible, ils n'ont rien à voir. Ne fais pas les deux en même en temps.
<0318> \{観鈴}「だから、すごいの。先生もびっくり」;;;<0318> C'est pour ça que c'est génial. Ma prof sera surprise.
<0319> \{\m{A}}「そらびっくりするだろうよ。おまえの歳で絵日記なんて描かれた日には」;;;<0319> Ça, pour être surprise, elle sera surprise. T'as plus l'âge pour dessiner des journaux illustrés.
<0320> \{観鈴}「観鈴ちん、すごい」;;;<0320> Misuzu-chin est super !
<0321> マジでそのアイデアに悦に入っているようだった。;;;<0321> Elle avait l'air sacrément fière de son idée.
<0322> しばらく鼻歌まじりでそれを書いていた。;;;<0322> Elle passa un moment à dessiner en fredonnant.
<0323> 赤っ恥に一直線である。;;;<0323> Quelle indignité.
<0324> \{\m{A}}「な、そんなものより、おまえ」;;;<0324> Hé, j'ai autre chose à te demander.
<0325> 俺はあることを思いついて、切り出してみる。;;;<0325> J'avais besoin de quelque chose, alors je relançai la conversation.
<0326> \{\m{A}}「地図を描いてくれないか」;;;<0326> Tu pourrais me dessiner un plan ?
<0327> \{観鈴}「ん？  どこの？」;;;<0327> Hmm ? Un plan de quoi ?
<0328> \{\m{A}}「この町の」;;;<0328> Un plan de ce village.
<0329> \{\m{A}}「もっと人の賑わう場所とか、知りたいんだ」;;;<0329> Je veux connaître les endroits où il y a de l'animation.
<0330> \{\m{A}}「でないと、本当に、いつまでもおまえの家に居座ることになる」;;;<0330> Sans ça, je risque vraiment de passer le restant de mes jours à ta maison.
<0331> \{観鈴}「それは別に構わないんだけど…」;;;<0331> Ça ne me dérangerait pas...
<0332> \{観鈴}「えっと、補習終わってから、案内する、じゃダメ？」;;;<0332> Euh, si tu veux, je te ferai une visite guidée, quand mes cours de soutien seront finis.
<0333> \{\m{A}}「今から暇だからな。すぐにも動きたい」;;;<0333> Mais là, je n'ai rien à faire. J'aimerais bien me remuer un peu.
<0334> \{観鈴}「そっか。じゃ、描くねー」;;;<0334> Je vois. Bon, ben je vais t'en dessiner un—.
<0335> そのままの体勢で、紙だけを取り替えて、鉛筆を走らせる。;;;<0335> Toujours dans la même position, elle changea de feuille, puis fit aller ses crayons.
<0336> \{観鈴}「がおーっ…と」;;;<0336> Gao— ! Et maintenant...
<0337> 意味不明な言葉を発しながら、書き上げる。;;;<0337> Elle s'y attelait, laissant échapper des mots qui ne voulaient rien dire.
<0338> \{観鈴}「はい」;;;<0338> Tiens.
<0339> \{\m{A}}「早いな、おまえ…」;;;<0339> T'as fait vite...
<0340> 出来立ての地図を手渡される。;;;<0340> Je lui pris le plan des mains.
<0341> \{観鈴}「っと、ちょうど時間」;;;<0341> Ah ! Juste à temps.
<0342> 観鈴がひとり先に、堤防から飛び降りる。;;;<0342> Sans m'attendre, elle descendit de la digue en sautant.
<0343> \{観鈴}「ではお昼まで、ばいばいー」;;;<0343> On se revoit à midi, bye bye—.
<0344> \{\m{A}}「ああ」;;;<0344> Ouais.
<0345> ぱたぱた…;;;<0345> \bClop clop\u...
<0346> 駆けていった。;;;<0346> Elle décampa.
<0347> ひとり残される俺。;;;<0347> J'étais maintenant seul.
<0348> \{\m{A}}「俺もいくか…」;;;<0348> À mon tour d'y aller.
<0349> 強い風の中で地図を広げてみる。;;;<0349> Je dépliai le plan au beau milieu des bourrasques.
<0350> \{\m{A}}「………」;;;<0350> .........
<0351> 一瞬、見てはいけないものを見たような気がする…。;;;<0351> Pendant un instant, j'avais cru voir quelque chose d'horrible.
<0352> \{\m{A}}「…い、今のは…？」;;;<0352> ... Q-Qu'est-ce que c'était que ça...?
<0353> もう一度、勇気を出して、地図を正視する。;;;<0353> De nouveau, je pris mon courage à deux mains, et regardai le plan.
<0354> \{\m{A}}「………」;;;<0354> .........
<0355> 至るところに、正体不明の生物。;;;<0355> Des créatures non identifiées pullulaient.
<0356> 恐ろしい町だった。;;;<0356> Quel village épouvantable.
<0357> \{\m{A}}（どれが、何を意味しているのかさっぱりわからないぞ…）;;;<0357> Impossible de comprendre quoi que ce soit.
<0358> 下のほうにボーリングの玉を食べてる人が描かれている。;;;<0358> En bas, il y avait quelqu'un qui mangeait une boule de bowling.
<0359> 観鈴と出会ったとき、俺はここでそうしていた気がする。;;;<0359> Ce devait être moi, quand j'ai rencontré Misuzu pour la première fois.
<0360> \{\m{A}}（これは俺なのか…）;;;<0360> Alors ça, c'est moi...
<0361> すると、そこが堤防、つまりこの場所なのだろう。;;;<0361> Ce qui signifiait que cet endroit sur le plan, c'était la digue, c'est-à-dire là où je me trouvais actuellement.
<0362> しかし…後は、行って確かめないことにはなんなのかわからない…。;;;<0362> Par contre... pour ce qui était du reste, je ne pouvais pas l'apprendre sans y aller physiquement...
<0363> 地図の上へ;;;<0363> Aller vers le haut du plan
<0364> 地図の右へ;;;<0364> Aller vers la droite du plan
<0365> とりあえず、地図の上へ向けて歩いてみよう。;;;<0365> Je me mis en marche dans la direction correspondant au haut du plan, on verra bien.
<0366> 地図を持って堤防を降りた。;;;<0366> Plan en main, je descendis de la digue.
<0367> \{\m{A}}（ま…学校に行き着くわな…）;;;<0367> Bah... je suis arrivé à l'école.
<0368> \{\m{A}}（この絵は…ただいま補習がんばってます、の絵なのか…）;;;<0368> Ce dessin... Est-ce qu'il veut dire qu'elle est en train de prendre son soutien au sérieux ?
<0369> 校舎の窓を見上げる。;;;<0369> Je levai les yeux vers les fenêtres du bâtiment scolaire.
<0370> \{\m{A}}（頑張れよ…）;;;<0370> Fais de ton mieux...
<0371> とりあえず、地図の右へ向けて歩いてみよう。;;;<0371> Je me mis en marche dans la direction correspondant à la droite du plan, on verra bien.
<0372> 地図を持って堤防を降りた。;;;<0372> Plan en main, je descendis de la digue.
<0373> \{\m{A}}（武田商店…）;;;<0373> Le Magasin Takeda...
<0374> \{\m{A}}（この絵は…この販売機に売ってるジュースなのか…）;;;<0374> Ce dessin... Est-ce qu'il représente le jus de fruit de ce distributeur...?
<0375> \{\m{A}}（お気に入りのジュースをちゅーちゅー、というわけだな）;;;<0375> J'imagine que c'est elle en train de siroter son jus préféré.
<0376> 再び地図に目を落とす。;;;<0376> Je posai de nouveau mon regard sur le plan.
<0377> すると、こっちの絵は何を指すのだろう…。;;;<0377> Et ce dessin, que représentait-il...?
<0378> \{\m{A}}（恐竜…？）;;;<0378> Un dinosaure...?
<0379> こっちはどうだ。;;;<0379> Et celui-là ?
<0380> \{\m{A}}（お箸…？）;;;<0380> Des baguettes...?
<0381> \{\m{A}}「むむむ…」;;;<0381> Mmmh...
<0382> \{\m{A}}「むむむむむむ…」;;;<0382> Mmmmmmh...
<0383> \{\m{A}}「こんな暗号みたいな地図、使えるかっ」;;;<0383> Comment je suis censé déchiffrer ce plan ?
<0384> ポケットの中に乱雑に突っ込む。;;;<0384> Je fourrai grossièrement le plan dans ma poche.
<0385> スタート地点まで戻ってくる。;;;<0385> Je revins à mon point de départ.
<0386> \{\m{A}}（結局、自力でこの町を練り歩くしかないのか…）;;;<0386> En fin de compte, il va falloir que je me débrouille et que j'explore le village entier tout seul.
<0387> \{？}「ぴこぴこぴこ」;;;<0387> Piko piko piko.
<0388> \{\m{A}}「ん？」;;;<0388> Hmn ?
<0389> \{\m{A}}「………」;;;<0389> .........
<0390> \{？}「ぴこぴこぴこ」;;;<0390> Piko piko piko.
<0391> …なんだ、この奇怪な生物は。;;;<0391> ... Qu'était-ce que cette étrange créature ?
<0392> \{？}「ぴこぴこぴこ」;;;<0392> Piko piko piko.
<0393> なにやらシッポらしきものが、妖しい音をたてながらゆれている。;;;<0393> Elle agitait ce qui devait être une queue, et poussait des cris mystérieux.
<0394> 物の怪の類だろうか。;;;<0394> Était-ce une créature surnaturelle ?
<0395> いや、それにしては緊張感がなさすぎる。;;;<0395> Non, elle ne dégageait aucune aura du genre.
<0396> とりあえず、声をかけてみる;;;<0396> Essayer de lui parler
<0397> 気味が悪いので無視する;;;<0397> Il me fiche les jetons, plutôt l'ignorer
<0398> こういうのには関わらない方がいい。;;;<0398> Il valait mieux ne pas avoir affaire à cette chose.
<0399> きっと放っておけば何処かに行くだろう。;;;<0399> Si je la laissais seule, elle finirait bien par partir.
<0400> \{？}「ぴこぴこぴこ」;;;<0400> Piko piko piko.
<0401> \{\m{A}}「………」;;;<0401> .........
<0402> \{？}「ぴこぴこぴこ」;;;<0402> Piko piko piko.
<0403> \{\m{A}}「………」;;;<0403> .........
<0404> \{？}「ぴこぴこぴこ」;;;<0404> Piko piko piko.
<0405> \{\m{A}}「………」;;;<0405> .........
<0406> \{？}「ぴこぴこぴこ」;;;<0406> Piko piko piko.
<0407> \{\m{A}}「………」;;;<0407> .........
<0408> 黒く丸い瞳に、俺が映っている…。;;;<0408> Je voyais mon reflet dans ses rondes prunelles noires...
<0409> な、なんなんだ…なぜこの生き物は俺を見つめるんだ？;;;<0409> Q-Qu'est-ce que... pourquoi cette créature me dévisageait-elle ?
<0410> ふと気になり、自分の身体のニオイを嗅いでみる。;;;<0410> Je me sentis soudain gêné, et me mis à renifler mon propre corps.
<0411> ………。;;;<0411> ..........
<0412> 大丈夫だ。たぶん危険なフェロモンなんて出ていない。;;;<0412> Rien à signaler. A priori, pas de risque que je relache des phéromones dangereuses.
<0413> \{？}「ぴこぴこぴこ」;;;<0413> Piko piko piko.
<0414> \{\m{A}}「………」;;;<0414> ..........
<0415> ひょっとして、俺に話しかけられるのを待っているのか…？;;;<0415> Par le plus grand des hasards, attendait-elle que j'entame la conversation...?
<0416> じっとその生き物の目を見つめてみる。;;;<0416> Mes yeux immobiles fixaient la créature.
<0417> \{？}「ぴこぴこぴこ」;;;<0417> Piko piko piko.
<0418> 心持ちシッポらしきものの動きが大きくなったように見えた。;;;<0418> Il me sembla que sa queue remuait de plus en plus vite.
<0419> \{\m{A}}「………」;;;<0419> .........
<0420> \{？}「ぴこぴこぴこ」;;;<0420> Piko piko piko.
<0421> \{\m{A}}「………」;;;<0421> .........
<0422> \{\m{A}}「なにか用か」;;;<0422> Qu'est-ce que tu me veux ?
<0423> とりあえず、声をかけてみた。;;;<0423> Je me décidai à dire quelque chose.
<0424> \{？}「ぴこぴこっ」;;;<0424> Piko piko !
<0425> なにやら答えた。;;;<0425> Elle avait l'air de m'avoir répondu.
<0426> もちろん、意味はわからない。;;;<0426> Évidemment, je n'y avais rien compris.
<0427> \{\m{A}}「犬…なのか、おまえは？」;;;<0427> T'es... un chien ?
<0428> \{？}「ぴこっ」;;;<0428> Piko !
<0429> …うっ。肯定したような気がする。;;;<0429> ... Ce devait être l'affirmative.
<0430> 目の前の毛玉を、もう一度隅から隅までながめる。;;;<0430> J'inspectai les moindres détails de la boule de poils devant moi.
<0431> あえて言うなら犬に近い。;;;<0431> Vraisemblablement, elle ne devait pas être très éloignée du chien.
<0432> 舌をぺろりと垂らし、なにやら期待に満ちた目で俺を見ている。;;;<0432> Elle laissait pendre sa langue, m'adressant un regard qui donnait l'impression qu'elle attendait que je fasse quelque chose.
<0433> \{？}「ぴこぴこー」;;;<0433> Piko piko—.
<0434> 待てよ？;;;<0434> Attends un peu...
<0435> このぐらい田舎になれば、伝説上の生物も残っているのかもしれない。;;;<0435> Dans ce genre de coin perdu, il n'était pas impossible que des créatures légendaires eussent survécu.
<0436> もしかするとこれは、恩返しをする生き物なのかもしれない。;;;<0436> Avec un peu de chance, celle-ci était du genre à bénir ceux qui lui faisaient des offrandes.
<0437> 恩を売っておけば、後で見返りがあるかもしれない。;;;<0437> Si je lui offrais quelque chose tout de suite, peut-être qu'elle me récompenserait plus tard.
<0438> 夜な夜な自分の毛で布を織って、俺にくれるのかもしれない。;;;<0438> Nuit après nuit, elle tisserait une étoffe avec sa propre fourrure pour me la donner.
<0439> そんなものが高く売れるとは思わないが、バス代ぐらいにはなるかもしれない。;;;<0439> Ça ne se vendrait pas particulièrement cher, mais ça suffirait à me payer le bus.
<0440> \{\m{A}}「………」;;;<0440> .........
<0441> 何でもいいから恩を売っておく;;;<0441> Lui faire une offrande, n'importe quoi
<0442> 面倒くさいので放っておく;;;<0442> La flemme, plutôt le laisser seul
<0443> \{\m{A}}「よし。お前の望みはわかった」;;;<0443> Allez. J'ai compris ce que tu désirais.
<0444> 俺は、謎の生物にやさしく手招きした。;;;<0444> Je fis signe à la mystérieuse créature de s'approcher.
<0445> \{\m{A}}「いいものを見せてやる」;;;<0445> Je vais te faire voir quelque chose de bien.
<0446> \{？}「ぴこぴこ～」;;;<0446> Piko piko~.
<0447> 素直に階段を上がってくる謎の生物。;;;<0447> La mystérieuse créature obéit et monta les marches.
<0448> 俺はポケットから人形を取り出した。;;;<0448> Je sortis ma marionnette de ma poche.
<0449> \{\m{A}}「見てろ…」;;;<0449> Regarde bien...
<0450> 手をかざし、念を込める。;;;<0450> Je positionnai ma main au-dessus d'elle, et lui insufflai ma volonté.
<0451> …ひょこひょこひょこ。;;;<0451> ...\Hop hop hop\u.
<0452> いつものとおり、人形はひとりでに動き出す。;;;<0452> Comme à chaque fois, la marionnette se mit à marcher toute seule.
<0453> 謎の生物の周りをぐるりと歩かせてから、静かに念を解いた。;;;<0453> Après l'avoir fait marcher autour de la mystérieuse créature, je relâchai doucement mon flux de volonté.
<0454> \{\m{A}}「どうだ、思わず恩を返したくなるような素晴らしい芸だろ？」;;;<0454> Que dis-tu de ça ? Mon numéro t'a tellement émerveillé que tu te sens redevable ?
<0455> \{？}「………」;;;<0455> .........
<0456> 無言かつ真顔だった。;;;<0456> Il me regarda en silence, d'un air neutre.
<0457> \{\m{A}}「………」;;;<0457> .........
<0458> 謎の生物にさえ受けない俺の人形芸。;;;<0458> Même cette mystérieuse créature n'avait pas été sensible à mon numéro.
<0459> もしかしたら、俺の芸を理解できる存在はこの宇宙にはいないのか？;;;<0459> Y avait-il personne capable de saisir les subtilités de mon numéro dans cet univers ?
<0460> \{？}「ぴこぴこぴこ～っ」;;;<0460> Piko piko piko~ !
<0461> \{\m{A}}「…ふっ」;;;<0461> Fweh...
<0462> 何を考えているんだ俺は。;;;<0462> Qu'est-ce qui avait bien pu me passer par la tête ?
<0463> こんな種の判別もままならない畜生に何を期待している。;;;<0463> Comment avais-je pu m'attendre à quoi que ce soit sans même savoir à quelle espèce elle appartenait ?
<0464> 自嘲気味に笑う。;;;<0464> J'esquissai un sourire d'auto-dérision.
<0465> \{？}「ぴこぴこ」;;;<0465> Piko piko.
<0466> \{\m{A}}「…ん？」;;;<0466> ... Hmm ?
<0467> 謎の生物がすり寄ってくる。;;;<0467> La mystérieuse créature se rapprocha.
<0468> 牙をむかないところを見ると、大人しい生き物なんだろうか。;;;<0468> Elle ne montrait pas les crocs, donc ce devait être une créature docile, n'est-ce pas ?
<0469> しきりに何かを探すようにニオイを嗅いでいる。;;;<0469> Elle n'arrêtait pas de renifler, comme si elle cherchait quelque chose avec son flair.
<0470> そして何かを見つけたらしい。;;;<0470> Elle avait l'air d'avoir trouvé ce qu'elle cherchait.
<0471> 動きがピタリと止まった。;;;<0471> Elle arrêta de bouger.
<0472> かぷっ。;;;<0472> \mNom\u !
<0473> 謎の生物が、いきなり人形をくわえた。;;;<0473> L'instant d'après, la mystérieuse créature tenait ma marionnette dans sa bouche.
<0474> と思うと、ものすごい勢いで走り出した。;;;<0474> Le temps que je m'en rende compte, elle était déjà loin.
<0475> 堤防を駆け降り、学校前の道路を全速力で逃げてゆく。;;;<0475> Je descendis les marches de la digue en courant, puis coupa le chemin devant l'école à toute allure.
<0476> \{\m{A}}「………」;;;<0476> .........
<0477> \{\m{A}}「結局この展開かよっ！」;;;<0477> Alors tu veux la jouer comme ça !!
<0478> 必死で後を追う。;;;<0478> Je lui courus après, frénétiquement.
<0479> …もう昔話なんて絶対信じないぞ、俺は。;;;<0479> ... Je ne croyais absolument plus aux vieilles histoires.
<0480> \{\m{A}}「…待てーっ」;;;<0480> ... Attends— !
<0481> \{？}「…ぴこぴこ～」;;;<0481> ... Piko piko~.
<0482> 俺の人形をくわえたまま、謎の生物は商店街を疾走していく。;;;<0482> Ma marionnette toujours dans sa bouche, la mystérieuse créature se rua dans la rue marchande.
<0483> 速度を調整して、俺が見失わないようにしている気がする。;;;<0483> J'avais l'impression qu'elle ajustait sa vitesse pour que je ne la perde pas de vue.
<0484> \{\m{A}}「…待てっていうのがわからないのかっ」;;;<0484> ... Tu piges, quand on te dit 'attends' ?!
<0485> \{？}「…ぴこぴこぴこ～」;;;<0485> ... Piko piko piko~.
<0486> 道行く人が振り返り、くすくす笑う。;;;<0486> Les passants se retournaient et gloussaient.
<0487> のどかなホームドラマのような情景だ。;;;<0487> C'était une scène tout droit sortie d'une sitcom.
<0488> だが、追いかける方は汗だくだった。;;;<0488> Sauf que celui qui courait après l'autre dégoulinait de sueur.
<0489> 商店はまばらになり、郊外に出た。;;;<0489> Les boutiques se firent de plus en plus rares, puis j'atteignis le bord du village.
<0490> 地面が砂利にかわり、道の両側に畑が広がる。;;;<0490> Le bitume laissa place à du gravier, et des champs s'étendaient des deux côtés de la route.
<0491> 今まで一度も通ったことがない道だ。;;;<0491> Route que je n'avais encore jamais empruntée.
<0492> 行く手に橋があった。;;;<0492> Un pont se trouvait devant moi.
<0493> あまり水量はないらしく、せせらぎの音はおだやかだ。;;;<0493> Un ruisseau passait là, ajoutant au paysage le murmure apaisant de son écoulement.
<0494> 橋のたもとで、謎の生物は立ち止まっている。;;;<0494> La mystérieuse créature fit halte après avoir atteint le pont.
<0495> さすがに疲れたらしかった。;;;<0495> On pouvait s'attendre à ce qu'elle fût fatiguée après avoir autant couru.
<0496> \{\m{A}}「ふっふっふっ。観念しろ、悪の宇宙生物め」;;;<0496> Fu ! Fu ! Fu ! Abandonne, maudit extraterrestre .
<0497> にじり寄る。;;;<0497> Je m'en approchai pas à pas.
<0498> \{？}「…ぴっ、ぴこぴこ～」;;;<0498> ... Pi ! Piko piko~.
<0499> もはや身動きすらできない毛玉生物。;;;<0499> La boule de poils n'était plus en mesure de m'échapper.
<0500> と思ったら、橋の欄干にひらりと飛び乗った。;;;<0500> Du moins, c'est ce que je pensais. L'instant d'après, elle sauta avec agilité sur la balustrade.
<0501> \{？}「ぴこぴこっ」;;;<0501> Piko piko !
<0502> \{\m{A}}「待てっ、こら！」;;;<0502> Hé, attends !
<0503> あわてて駆け寄った瞬間。;;;<0503> Je bondis vers elle dans un suprême espoir de l'attraper.
<0504> 謎の生物が、視界から消えた。;;;<0504> Mais la mystérieuse créature avait déjà disparu de mon champ de vision.
<0505> 空が、見えた。;;;<0505> Et je ne voyais plus que le ciel.
<0506> ばっしゃ～～～～～～～～～～～んっ！\shake{1};;;<0506> Plooooooooooouf !! \shake{1}
<0507> ………。;;;<0507> ..........
<0508> 俺は辺りを見回した。;;;<0508> Je regardai autour de moi.
<0509> 頭上には真っ青な空。;;;<0509> Puis au-dessus, et ne vis rien d'autre que le bleu profond de ciel.
<0510> 左右にはなだらかな緑の土手。;;;<0510> À ma gauche et ma droite, des berges verdoyantes.
<0511> 頭をさすると、大きなこぶがある。;;;<0511> Je caressai mon crâne, et y sentis une grosse bosse.
<0512> そして、全身水浸しだった。;;;<0512> En outre, j'étais trempé de la tête aux pieds.
<0513> \{少女}「何してるのぉ？」;;;<0513> Qu'est-ce que tu fais ?
<0514> 見知らぬ少女が、橋の欄干からこちらを見下ろしていた。;;;<0514> Une fille que je n'avais encore jamais vue me regardait, penchée sur la balustrade.
<0515> 観鈴と同じ制服。;;;<0515> Elle portait le même uniforme que Misuzu.
<0516> 青空を背景にした、どこか子供っぽい笑い顔。;;;<0516> Le ciel bleu en guise de toile de fond, elle arborait un visage souriant, quelque peu enfantin.
<0517> \{\m{A}}「何をしているように見える？」;;;<0517> Qu'est-ce que j'ai l'air de faire ?
<0518> \{少女}「えっと…」;;;<0518> Euh...
<0519> \{少女}「なんかすごい生き物がいたから、思わず飛び込んじゃった、とか…」;;;<0519> Tu as trouvé une créature impressionnante, et tu es accidentellement tombé par-dessus la balustrade en lui courant après ?
<0520> \{\m{A}}「…どんな生き物だよ、そりゃ」;;;<0520> ... Et de quel genre de créature tu parles ?
<0521> \{少女}「体長５メートルぐらいのカメさんとか」;;;<0521> Une tortue de cinq mètres de long ?
<0522> 川幅におさまってないぞ。;;;<0522> Elle aurait été trop large pour ce ruisseau.
<0523> \{\m{A}}「謎の地球外生物が、俺の大事な人形を持ち逃げしたんだ」;;;<0523> Une mystérieuse créature extraterrestre qui s'est enfuie avec ma précieuse marionnette. 
<0524> 言ってる本人、何がなんだかわからない状況だった。;;;<0524> Moi-même, je n'avais pas la moindre idée de ce que je racontais.
<0525> \{少女}「お人形？」;;;<0525> Une poupée ?
<0526> 『お』をつけられると、ものすごく嫌な感じになる。;;;<0526> Peu de choses m'énervaient autant qu'on l'appelle une 'poupée'.
<0527> \{少女}「…って、あれのことかなぁ」;;;<0527> ... Hé, c'est de ça que tu parles ?
<0528> 少女の視線を辿る。;;;<0528> Je suivis son regard.
<0529> 川面に近い土手の草に、俺の人形が引っかかっていた。;;;<0529> Ma marionnette était coincée entre la berge et le ruisseau.
<0530> ざぶざぶと歩き、人形を取り戻す。;;;<0530> Je marchai jusqu'à elle en pataugeant, et la ramassai.
<0531> もう少しで川に流されるところだった。;;;<0531> Encore un petit peu, et elle aurait été emportée par le courant.
<0532> \{少女}「それで謎の地球外生物は…」;;;<0532> Quant à la mystérieuse créature extraterrestre...
<0533> \{少女}「これのことかなぁ」;;;<0533> C'est de lui que tu parles ?
<0534> 少女が自分の足元に視線をやった。;;;<0534> Son regard pointait vers ses propres pieds.
<0535> さっきの珍妙生物が、嬉しそうにまとわりついているのが見えた。;;;<0535> La curieuse bestiole était maintenant en train de lui câliner les jambes, l'air ravi.
<0536> \{\m{A}}「こらっ、素手でさわらない方がいいぞ」;;;<0536> Hé ! Tu devrais pas la toucher à mains nues.
<0537> \{少女}「えっ、だいじょうぶだよぉ」;;;<0537> Mais non, pas de problème.
<0538> \{少女}「ねっ、ポテト」;;;<0538> N'est-ce pas, Potato ?
<0539> \{？}「ぴこぴこぴこっ」;;;<0539> Piko piko piko !
<0540> \{少女}「ふむふむ」;;;<0540> Hum hum.
<0541> \{？}「ぴこぴこっぴこぴこぴこ～」;;;<0541> Piko piko ! Piko piko piko~.
<0542> \{少女}「あっ、そうだったんだぁ」;;;<0542> Ah ! Alors c'est ça qui s'est passé ?
<0543> \{？}「ぴっこり」;;;<0543> Pikkori.
<0544> \{少女}「それはまたご迷惑をおかけしましたぁ」;;;<0544> Veuillez m'excuser de vous avoir causé tant d'ennuis.
<0545> 俺に向かって、ぺこりと頭を下げる。;;;<0545> Elle se tourna vers moi, et m'adressa un salut à quatre-vingt-dix degrés.
<0546> \{\m{A}}「…なぜ謝る？」;;;<0546> ... Pourquoi tu t'excuses ?
<0547> \{少女}「だって、ポテトが人形をここまで持って来ちゃったって」;;;<0547> Eh ben, parce que Potato t'a volé ta marionnette et l'a emmenée jusqu'ici.
<0548> \{\m{A}}「………」;;;<0548> .........
<0549> 見事にコミュニケーションがなされている。;;;<0549> Ils étaient capables de communiquer avec aisance.
<0550> \{\m{A}}「…言葉がわかるのか、そいつの？」;;;<0550> Tu comprends ce que ce truc raconte ?
<0551> \{少女}「うんっ」;;;<0551> Oui !
<0552> 何の迷いもなく、即答した少女。;;;<0552> Elle répondit au quart de tour.
<0553> \{\m{A}}「…知ってるのか、その毛玉のこと」;;;<0553> ... Vous vous connaissez, cette boule de poils et toi ?
<0554> \{少女}「うんっ。親友だよぉ」;;;<0554> Oui ! C'est mon meilleur ami.
<0555> \{\m{A}}「親友？」;;;<0555> Ton meilleur ami ?
<0556> \{少女}「うんっ。そうだよぉ」;;;<0556> Oui ! Tout à fait.
<0557> \{少女}「ね～、ポテト」;;;<0557> Hein~, Potato ?
<0558> \{ポテト}「ぴこぴこ」;;;<0558> Piko piko.
<0559> 親友の呼びかけに、ポテトと呼ばれた地球外生物も嬉しげに答える。;;;<0559> La créature extraterrestre prénommée Potato répondit gaiement à sa meilleure amie.
<0560> \{\m{A}}「そうか。親友か」;;;<0560> Je vois. Meilleurs amis, hein ?
<0561> この地球外毛玉と？;;;<0561> Qu'est-ce que c'était que cette boule de poils extraterrestre ?
<0562> \{少女}「あれれ？どうしたの？」;;;<0562> Oh là là ? Qu'y a-t-il ?
<0563> \{\m{A}}「…いや、なんでもない」;;;<0563> ... Rien, rien du tout.
<0564> 思わず、遠い目をしてしまった。;;;<0564> Je me surpris à regarder au loin, l'air absent.
<0565> 世の中には、俺がまだ知らない次元があるらしい。;;;<0565> Il fallait croire que d'autres dimensions qui m'étaient inconnues existaient dans ce monde.
<0566> 少女はただ、にこにこと笑っている。;;;<0566> La fille continuait d'arborer un sourire amical.
<0567> 手首に巻かれた黄色いバンダナが、やけに目立つ。;;;<0567> Le bandana jaune enroulé autour de son poignet était particulièrement voyant.
<0568> ただのアクセサリーにしては、邪魔なような気がする。;;;<0568> Il avait l'air trop encombrant pour un simple accessoire.
<0569> バンダナのことを訊いてみる;;;<0569> L'interroger au sujet de son bandana
<0570> あえて触れずにおく;;;<0570> Préférer ne pas en parler
<0571> 身の飾り方なんていうのは人それぞれだ。;;;<0571> Chacun s'habille comme il se souhaite.
<0572> いちいち訊くことも無いだろう。;;;<0572> Pas besoin de lui poser de question.
<0573> 少女は橋の上から、ジッと俺を眺めている。;;;<0573> La fille n'avait pas bougé : elle était toujours en train de me dévisager depuis le pont.
<0574> \{少女}「夏なのに黒の長袖なんて暑そぉだねぇ」;;;<0574> Tu dois avoir chaud à porter des vêtements noirs aux manches longues en été.
<0575> \{少女}「前髪、邪魔じゃないのぉ？」;;;<0575> Tes franges ne te gênent pas ?
<0576> 笑いながら言う。;;;<0576> dit-elle sans cesser de sourire.
<0577> はっきり言って余計なお世話だ。;;;<0577> Franchement, elle se mêlait de ce qui ne la regardait pas.
<0578> \{\m{A}}「…それはそうと、それは何だ？」;;;<0578> ... Et ce truc, là, c'est quoi ?
<0579> \{少女}「ほへっ？」;;;<0579> Hohé ?!
<0580> \{\m{A}}「そのバンダナだ」;;;<0580> Ce bandana.
<0581> \{少女}「これっ？」;;;<0581> Ça ?!
<0582> 自分の手首を、左指でさし示す。;;;<0582> Elle pointa du doigt son poignet gauche.
<0583> \{\m{A}}「怪我でもしてるのか？」;;;<0583> Tu t'es blessée ?
<0584> \{少女}「えっとー…」;;;<0584> Euh—...
<0585> 大きな瞳を開いたまま、なにやら考える。;;;<0585> Ses yeux s'écarquillèrent, comme si elle avait eu une idée.
<0586> \{少女}「教えてほしいっ？」;;;<0586> Tu veux que je te le dise ?
<0587> 教えてほしいぞ;;;<0587> J'aimerais bien savoir
<0588> どうでもいいぞ;;;<0588> Peu importe
<0589> \{\m{A}}「教えてほしいぞ」;;;<0589> J'aimerais bien savoir.
<0590> \{少女}「むむ、やっぱり秘密っ」;;;<0590> Mmh, en fait, non, c'est un secret.
<0591> \{少女}「だって、言ってもぜったい信じてくれないから」;;;<0591> Tu vois, même si je te le disais, tu ne me croirais pas du tout.
<0592> \{\m{A}}「………」;;;<0592> .........
<0593> …なら教えてほしいとか言うなよ。;;;<0593> ... Dans ce cas, ne me demande pas si j'aimerais savoir.
<0594> \{\m{A}}「どうでもいいぞ」;;;<0594> Peu importe.
<0595> \{少女}「うぬぬ～、訊いてきておいて失礼な人だよぉ」;;;<0595> Ununu~, alors que tu me l'as demandé. Quel malpoli.
<0596> \{\m{A}}「興味が無くなったんだ」;;;<0596> Je ne suis plus intéressé.
<0597> \{少女}「すっごい理由かもしれないよぉ？」;;;<0597> Peut-être qu'il y a une super raison derrière ?
<0598> \{少女}「訊かなかったせいで、人生変わっちゃうかも知れないんだからぁ」;;;<0598> Du genre qui changerait ta vie si tu l'apprenais ?
<0599> \{\m{A}}「そら結構、今の人生に不満はないんでな」;;;<0599> Ça, pas besoin. Ma vie actuelle n'est pas particulièrement désagréable.
<0600> \{少女}「うぬぬ～」;;;<0600> Ununu~.
<0601> なにやら悔しそうに眉をひそめる。;;;<0601> Elle fronça les sourcils pour se doner l'air vexé.
<0602> …ひょっとして訊いて欲しいのか…。;;;<0602> ... À tout hasard, voulait-elle vraiment que je le lui demande...?
<0603> \{\m{A}}「………」;;;<0603> .........
<0604> \{\m{A}}「で、そのバンダナは何なんだ？」;;;<0604> Et donc, ce bandana, c'est quoi ?
<0605> 少女の顔が、パッと明るくなる。;;;<0605> Son visage s'éclaircit immédiatement.
<0606> \{少女}「え？  聞きたい？  聞きたいの？」;;;<0606> Hé ? Tu veux savoir ? Tu veux vraiment le savoir ?
<0607> とりあえず、頷いておく。;;;<0607> J'acquiesçai pour voir.
<0608> \{少女}「ダメぇ。秘密だよぉ」;;;<0608> Eh ben non. C'est un secret.
<0609> \{\m{A}}「………」;;;<0609> .........
<0610> 訊いた俺が悪かったのだろうか…。;;;<0610> Je n'aurais pas dû demander, faut croire.
<0611> \{少女}「それじゃあ、あたしたち先に帰るねぇ」;;;<0611> Sur ce, on doit y aller.
<0612> \{\m{A}}「ああ」;;;<0612> Ouais.
<0613> \{少女}「行こっ、ポテト」;;;<0613> Tu viens, Potato ?
<0614> \{ポテト}「ぴこっ」;;;<0614> Piko !
<0615> くるり、と俺に背を向ける。;;;<0615> Elle se retourna en pivotant sur elle-même.
<0616> 走り出そうとして、なぜかもう一度こちらを覗き込んだ。;;;<0616> Juste avant de se mettre à courir, elle me jeta un dernier coup d'œil.
<0617> \{少女}「えっとね」;;;<0617> Euh, tu vois...
<0618> \{\m{A}}「…なんだよ？」;;;<0618> ... Qu'est-ce qu'il y a ?
<0619> \{少女}「魔法が使えたらって、思ったことないかなぁ？」;;;<0619> T'es-tu déjà demandé ce que tu ferais si tu pouvais utiliser la magie ?
<0620> 何を言われたのか、とっさにわからなかった。;;;<0620> Sur le coup, je ne compris pas ce qu'elle voulait dire.
<0621> \{少女}「びっくりしてる～」;;;<0621> Tu as l'air surpris~.
<0622> 口元に手を当てたまま、賑やかに笑う。;;;<0622> Elle gloussa gaiment, la main devant sa bouche.
<0623> \{少女}「それじゃね」;;;<0623> Salut !
<0624> \{少女}「お人形さんにもよろしくね～」;;;<0624> Salut à ta marionnette, aussi~ !
<0625> 日射しと一緒に降ってくる、満面の笑顔。;;;<0625> Elle partit, son visage baigné dans les rayons du soleil qui soulignaient son sourire.
<0626> \{少女}「じゃあね～」;;;<0626> Salut~ !
<0627> 少女とその親友は、田舎道をぱたぱたと駆けていった。;;;<0627> La fille et son meilleur ami s'en allèrent en détallant par la route de campagne.
<0628> 俺は土手を登り、橋のたもとまで戻った。;;;<0628> Je remontai la berge et revins au pont.
<0629> \{\m{A}}「………」;;;<0629> .........
<0630> \{\m{A}}「…魔法？」;;;<0630> ... La magie ?
<0631> とりあえず、堤防まで帰ろう。;;;<0631> Peu importe, revenons à la digue.
<0632> 道がわかればの話だが…。;;;<0632> Du moins, c'est ce que j'aurais dit si je connaissais le chemin...
<0633> 俺は観鈴マップを取りだす。;;;<0633> Je sortis le plan de Misuzu.
<0634> 位置関係は合っているものと信じよう。;;;<0634> J'étais bien obligé de supposer que les positions relatives des lieux dessinés étaient correctes.
<0635> \{\m{A}}（こう来て…こう来たんだから…）;;;<0635> Je suis passé par là... puis par là...
<0636> 俺は堤防から来た道を辿ってみる。;;;<0636> Je retraçai mon chemin depuis la digue.
<0637> すると、指先が箸を持つ観鈴（自画像だと思われる）の上で止まった。;;;<0637> En faisant cela, mon doigt s'arrêta sur Misuzu (en supposant que ce fût un autoportrait) qui tenait des baguettes.
<0638> \{\m{A}}（お箸…）;;;<0638> Des baguettes (\bhashi\u)...
<0639> \{\m{A}}（ここは、橋）;;;<0639> Et ici, il y a un pont (\bhashi\u)...
<0640> \{\m{A}}「なるほど、ダジャレだったのか」;;;<0640> Je vois, c'était un calembour.
<0641> またひとつ、暗号の解読に成功した。;;;<0641> J'avais réussi à déchiffrer un autre de ses messages cryptés.
<0642> すべての謎が解けたとき、俺はこの町を迷いもなく闊歩できることになるのだろう。;;;<0642> Une fois toutes les devinettes résolues, je serais capable de me rendre sans hésiter n'importe où dans le village.
<0643> \{\m{A}}「目指せ、観鈴マップマスター」;;;<0643> Je deviendrai maître des plans de Misuzu !
<0644> \{\m{A}}「………」;;;<0644> .........
<0645> \{\m{A}}「んな自慢にもならないものを目指すより、書き直してもらうほうが早いな…」;;;<0645> Pas besoin de s'embêter à ce point, ce sera plus rapide de lui demander de le redessiner.
<0646> 来た道を戻る。;;;<0646> Je revins sur mes pas.
<0647> どうにか見慣れた道まで戻ってくることができた。;;;<0647> Je finis par retrouver des rues familières.
<0648> 陽は頭上に差しかかりつつある。;;;<0648> Le soleil était au zénith.
<0649> 昼時だった。;;;<0649> Il était donc midi.
<0650> 補習も終わっているかもしれない。;;;<0650> Les cours de soutien étaient peut-être terminés.
<0651> 学校の前までやってくると、案の定、観鈴が門の前で待っていた。;;;<0651> Comme je m'en doutais, Misuzu m'attendait devant le portail de l'école.
<0652> 俺は近づいてゆく。;;;<0652> J'allai à sa rencontre.
<0653> \{\m{A}}「よぅ」;;;<0653> Yo.
<0654> \{観鈴}「待った？」;;;<0654> Je t'ai fait attendre ?
<0655> \{\m{A}}「見ての通り、今戻ってきたところだよ」;;;<0655> Comme tu peux le voir, je viens juste d'arriver.
<0656> \{観鈴}「よかった。帰ろ」;;;<0656> Ça me rassure. Rentrons.
<0657> \{\m{A}}「ああ」;;;<0657> Ouais.
<0658> 俺たちは歩き出す。;;;<0658> Nous nous mîmes en marche.
<0659> \{観鈴}「どうだった？」;;;<0659> C'était comment ?
<0660> \{\m{A}}「ん…？」;;;<0660> Hmm...?
<0661> \{観鈴}「お金、稼げた？」;;;<0661> Tu t'es fait des sous ?
<0662> \{\m{A}}「ああ」;;;<0662> Ouais.
<0663> 適当に頷く。;;;<0663> Je hochai la tête en guise de réponse.
<0664> \{観鈴}「え？  ほんと？」;;;<0664> Hein ? Vraiment ?
<0665> \{\m{A}}「そんなに意外かよ…」;;;<0665> Ça t'étonne tant que ça ?
<0666> \{観鈴}「ううん、よかったね」;;;<0666> Non, contente pour toi.
<0667> \{観鈴}「これで、町出られる？」;;;<0667> Et donc, tu vas pouvoir quitter le village ?
<0668> \{\m{A}}「そうだな…」;;;<0668> Pourquoi pas...
<0669> \{観鈴}「じゃ、お祝いにジュース飲もうよ」;;;<0669> Allons fêter ça avec du jus de fruit.
<0670> \{\m{A}}「そうだな…」;;;<0670> Pourquoi pas...
<0671> \{観鈴}「\m{A}さんのおごり～」;;;<0671> C'est toi qui m'invites~.
<0672> \{\m{A}}「………」;;;<0672> .........
<0673> \{\m{A}}「…って、ちょっと待てっ。どうして俺がおまえにおごらなきゃならないんだ」;;;<0673> ... Hé, attends un peu. Pourquoi c'est moi qui devrais t'inviter ?
<0674> \{観鈴}「わたし、いつもおごってる」;;;<0674> C'est toujours moi qui t'invite.
<0675> \{\m{A}}「俺は一度も飲んでないぞ…」;;;<0675> J'en ai jamais bu, de ton jus.
<0676> \{観鈴}「そうか…そうだね。いつも飲んでくれないもんね」;;;<0676> Si tu le dis... Non, tu as raison. À chaque fois, tu refuses de boire.
<0677> \{観鈴}「でも、今日はおごってほしいな。たんまり稼いだんだよね」;;;<0677> Mais aujourd'hui, j'aimerais bien que tu m'invites. Tu as dû gagner beaucoup.
<0678> \{観鈴}「社会人～」;;;<0678> Espèce de membre actif de la société~.
<0679> また鬱陶しい…。;;;<0679> Toujours aussi fatigante...
<0680> おごらない;;;<0680> L'inviter
<0681> 無視;;;<0681> L'ignorer
<0682> \{\m{A}}「おごらない」;;;<0682> Je ne t'inviterai pas.
<0683> \{観鈴}「ケチ」;;;<0683> Radin.
<0684> \{\m{A}}「ケチでいい」;;;<0684> Ça me va bien d'être radin.
<0685> \{観鈴}「カエル」;;;<0685> Grenouille.
<0686> \{\m{A}}「カエルでもいい」;;;<0686> Ça me va tout aussi bien d'être une grenouille.
<0687> \{観鈴}「オタマジャクシ」;;;<0687> Têtard.
<0688> \{\m{A}}「オタマジャクシでもいい」;;;<0688> Ça me va tout aussi bien d'être un têtard.
<0689> \{観鈴}「\m{A}さん、オタマジャクシなんだぁ…そうだよね。いつも黒いもんね」;;;<0689> Alors comme ça, \m{A}-san est un têtard... Ah ben oui, tu es toujours tout en noir.
<0690> \{\m{A}}「ああ、真っ黒なオタマジャクシなんだ」;;;<0690> Ouais, je suis un têtard tout noir.
<0691> \{\m{A}}「だからジュースも買わないし、飲まない」;;;<0691> Et c'est pourquoi je ne t'achèterai pas le moindre jus de fruit.
<0692> \{観鈴}「それじゃあ、仕方ないね。わたしひとりで飲もーっと」;;;<0692> Bon, ben c'est comme tu veux. Je vais aller boire toute seule.
<0693> 自販機へと走っていった。;;;<0693> Elle courut vers le distributeur.
<0694> 戻ってきた観鈴の手にはジュースのパック。;;;<0694> Quand elle revint, elle avait une brique de jus de fruit dans la main.
<0695> それを手の中でもてあそびながら、歩く。;;;<0695> Elle faisait joujou avec sa brique tout en marchant.
<0696> \{観鈴}「オタマジャクシさんは、もうこの町出てゆくのかな」;;;<0696> Est-ce que tu vas quitter le village, Têtard-san ?
<0697> \{\m{A}}「ああ、そうだな」;;;<0697> Ouais, c'est mon projet.
<0698> \{観鈴}「寂しくなるね」;;;<0698> Je vais me sentir seule.
<0699> \{\m{A}}「そうか？」;;;<0699> Ah bon ?
<0700> \{観鈴}「そうだよ。オタマジャクシさん、おもしろい人だし」;;;<0700> Ben oui. Parce que Têtard-san est une personne passionnante.
<0701> \{\m{A}}「一応、人なんだな」;;;<0701> Ah, au moins, je suis encore une personne.
<0702> \{観鈴}「ううん、オタマジャクシさんはおもしろいオタマジャクシだった」;;;<0702> Non, Têtard-san est un têtard passionnant.
<0703> \{\m{A}}「そうか？」;;;<0703> Vraiment ?
<0704> \{観鈴}「うん、楽しいオタマジャクシだった」;;;<0704> Oui, tu étais un têtard passionnant.
<0705> \{観鈴}「………」;;;<0705> .........
<0706> \{観鈴}「仕方ないよね」;;;<0706> J'imagine que tu n'as pas le choix.
<0707> \{観鈴}「オタマジャクシさんの門出にかんぱーい」;;;<0707> Trinquons au nouveau départ de Têtard-san !
<0708> \{観鈴}「はい。一口でいいから飲んでほしい」;;;<0708> Tiens, juste une gorgée, s'il te plaît.
<0709> ジュースを俺に差し出した。;;;<0709> Elle me tendit son jus de fruit.
<0710> 俺はそれを手で押し戻す。;;;<0710> Je fis 'stop' de la main.
<0711> \{観鈴}「乾杯できない」;;;<0711> On peut pas trinquer comme ça.
<0712> \{\m{A}}「できなくていいんだ」;;;<0712> Peu importe qu'on trinque ou pas.
<0713> \{観鈴}「どうして？」;;;<0713> Pourquoi ?
<0714> \{\m{A}}「もう少し、この町に残ることにしたから」;;;<0714> Parce que je vais rester encore un peu dans ce village.
<0715> \{観鈴}「ほんと？」;;;<0715> Pour de vrai ?
<0716> \{\m{A}}「ああ。まだまだ稼ぎが足らないんだ」;;;<0716> Ouais, il faut que je me fasse un peu plus de sous.
<0717> \{観鈴}「よかった」;;;<0717> Ça me fait très plaisir.
<0718> 嬉しそうだった。;;;<0718> Elle avait l'air contente.
<0719> \{\m{A}}「だからな、この町の地図を書き直してくれ」;;;<0719> Et donc, il faut que tu me redessines un plan du village.
<0720> \{観鈴}「ん…？  どうして？」;;;<0720> Hmn...? Pour quoi faire ?
<0721> \{\m{A}}「わかりにくい。ただそれだけだ」;;;<0721> C'est juste que celui-ci est trop dur à comprendre.
<0722> \{観鈴}「んー、どういうふうに書いたらいいのかな。わたし、がんばったのに」;;;<0722> Hmn—, tu veux que je le dessine comment, dans ce cas ? J'ai déjà fait de mon mieux.
<0723> \{\m{A}}「とりあえず鼻歌混じりに３０秒で書けてしまうのは、どうかと思うぞ」;;;<0723> Alors, t'as dessiné celui-ci en trente secondes tout en fredonnant. Forcément qu'il ne va pas.
<0724> \{\m{A}}「一筆書きじゃあるまいし」;;;<0724> C'est pas comme ces dessins d'un seul trait, là.
<0725> \{観鈴}「じゃ、家に帰ってから、もっと時間かけて書くね」;;;<0725> Bon, ben quand on sera rentrés à la maison, je prendrai le temps de m'appliquer.
<0726> \{\m{A}}「ああ、頼む」;;;<0726> Ouais, merci d'avance.
<0727> 俺たちは歩き出した。;;;<0727> Nous nous mîmes en marche.
<0728> 俺は何も答えず、先を急ぐ。;;;<0728> Je l'ignorai et accélérai le pas.
<0729> \{観鈴}「わ、待ってよ、\m{A}さん」;;;<0729> Wah, attends-moi, \m{A}-san.
<0730> ぱたぱたと観鈴が走って追ってくる。;;;<0730> Elle pressa le pas pour me rattraper.
<0731> 少し可哀想になってきたので、俺は前を向いたままで頼む。;;;<0731> Elle me faisait un peu pitié, alors je lui répondis quand même, mais sans me retourner.
<0732> \{\m{A}}「この町の地図を書き直してくれ」;;;<0732> Il faut que tu me redessines un plan du village.
<0733> \{観鈴}「ん…？  どうして？」;;;<0733> Hmn...? Pour quoi faire ?
<0734> \{\m{A}}「わかりにくい。ただそれだけだ」;;;<0734> C'est juste que celui-ci est trop dur à comprendre.
<0735> \{観鈴}「んー、どういうふうに書いたらいいのかな。わたし、がんばったのに」;;;<0735> Hmm—, tu veux que je le dessine comment, dans ce cas ? J'ai déjà fait de mon mieux.
<0736> \{\m{A}}「とりあえず鼻歌混じりに３０秒で書けてしまうのは、どうかと思うぞ」;;;<0736> Alors, t'as dessiné celui-ci en trente secondes tout en fredonnant. Forcément qu'il ne va pas.
<0737> \{\m{A}}「一筆書きじゃあるまいし」;;;<0737> C'est pas comme ces dessins d'un seul trait, là.
<0738> \{観鈴}「じゃ、家に帰ってから、もっと時間かけて書くね」;;;<0738> Bon, ben quand on sera rentrés à la maison, je prendrai le temps de m'appliquer.
<0739> \{\m{A}}「ああ、頼む」;;;<0739> Ouais, merci d'avance.
<0740> \{観鈴}「あれ？  どうして、地図がまだいるのかな」;;;<0740> Hé, pourquoi tu as encore besoin d'un plan ?
<0741> \{観鈴}「もしかして、まだこの町にいるのかなっ」;;;<0741> Est-ce que tu restes encore au village ?
<0742> 背中からずっと観鈴の悩む声が聞こえ続けていた。;;;<0742> J'entendais la voix troublée de Misuzu derrière moi.
<0743> 居間で待っていると、着替えを終えた観鈴が拳を握りしめながら現れる。;;;<0743> Après m'avoir fait patienter dans la salle de séjour, Misuzu revint une fois qu'elle eut fini de se changer, les poings serrés.
<0744> \{観鈴}「じゃ、がんばってくる」;;;<0744> Allez, je vais faire de mon mieux.
<0745> \{\m{A}}「ああ、とびきりおいしいのを頼むぞ」;;;<0745> Ouais, fais ça extra-délicieux, si possible.
<0746> \{観鈴}「うん」;;;<0746> Ok.
<0747> 観鈴が台所へと消える。;;;<0747> Elle disparut dans la cuisine.
<0748> 俺は立ち上がり、窓を開けて風を通す。;;;<0748> Je me levai, et ouvris la fenêtre pour laisser rentrer l'air.
<0749> \{\m{A}}「なんだろうな、この落ち着いたカンジは…」;;;<0749> Pourquoi je me sens aussi tranquille...?
<0750> 窓からの風景を見渡す。;;;<0750> Je contemplai la vue depuis la fenêtre.
<0751> 雲一つない空。;;;<0751> Un ciel sans le moindre nuage.
<0752> 午後から、さらに暑くなりそうだった。;;;<0752> Il ferait probablement encore plus chaud l'après-midi.
<0753> \{観鈴}「できたよー」;;;<0753> C'est prêt— !
<0754> 台所から観鈴の呼ぶ声。;;;<0754> Misuzu m'appela depuis la cuisine.
<0755> \{\m{A}}「ふぅ…やっと飯にありつけるか…」;;;<0755> Fiou... Enfin à manger...
<0756> \{観鈴}「すごいデキ。観鈴ちん、すごい」;;;<0756> J'ai vraiment fait de mon mieux. Misuzu-chin est incroyable.
<0757> \{\m{A}}「おいしくできたか。それは楽しみだ」;;;<0757> Serait-ce délicieux ? J'ai hâte de gouter.
<0758> 食卓の上には、数種類の色のマジックペンが転がっているだけだった。;;;<0758> Sur la table à manger étaient éparpillés des marqueurs de toutes les couleurs.
<0759> 俺はそのひとつを拾い上げて、口にくわえてみる。;;;<0759> J'en pris un, et le mis à ma bouche.
<0760> \{\m{A}}「………」;;;<0760> .........
<0761> \{観鈴}「なにしてるの？」;;;<0761> Qu'est-ce que tu fais ?
<0762> \{\m{A}}「ペンに見せかけた食べ物かと思って」;;;<0762> J'ai pensé que c'était de la nourriture en forme de feutre.
<0763> \{観鈴}「それ、ペンだよ」;;;<0763> Ça, c'est juste un feutre.
<0764> \{\m{A}}「………」;;;<0764> .........
<0765> \{観鈴}「できたのは、こっち」;;;<0765> C'est \bça\u, qui est prêt.
<0766> 観鈴が手に一枚の紙切れを持っていた。;;;<0766> Elle tenait un bout de papier.
<0767> \{\m{A}}「なんだ、それ」;;;<0767> C'est quoi, ça ?
<0768> \{観鈴}「地図」;;;<0768> Un plan.
<0769> \{観鈴}「いっしょうけんめい書いた」;;;<0769> Je me suis bien appliquée pour le dessiner.
<0770> \{\m{A}}「あ、ああ…そっか。頼んでたな」;;;<0770> O-Ouais... Je vois. Merci bien.
<0771> 受け取る。;;;<0771> Je le lui pris des mains.
<0772> \{\m{A}}「で、飯は」;;;<0772> Et donc, à manger ?
<0773> \{観鈴}「あ…そうだったね。昼ご飯の用意しないと」;;;<0773> Ah... c'est vrai. Je n'ai pas encore préparé le déjeuner.
<0774> \{観鈴}「地図書くのに夢中で忘れてた」;;;<0774> J'étais tellement absorbée par mon dessin que j'ai oublié.
<0775> \{\m{A}}「じゃ…そっちも頑張ってくれ。早急に…」;;;<0775> Dans ce cas... donne-toi aussi à fond pour ça. Et fais vite...
<0776> \{観鈴}「あのね、その地図ね、すごいんだよ」;;;<0776> Tu sais, ce plan est super.
<0777> \{観鈴}「コンクールで入選しそう」;;;<0777> Il pourrait même être retenu pour un concours.
<0778> \{\m{A}}「あ、ああ…大事にするな…」;;;<0778> O-Ouais... Je vais en prendre soin.
<0779> \{\m{A}}「だからな…観鈴…飯…」;;;<0779> Et donc... Misuzu... à manger...
<0780> \{観鈴}「夏休みの課題にしちゃおうかなー」;;;<0780> Est-ce que je devrais en faire mon sujet libre— ?
<0781> \{観鈴}「みんな、びっくり。観鈴ちんて、絵、うまかったんだ～って」;;;<0781> Tout le monde serait impressionné. Ils me diraient tous 'Hé, Misuzu-chin, il est très bon ton dessin'.
<0782> \{\m{A}}「め…し…」;;;<0782> À... manger...
<0783> \{観鈴}「わたし、人気者になっちゃうかも」;;;<0783> Peut-être bien que toute l'école entendra parler de moi.
<0784> 結局昼飯にありつけたのは、さらに一時間後だった。;;;<0784> En fin de compte, j'avais encore eu à attendre une heure avant d'être servi.
<0785> その日の午後…;;;<0785> Cette après-midi-là...
<0786> \{\m{A}}「アジィ…」;;;<0786> Fais chaud...
<0787> 突っ立っているだけで気が遠くなる。;;;<0787> Rien qu'à me tenir debout, j'avais l'impression que je pouvais perdre connaissance à tout moment.
<0788> 心頭滅却すれば、なんとやらというやつだな…;;;<0788> Ça irait peut-être mieux si je faisais le vide dans mon esprit...
<0789> 俺は目を閉じて、心頭の滅却を試みる。;;;<0789> Je fermai les yeux, et tentai de faire le vide dans ma tête.
<0790> ………。;;;<0790> ..........
<0791> …滅却ってどういう意味だ。;;;<0791> ... Qu'est-ce ça veut dire, 'faire le vide' ?
<0792> わからなかった。;;;<0792> Aucune idée.
<0793> とにかく精神を集中する、ということなのだろう。;;;<0793> Vu le nom, ça devait vouloir dire 'se concentrer', ou quelque chose comme ça.
<0794> 俺が一番集中するときといえば、それは人形に念を込めるときだ。;;;<0794> C'était quand j'insufflais ma volonté à ma marionnette que je me concentrais le plus.
<0795> 確かに無心でそうしている間は、暑さも忘れてしまっている気がした。;;;<0795> Quand j'étais concentré sur ça et rien d'autre, je pouvais clairement aller jusqu'à oublier la chaleur.
<0796> 俺は相棒をポケットから取り出して、それへ視線を落とす。;;;<0796> Je sortis ma partenaire de ma poche, et la regardai attentivement.
<0797> 実践してみる;;;<0797> Tenter de mettre l'idée en pratique
<0798> やめておく;;;<0798> Passer à autre chose
<0799> 実践してみよう。;;;<0799> Je tentai de mettre l'idée en pratique.
<0800> 地面に、人形を置く。;;;<0800> Je posai ma marionnette au sol.
<0801> そして、手を当て、意識を指先に集める。;;;<0801> Ensuite, je plaçai ma main au-dessus d'elle, et concentrai mon esprit dans mes doigts.
<0802> \{\m{A}}「………」;;;<0802> .........
<0803> その精神集中の途中で音が聞こえてくる。;;;<0803> Alors que j'étais au summum me ma concentration, j'entendis un bruit.
<0804> \{\m{A}}「ん…？」;;;<0804> Hmm...?
<0805> ぶろろろろろろろろぉーーっ！\shake{1};;;<0805> \bVrooooooooooom\u !! \shake{1}
<0806> ぽむっ！\shake{1};;;<0806> \bBam\u !! \shake{1}
<0807> 突然現れた真っ黒なタイヤが、人形を空の彼方へと葬り去っていた。;;;<0807> Tout d'un coup, un pneu noir surgit de nulle part et envoya valser ma marionnette vers un monde meilleur.
<0808> \{\m{A}}「………」;;;<0808> .........
<0809> じーこじーこ…;;;<0809> Les oiseaux gazouillent...
<0810> みんみんみんみん…;;;<0810> Les cigales chantent...
<0811> 空は青く澄み渡っている。;;;<0811> Pas un nuage à l'horizon.
<0812> \{\m{A}}「そうだ。ラーメンセットを食いにいこう」;;;<0812> Je sais. Allons manger un rāmen.
<0813> 俺は歩き出す。;;;<0813> Je me mis en marche.
<0814> \{\m{A}}「………」;;;<0814> .........
<0815> \{\m{A}}「ちがうっ…こら、誰だ！」;;;<0815> Ou plutôt... Hé, qui a fait ça ?!
<0816> バイクが目の前で停まっていた。;;;<0816> Une moto était arrêtée juste devant moi.
<0817> \{声}「ん…？  なんか、跳ねてもたなぁ」;;;<0817> Hmn...? Je crois que j'ai touché un truc.
<0818> ライダーがヘルメットを取る。;;;<0818> La motarde retira son casque.
<0819> \{晴子}「ごっつ軽かったし。別に気にせんでええかな～」;;;<0819> Bah, c'était léger. Pas besoin de s'inquiéter~.
<0820> \{\m{A}}「………」;;;<0820> .........
<0821> \{晴子}「あ、あんた、おったんかいな」;;;<0821> Ah, t'es là, toi ?
<0822> \{\m{A}}「………」;;;<0822> .........
<0823> \{晴子}「ごっつブルーな形相やで。どないしたん？」;;;<0823> T'as l'air grognon. Qu'est-ce qui t'arrive ?
<0824> \{\m{A}}「今あんたが跳ねたのは俺の商売道具だ」;;;<0824> C'est mon gagne-pain que tu viens d'envoyer valser, là.
<0825> \{晴子}「商売道具？  ああ、あの薄汚れた人形かいな」;;;<0825> Ton gagne-pain ? Aah, cette marionnette toute crade, là ?
<0826> \{晴子}「そかそか。よう飛んだなぁ…」;;;<0826> Je vois, je vois. C'est qu'elle a bien volé...
<0827> \{\m{A}}「探してきてくれ」;;;<0827> Va me la chercher.
<0828> ぶろろろろろろろ…;;;<0828> \bVroooooooum\u...
<0829> \{晴子}「ほい、落ちてたで」;;;<0829> Tiens, elle est tombée là.
<0830> 簡単に見つかるものらしい。;;;<0830> Ça ne lui aura pas demandé le moindre effort.
<0831> 相手を睨みつけたまま、それを受け取る。;;;<0831> Je la lui pris des mains, tout en lui adressant un regard noir.
<0832> \{\m{A}}「それだけか」;;;<0832> C'est tout ?
<0833> 謝るということを知らないのだろうか。;;;<0833> Ne connaissait-elle pas le concept d'excuses ?
<0834> \{\m{A}}「あんたは俺の商売道具をバイクで跳ねたんだぞ。なら、どうすればいい」;;;<0834> Tu viens d'envoyer valser ma marionnette avec ta moto. Il te reste quoi à faire, à ton avis ?
<0835> \{晴子}「ん？  なんかせなあかんかな～」;;;<0835> Hmm ? J'suis censée faire quelque chose ?
<0836> 顎に指を当て、考え込む。;;;<0836> Elle retourna la question en se frottant le menton.
<0837> \{晴子}「よし。ほな帰りに、新しい人形買うてきたる。それであんたご機嫌や」;;;<0837> Je sais. Quand j'rentrerai, j't'achèterai une nouvelle marionnette sur la route. Ça devrait t'mettre de bonne humeur.
<0838> \{\m{A}}「そんなもの、いるかっ」;;;<0838> Comme si j'en avais besoin !
<0839> \{\m{A}}「この人形とは長い付き合いなんだよ。もう十年だ。ずっとこれで稼いできたんだよ」;;;<0839> Cette marionnette et moi, ça fait longtemps qu'on se connaît. Déjà dix ans. Dix ans que je gagne ma vie grâce à elle.
<0840> \{晴子}「あまのじゃくな子やなぁ。ほんまは、嬉しいくせに～」;;;<0840> Arrête de faire l'enfant qui sait pas c'qu'il veut. Je sais qu'au fond, t'es tout content~.
<0841> \{晴子}「もう、そんな愛嬌のない人形、捨てや」;;;<0841> Allez, va jeter cette marionnette toute laide.
<0842> \{晴子}「パパッと新調したら、めっさ儲かるようになるで。んもう、ウッハウハやで」;;;<0842> J'vais aller t'en trouver une nouvelle, et tu vas t'faire des tas d'pépètes. À la fin, tu seras en train de pousser des 'uhha-uha' de bonheur.
<0843> \{\m{A}}「ウッハウハ…」;;;<0843> Uhha-uha...
<0844> \{晴子}「っと…時間ごっつやばいわ…」;;;<0844> Mince... j'ai plus l'temps...
<0845> \{晴子}「うち、急いどるから。ほな、また」;;;<0845> Faut que j'me dépêche. Allez, à plus.
<0846> メットをかぶり直すと、勢いよく発進する。;;;<0846> Elle remit son casque, puis repartit plein gaz.
<0847> ぶろろろろろろろ…！！;;;<0847> \bVroooooooum\u... !!
<0848> 田舎の情景をぶち壊しにしながら、エンジン音が遠ざかっていった。;;;<0848> Les bruits de moteur qui ruinaient ce tableau champêtre moururent au loin.
<0849> そんなことで涼しくなるなら、こんなに文明は発達していなかったはずだ。;;;<0849> S'il suffisait de faire ça pour se rafraîchir, la civilisation ne serait pas arrivée aussi loin.
<0850> 馬鹿らしい。やめておこう。;;;<0850> C'était stupide. Mieux valait abandonner.
<0851> 人形を仕舞って、歩き始める。;;;<0851> Je la rangeai, puis me mis en route.
<0852> と、背後から爆音が迫ってくる。;;;<0852> L'instant suivant, j'entendis comme une série de détonations s'approcher.
<0853> \{\m{A}}「ん…？」;;;<0853> Hmm...?
<0854> ぶろろろろろろろろぉーーっ！;;;<0854> \bVrooooooooooom\u !!
<0855> どむっ！\shake{1};;;<0855> \bBoum\u !! \shake{1}
<0856> バイクに跳ねられた。;;;<0856> La moto me fit voltiger.
<0857> \{\m{A}}「………」;;;<0857> .........
<0858> じーこじーこ…;;;<0858> Les oiseaux gazouillaient...
<0859> みんみんみんみん…;;;<0859> Les cigales chantaient...
<0860> 空は青く澄み渡っている。;;;<0860> Pas un nuage à l'horizon.
<0861> \{\m{A}}「そうだ。ラーメンセットを食いにいこう」;;;<0861> Je sais. Allons manger un rāmen.
<0862> 立ち上がる。;;;<0862> Je me remis debout.
<0863> \{\m{A}}「………」;;;<0863> .........
<0864> \{\m{A}}「ちがうっ…今、俺を轢いたのは、誰だ！」;;;<0864> Ou plutôt...! Hé, que celui qui vient de me renverser se dénonce !
<0865> バイクが目の前で停まっていた。;;;<0865> Une moto était arrêtée juste devant moi.
<0866> \{声}「うわぁ…なんか、跳ねてもたぁ」;;;<0866> Uwaah... Je crois qu'j'ai touché quelque chose.
<0867> ライダーがヘルメットを取る。;;;<0867> La motarde retira son casque.
<0868> \{晴子}「あ、あんたやったんか」;;;<0868> Ah, c'était juste toi.
<0869> \{\m{A}}「………」;;;<0869> .........
<0870> \{晴子}「ちゃんと立っとるな。よし、無事や」;;;<0870> T'as l'air de tenir debout. Donc, pas de dégâts.
<0871> \{晴子}「うち、急いどるんや。ほな、また」;;;<0871> Faut que j'me dépêche. Allez, à plus.
<0872> \{\m{A}}「目視だけで無事を確認するなっ」;;;<0872> C'est pas juste en me jetant un petit coup d'œil que tu peux être sûre qu'il n'y a pas de dégâts !
<0873> \{晴子}「あん？  無事なんやろ？」;;;<0873> Hé ? Mais il y a pas de dégâts, si ?
<0874> \{晴子}「うち、そっから出てきたところや。そないにスピード出てへんかったはずやで」;;;<0874> J'viens juste de sortir d'la rue là-bas. J'pouvais pas aller trop vite.
<0875> \{晴子}「問題あらへんやろぅ？」;;;<0875> Y a un problème ?
<0876> まるで脅されているようだった。;;;<0876> On aurait dit qu'elle était complètement en train de me menacer.
<0877> \{\m{A}}「ひとつ大きな問題があるだろ。ひと一人轢いたという事実が」;;;<0877> Ouais, y a un problème, et pas des moindres. Tu viens juste de renverser quelqu'un, en gros.
<0878> 両手で体についた土埃を落としながら、言ってやる。;;;<0878> lui dis-je en m'épousetant à deux mains.
<0879> \{\m{A}}「ん…」;;;<0879> Hmn...
<0880> そこで気づく。人形がなかった。;;;<0880> C'est là que je me rendis compte que ma marionnette manquait à l'appel.
<0881> 今の衝撃でどこかに投げ出されてしまったようだった。;;;<0881> L'impact avait dû la faire voler quelque part.
<0882> \{晴子}「あ、なんか落ちてる」;;;<0882> Ah, y a un machin qu'est tombé, là.
<0883> 晴子が地面から何かを拾い上げていた。;;;<0883> Elle ramassa quelque chose par terre.
<0884> \{晴子}「なんやろなー。布で出来てるみたいや」;;;<0884> C'est quoi c'truc— ? Ça a l'air d'être en tissu.
<0885> \{晴子}「こわっ…なんか顔ついとる」;;;<0885> Beurk... Y a un visage dessus.
<0886> \{晴子}「呪いの人形かいな…」;;;<0886> C'est le genre qu'est possédé...?
<0887> 俺の夢を売る商売道具だ。;;;<0887> C'était mon gagne-pain, qui me permettait de réaliser mes rêves.
<0888> \{晴子}「焼いとこ」;;;<0888> Au bûcher.
<0889> \{\m{A}}「俺の人形だっ！」;;;<0889> Elle est à moi, cette marionnette !!
<0890> \{晴子}「あん？」;;;<0890> Hein ?
<0891> \{晴子}「ああ、そかそか。見覚えある思ったら、そやったんかぁ」;;;<0891> Aah, c'est vrai, c'est vrai. J'me disais bien que j'l'avais déjà vue quelque part.
<0892> \{晴子}「ほい。もう、落としたらあかんで」;;;<0892> Tiens. Essaie de n'plus la laisser tomber.
<0893> 土埃にまみれたままの人形を手渡される。;;;<0893> Elle me tendit ma marionnette couverte de poussière.
<0894> \{\m{A}}「………」;;;<0894> .........
<0895> \{晴子}「なんや、怒った顔して」;;;<0895> Qu'est-ce qu'il y a ? T'as l'air fâché.
<0896> \{晴子}「あ、それか。汚れてしもうとるもんなー」;;;<0896> Ah, je sais. C'est parce que je l'ai salie—.
<0897> \{晴子}「よし。帰りに、新しい人形買うてきたる。それで機嫌直し」;;;<0897> Je sais. J'vais t'acheter une nouvelle marionnette sur la route du retour. Ça devrait t'mettre de meilleure humeur.
<0898> \{\m{A}}「この人形とは長い付き合いなんだよ。もう十年だ。ずっとこれで稼いできたんだよ」;;;<0898> Cette marionnette et moi, ça fait longtemps qu'on se connaît. Déjà dix ans. Dix ans que je gagne ma vie grâce à elle.
<0899> \{晴子}「アホやなぁ、あんた。そないに愛嬌のない人形、いつまでも使てるから儲けられへんのや」;;;<0899> T'es pas très futé, toi. Avec une marionnette aussi laide, tu vas jamais t'faire le moindre sou.
<0900> \{晴子}「パパッと新調したら、めっさ儲かるようになるで。んもう、ウッハウハやで」;;;<0900> J'vais aller t'en trouver une nouvelle, et tu vas t'faire des tas d'pépètes. À la fin, tu seras en train de pousser des 'uhha-uha' de bonheur.
<0901> \{\m{A}}「ウッハウハ…」;;;<0901> Uhha-uha...
<0902> \{晴子}「っと…時間ごっつやばいわ…」;;;<0902> Mince... j'ai plus l'temps...
<0903> \{晴子}「うち、急いどるから。ほな、また」;;;<0903> Faut que j'me dépêche. Allez, à plus.
<0904> メットをかぶり直すと、勢いよく発進する。;;;<0904> Elle remit son casque, puis repartit plein gaz.
<0905> ぶろろろろろろろ…！！;;;<0905> \bVroooooooum\u... !!
<0906> 田舎の情景をぶち壊しにしながら、エンジン音が遠ざかっていった。;;;<0906> Les bruits de moteur qui ruinaient ce tableau champêtre moururent au loin.
<0907> じーこじーこ…;;;<0907> Les oiseaux gazouillaient...
<0908> みんみんみんみん…;;;<0908> Les cigales chantaient...
<0909> 空は青く澄み渡っている。;;;<0909> Pas un nuage à l'horizon.
<0910> \{\m{A}}「…俺の十年ってなんだ」;;;<0910> ... Ça représente quoi, ces dix ans, pour moi ?
<0911> ぱんぱんぱん！;;;<0911> \bPaf paf paf\u !
<0912> 俺は自分の頬をぶつ。;;;<0912> L'homme s'était donné une paire de claques.
<0913> 危うく、ウッハウハという言葉に騙されるところだった。;;;<0913> J'ai failli me laisser séduire par le 'uhha-uha'.
<0914> この人形の代わりなんて存在しない。;;;<0914> Rien ne pouvait remplacer cette marionnette.
<0915> 俺はこれで稼ぎ続ける。;;;<0915> Je continuerais de gagner ma vie grâce à elle.
<0916> 稼げなければ、潔く心中だ。;;;<0916> Et si je n'y arrivais pas, nous nous tuerions tous les deux, comme des amoureux.
<0917> \{\m{A}}「いくか」;;;<0917> En route.
<0918> 俺は観鈴マップを取り出す。;;;<0918> Je sortis le plan de Misuzu.
<0919> ………。;;;<0919> ..........
<0920> すぐ仕舞った。;;;<0920> Et le rangeai immédiatement.
<0921> \{\m{A}}「………」;;;<0921> .........
<0922> \{\m{A}}（そういや、新しいのをもらっていたんだった…）;;;<0922> J'étais pourtant certain qu'elle m'avait donné un nouveau plan.
<0923> しかし…;;;<0923> Sauf que...
<0924> \{\m{A}}（いまのがあいつの自信作なのか…？）;;;<0924> C'est vraiment \bça\u, son chef-d'œuvre...?
<0925> もう一度、取り出す。;;;<0925> Je la sortis de nouveau.
<0926> \{\m{A}}「………」;;;<0926> .........
<0927> \{\m{A}}「ないよりはマシか…」;;;<0927> C'est mieux que rien...
<0928> さて、どこまで出向くか。ここからだと、武田商店と橋が近い。;;;<0928> Où aller maintenant ? De là, le Magasin Takeda et le pont n'étaient pas très loin.
<0929> 武田商店;;;<0929> Magasin Takeda
<0930> 橋;;;<0930> Pont
<0931> \{\m{A}}「人がいないな…」;;;<0931> Personne...
<0932> ざっと、武田商店の周りを見回してみる。;;;<0932> Je scrutai les environs du magasin.
<0933> 人影は、まったく見当たらなかった。;;;<0933> Même pas un rat.
<0934> \{\m{A}}「客がいないんじゃ、稼ぎようがないぞ…」;;;<0934> Je peux pas me faire d'argent s'il n'y a pas de spectateurs...
<0935> もう一度、あたりを見まわす。;;;<0935> Je me remis en marche.
<0936> \{\m{A}}「………」;;;<0936> .........
<0937> 聞こえるのは、波の音だけ。;;;<0937> Tout ce que je pouvais entendre, c'était le bruit des vagues.
<0938> 猫の子一匹いなかった。;;;<0938> Pas un chat à l'horizon.
<0939> 「ニャーン」;;;<0939> Miaou~.
<0940> …猫はいた。;;;<0940> ... Un chat à l'horizon.
<0941> \{\m{A}}（しょうがない…別のところへ行くか）;;;<0941> Pas le choix, allons voir ailleurs.
<0942> もっと人通りの多いところでないと、稼ぐには都合が悪い。;;;<0942> Si je voulais me faire des sous facilement, il me fallait trouver quelque part avec beaucoup de circulation.
<0943> となると最適なのは、やはりあそこか。;;;<0943> En y réfléchissant, un tel endroit me parut évident.
<0944> よし、まだ本命が残っている。;;;<0944> Super, j'avais encore une chance de m'en sortir.
<0945> 気合を入れなおすと、俺は商店街へと足を向けた。;;;<0945> Animé par un regain d'ardeur, je me mis en marche vers la rue commerçante.
<0946> \{\m{A}}「ふう……」;;;<0946> Fiou...
<0947> 暑い中を歩いてきて、多少疲れた。;;;<0947> À marcher comme ça en plein cagnard, il en fallait peu pour m'épuiser.
<0948> 欄干に肘をつくと、一息入れる。;;;<0948> Mes coudes posés sur la balustrade, je pris une pause.
<0949> さらさらと、小川のせせらぎが聞こえた。;;;<0949> J'écoutais les doux murmures du ruisseau.
<0950> …涼しそうだ。;;;<0950> ... C'était rafraîchissant.
<0951> \{\m{A}}「また浸かりたい…」;;;<0951> J'ai envie d'y replonger...
<0952> \{\m{A}}「………」;;;<0952> .........
<0953> …違う。;;;<0953> ... Non.
<0954> 稼ぎに来たんだった。;;;<0954> Je suis venu ici pour me faire des sous.
<0955> \{\m{A}}（しかし……）;;;<0955> Sauf que...
<0956> 首を回してみる。;;;<0956> Je scrutai mes environs.
<0957> 人通りは、まったくない。;;;<0957> Absolument personne en passait par ici.
<0958> 運良く人が通ったとしても、こんなところでは、まず人形に注目してくれないだろう。;;;<0958> Même si j'étais suffisamment chanceux pour croiser quelqu'un dans un endroit pareil, encore faudrait-il qu'il veuille bien jeter un coup d'œil à ma marionnette.
<0959> いかにして人を引きつけるか…。;;;<0959> Comment attirer les gens...?
<0960> \{\m{A}}「…無事にここを通りたければ、人形劇を見ていきな」;;;<0960> ... Si vous voulez traverser ce pont sans accroc, vous devrez regarder mon spectacle de marionnettes.
<0961> ……俺は何者だ。;;;<0961> ... Qu'est-ce que je fais dans la vie, déjà ?
<0962> おとなしく、別のところに行ったほうがよさそうだな…;;;<0962> Le choix intelligent serait d'aller voir ailleurs.
<0963> 一番最適なのは、やはり商店街か。;;;<0963> Le meilleur endroit pour ça, c'était la rue commerçante.
<0964> よし、まだ本命が残っている。;;;<0964> Super, j'avais encore une chance de m'en sortir.
<0965> 気合を入れなおすと、来た道を引き返していった。;;;<0965> Animé par un regain d'ardeur, je repartis par où j'étais venu.
<0966> ………。;;;<0966> ..........
<0967> 収入はゼロだった。;;;<0967> Mes gains étaient toujours de zéro.
<0968> \{\m{A}}「ふっ…」;;;<0968> Fiou...!
<0969> 人形をポケットにねじ込み、ニヒルに笑う。;;;<0969> Je fourrai ma marionnette dans ma poche, et me mis à sourire ironiquement.
<0970> \{\m{A}}「今日はこのぐらいにしといてやる」;;;<0970> Ça suffira pour aujourd'hui.
<0971> 路上に言い捨て、俺はその場を立ち去ろうとした…;;;<0971> Mais juste au moment où je m'apprêtais à partir, j'entendis un bruit derrière moi.
<0972> \{声}「ぴこぴこっ」;;;<0972> Piko piko !
<0973> 例の毛玉犬だった。;;;<0973> Toujours la même boule de poils, qui apparemment était un chien.
<0974> \{\m{A}}「っていうか、結局おまえって犬なのか？」;;;<0974> Hé, dis-moi, t'es vraiment un chien ?
<0975> \{ポテト}「ぴこっ！」;;;<0975> Piko !!
<0976> 大きく頷くやいなや、ポテトは前脚を上げた。;;;<0976> En signe d'acquiescement, Potato leva les pattes avant.
<0977> そのまま二本足で立ちあがる。;;;<0977> Il se tenait maintenant sur ses deux pattes arrière.
<0978> そして、なにやら怪しい動きをしはじめた。;;;<0978> Puis il se mit à marcher d'une bien drôle de manière.
<0979> はっきり言って、かなり気味の悪い光景だった。;;;<0979> Pour être honnête, c'était une vision assez dérangeante.
<0980> \{\m{A}}「…なんの真似だ？」;;;<0980> ... Qu'est-ce que t'imites, comme ça ?
<0981> \{ポテト}「ぴっこ…ぴっこ…」;;;<0981> Pikko... Pikko...
<0982> 聞いちゃいねぇ。;;;<0982> Il ne m'écoutait pas.
<0983> ポテトは、自らの動きに集中しているようだった。;;;<0983> Il était trop concentré sur ses propres mouvements pour ça.
<0984> 必死で後ろ足を踏ん張り、バランスを保っている。;;;<0984> Il était désespérément en train d'essayer de garder son équilibre tout en se tenant sur ses pattes arrière.
<0985> もしかしたら、これが畜生の直立歩行への挑戦の瞬間かもしれない。;;;<0985> Peut-être qu'il essayait de s'élever au rang des bipèdes, ne serait-ce qu'un instant ?
<0986> \{\m{A}}「俺に芸を見せたところで、餌など持ってないぞ」;;;<0986> Même si tu me montres ton petit numéro, j'ai rien à te donner à manger.
<0987> \{\m{A}}「もちろん、買ってやる金もないからな」;;;<0987> Et évidemment, je n'ai pas non plus l'argent pour t'acheter quoi que ce soit.
<0988> \{ポテト}「ぴっこ…ぴっこ…」;;;<0988> Pikko... Pikko...
<0989> \{\m{A}}「…少しは人の話を聞け」;;;<0989> ... Fais au moins semblant d'écouter les gens quand ils te parlent.
<0990> \{声}「ふふ…ちがうぞ、君」;;;<0990> Fufu... Tu te trompes.
<0991> \{声}「そいつは、もう一度君の芸を見たがっているんだよ」;;;<0991> Lui, il est en train d'essayer de te faire comprendre qu'il voudrait bien revoir ton numéro.
<0992> \{\m{A}}「え…」;;;<0992> Hein...
<0993> 振り返ると、見知らぬ女性が立っていた。;;;<0993> Je me retournai, et vis une femme que je n'avais encore jamais vue.
<0994> \{女性}「こいつ、君のファンになったらしいぞ」;;;<0994> On dirait qu'il est devenu ton fan.
<0995> \{女性}「芸人冥利に尽きるというやつだろう？」;;;<0995> N'est-ce pas la consécration pour un artiste ?
<0996> \{\m{A}}「………」;;;<0996> .........
<0997> 帰ろう。;;;<0997> Rentrons.
<0998> くるりと踵を返す。;;;<0998> Je tournai les talons.
<0999> とたんに、後頭部をわしっとつかまれた。;;;<0999> L'instant d'après, quelque chose me saisit par l'arrière du crâne.
<1000> \{女性}「こらこら、激しく無視するな」;;;<1000> Hé, oh. Je vais m'énerver si tu m'ignores.
<1001> \{\m{A}}「怪しい人に声をかけられたら無視するよう、親に教わってるんだ」;;;<1001> Mes parents m'ont appris à ignorer les invitations des gens suspects.
<1002> \{女性}「小学生か、君は」;;;<1002> T'es encore en primaire ?
<1003> \{\m{A}}「いや、ロクでもないだろうが、一応大人のつもりだ」;;;<1003> Non, je suis peut-être un bon à rien, mais je crois bien être un adulte.
<1004> \{女性}「そうか。そりゃ助かる」;;;<1004> Je vois. Ça me rassure.
<1005> \{\m{A}}「どうして」;;;<1005> Pourquoi ça ?
<1006> \{女性}「ロクでもない大人同士の会話が楽しめるからな」;;;<1006> Deux adultes bons à rien auront probablement des choses intéressantes à se raconter.
<1007> \{\m{A}}「俺はそんなものする気はない」;;;<1007> Je ne suis pas intéressé.
<1008> 再び踵を返した。;;;<1008> Pour la seconde fois, je tournai les talons.
<1009> \{女性}「…おい」;;;<1009> ... Hé.
<1010> \{\m{A}}「なにか用か」;;;<1010> Il y a un problème ?
<1011> \{女性}「えらく挑戦的な態度だな」;;;<1011> Tu joues vraiment la provocation.
<1012> \{\m{A}}「当然だ」;;;<1012> Naturellement.
<1013> \{\m{A}}「身分を明かすまでは、どんな奴でも信用しない」;;;<1013> Je ne fais pas confiance aux gens qui ne m'ont pas révélé leur place dans la société.
<1014> \{女性}「身分？」;;;<1014> Leur place dans la société ?
<1015> \{\m{A}}「ああ」;;;<1015> Ouais.
<1016> \{女性}「いちおう、この診療所のお医者様だよ。私は」;;;<1016> Eh bien, sachez que vous avez l'honneur de parler au médecin responsable de cette clinique.
<1017> \{\m{A}}「診療所？」;;;<1017> Une clinique ?
<1018> \{女性}「そう。立派な門構えだろ？」;;;<1018> Exact. Splendide portail, n'est-ce pas ?
<1019> 言いながら、背後の建物を親指で指す。;;;<1019> dit-elle en pointant le bâtiment derrière elle avec son pouce.
<1020> 『霧島診療所  年中無休』と書かれたそれらしき看板がある。;;;<1020> Un écriteau indiquait 'Clinique Kirishima - Ouverte 365 jours par an'.
<1021> 門らしきものは見あたらないが…。;;;<1021> Mais je n'y vis pas le moindre portail.
<1022> \{\m{A}}「で、そのお医者様が俺になにか用か」;;;<1022> Et donc, il y a un problème avec le médecin à qui j'ai l'honneur de parler ?
<1023> \{女性}「いやなに」;;;<1023> Nan, rien.
<1024> \{女性}「さっき君が人形を動かしているのを窓の外に見かけたものでな」;;;<1024> Je t'ai regardé faire bouger ta marionnette depuis la fenêtre, tout à l'heure.
<1025> \{女性}「はっきり言って感心したぞ」;;;<1025> Pour être honnête, je suis impressionnée.
<1026> \{女性}「まったく仕掛けがわからなかった」;;;<1026> Franchement, je n'ai aucune idée du truc qu'il y a derrière.
<1027> \{\m{A}}「ふん…」;;;<1027> Hmph...
<1028> \{女性}「あまり嬉しそうじゃないな。誉めてるんだぞ、これでも」;;;<1028> Tu n'as pas l'air content. C'était un compliment, pourtant.
<1029> \{\m{A}}「べつに、誉めてもらいたくてやっているわけじゃない」;;;<1029> C'est que je ne fais pas ça pour les compliments.
<1030> 見てたんなら金を払えよ。;;;<1030> Si t'as regardé, aboule l'argent.
<1031> \{女性}「そんなことではダメだぞ。大道芸人は愛想が命」;;;<1031> Dis pas ce genre de choses. Pour un artiste de rue, sa réputation, c'est sa vie.
<1032> \{\m{A}}「大きなお世話だ」;;;<1032> C'est pas ton problème.
<1033> それは、俺自身が一番痛感している。;;;<1033> J'en étais parfaitement conscient.
<1034> \{\m{A}}「ところで…」;;;<1034> D'ailleurs...
<1035> 俺は、足下で不気味な動きをし続けている生物へ視線を送った。;;;<1035> Je baissai mon regard vers la créature qui se dandinait de manière repoussante à mes pieds.
<1036> \{\m{A}}「これをどうにかしてくれないか？」;;;<1036> Tu peux pas faire quelque chose à propos de ça ?
<1037> \{女性}「ん？  ああ、こいつか」;;;<1037> Hmm ? Aah, lui ?
<1038> \{女性}「こいつはな、最近ここらに住みついた野良犬だ」;;;<1038> Lui, c'est un chien errant qui s'est mis à vivre ici depuis quelque temps.
<1039> \{\m{A}}「犬？」;;;<1039> Un chien ?
<1040> 予想はしていたが、やっぱりそうなのか…。;;;<1040> Je me disais bien que ce devait être un chien. J'avais donc raison...
<1041> \{女性}「ああ。信じられないだろうが、これでも犬なんだよ」;;;<1041> Ouais. C'est assez dur à croire, mais ça, c'est un chien.
<1042> \{女性}「珍種発見だろ？」;;;<1042> Tu penses qu'on a découvert un spécimen d'une espèce rare ?
<1043> 珍種どころか、生き物であること自体が衝撃だ。;;;<1043> Rare ou pas, ce fut un choc d'apprendre que cette chose était bel et bien un animal.
<1044> \{女性}「でな、こいつは、君の芸をもう一度見たがっているんだよ」;;;<1044> Comme je disais, il aimerait bien voir ton numéro une nouvelle fois.
<1045> \{\m{A}}「すごいな、あんた。こいつの思考が読めるのか」;;;<1045> Tu m'impressionnes. T'arrives à lire dans ses pensées ?
<1046> もしかしたら、この町の住人はみんなそうなのか？;;;<1046> Par hasard, est-ce que tous les habitants de ce village savaient faire ça ?
<1047> \{女性}「そういうわけじゃない」;;;<1047> Non, c'est pas ça.
<1048> \{女性}「だが、一目瞭然だろ？  君の人形と同じ動きをしてるじゃないか」;;;<1048> Mais ça coule de source, tu ne penses pas ? Il remue de la même manière que ta marionnette.
<1049> \{\m{A}}「失礼なことを言うな」;;;<1049> Pas besoin de l'insulter.
<1050> \{\m{A}}「俺は人形にもっと健全な動きをさせてる」;;;<1050> Elle, je la fais se déplacer de manière beaucoup plus naturelle.
<1051> \{女性}「そうだったか？」;;;<1051> Vraiment ?
<1052> \{\m{A}}「当たり前だ」;;;<1052> C'est évident.
<1053> 誰がこんな不気味な動きをさせるか。子供が見たら泣くぞ。;;;<1053> Qui la ferait se déplacer de manière aussi repoussante ? Les enfants pleureraient s'ils voyaient ça.
<1054> \{女性}「ふむ。まあいい」;;;<1054> Ouaip. Si tu le dis.
<1055> \{女性}「とにかく、こいつにもう一回、君の芸を見せてやってくれないか」;;;<1055> Quoi qu'il en soit, tu veux pas lui remontrer ton numéro, juste une fois ?
<1056> \{\m{A}}「断る」;;;<1056> Je refuse.
<1057> \{女性}「そう言わずに、私からも頼む」;;;<1057> Alors, considère ça comme une requête de ma part.
<1058> \{女性}「このまま放っておいたら、こいつは死ぬまで動き続けるぞ」;;;<1058> Si tu le laisses comme ça, il va continuer de gesticuler jusqu'à la mort.
<1059> \{女性}「もし死なれてみろ。この光景が永久に夢の中でリピートされ続けるからな」;;;<1059> Si tu le laisses mourir, tu n'arrêteras pas de revivre cette scène dans tes rêves, jusqu'à l'éternité.
<1060> …それは、ものすごく嫌だ。;;;<1060> ... Tout sauf ça, vraiment.
<1061> 人形芸を見せてやる;;;<1061> Lui montrer mon spectacle de marionnettes
<1062> ごまかしてこの場を退散する;;;<1062> Inventer une m'excuse pour m'en aller
<1063> \{\m{A}}「仕方がないな…」;;;<1063> Pas le choix...
<1064> \{ポテト}「ぴこ？」;;;<1064> Piko ?
<1065> 俺が人形を手に持つと、足下の珍獣がピクンと反応した。;;;<1065> Je plaçai ma main au-dessus de ma marionnette, et le spécimen à mes pieds tressaillit en signe de réaction.
<1066> そして期待に満ちた瞳を向ける。;;;<1066> Ses yeux me fixaient, impatients.
<1067> \{\m{A}}「なぁ、あんた」;;;<1067> Hé, toi.
<1068> \{女性}「なんだ」;;;<1068> Qu'y a-t-il ?
<1069> \{\m{A}}「今何時かわかるか？」;;;<1069> Une idée de l'heure qu'il est ?
<1070> \{女性}「時間か？  三時をまわったところだが」;;;<1070> L'heure ? On vient de passer trois heures.
<1071> \{\m{A}}「なに、もうそんな時間か！」;;;<1071> Quoi ? Il est déjà si tard ?!
<1072> わざと慌てたように言ってみる。;;;<1072> Je fis semblant de m'affoler.
<1073> \{女性}「どうした？  なにかまずいことでもあるのか？」;;;<1073> Pourquoi ? Tu vas avoir des ennuis ?
<1074> \{\m{A}}「人と大事な約束をしている」;;;<1074> J'ai un rendez-vous important avec quelqu'un.
<1075> \{女性}「ほう、それは大変だな」;;;<1075> Oh, ça, c'est un problème...
<1076> \{\m{A}}「というわけで、俺はもう行く」;;;<1076> Et donc, sur ce, je dois y aller.
<1077> \{女性}「そういうことなら仕方がないな。お前も諦めるんだな」;;;<1077> Dans ce cas, j'abandonne. Allez, toi aussi, laisse tomber.
<1078> 謎の女性は足下で踊っている犬に向かって言う。;;;<1078> La mystérieuse femme avait adressé cela au chien qui dansait à mes pieds.
<1079> なかなか話のわかるヤツだ。;;;<1079> Elle avait l'air d'être du genre compréhensif.
<1080> \{ポテト}「ぴこ～…」;;;<1080> Piko~...
<1081> その言葉にポテトと呼ばれた犬も、寂しそうな声をあげたが踊りを止めた。;;;<1081> À ses mots, le chien qui s'appelait Potato arrêta de danser, manifestant sa déception par des cris penauds.
<1082> こいつもなかなか聞き分けがいい。;;;<1082> Lui aussi avait l'air raisonnable.
<1083> \{\m{A}}「じゃあまたな」;;;<1083> Allez, à plus.
<1084> \{女性}「あ、ちょっとまて」;;;<1084> Ah, un instant.
<1085> \{\m{A}}「なんだ？  俺は急ぐんだ」;;;<1085> Qu'y a-t-il ? C'est que je suis pressé.
<1086> 大事な約束なんて嘘だがな。;;;<1086> Bien que l'histoire du rendez-vous important fût un mensonge.
<1087> \{女性}「またここでその芸をしないか？」;;;<1087> Tu reviendras faire ton numéro ici ?
<1088> \{\m{A}}「大道芸は渡り歩いてこそ大道芸だ」;;;<1088> Un artiste de rue s'appelle un artiste de rue parce qu'il voyage de rue en rue.
<1089> \{女性}「ここは病院の前だ。人がよく通るぞ」;;;<1089> On est juste devant la clinique. Beaucoup de gens passent ici.
<1090> \{女性}「それに放っておいても患者が来る」;;;<1090> Tu n'auras pas besoin de les attirer pour que les patients viennent, de toute façon.
<1091> \{女性}「不思議な人形劇をしていれば、いい客寄せになる」;;;<1091> Si tu faisais ton mystérieux spectacle de marionnettes ici, tu aurais plein de clients.
<1092> \{\m{A}}「………」;;;<1092> .........
<1093> 患者が来ると言うことは、それだけ見物客が来るということか。;;;<1093> Entre d'autres termes, chaque patient qui viendrait ici serait aussi un spectateur ?
<1094> 利用されている気がしないでもないが、考えようによってはこちらにも有益になる。;;;<1094> J'avais beau avoir l'impression qu'elle se servait de moi, en y réfléchissant, j'y gagnais aussi.
<1095> 頭の中で金稼ぎの方程式が積み上がる。;;;<1095> L'équation de la fortune se résolvait déjà dans ma tête.
<1096> \{\m{A}}「…なるほど、悪くない話だ」;;;<1096> ... En effet, ce n'est pas une mauvaise idée.
<1097> \{女性}「商談成立だな」;;;<1097> Je crois que nous avons trouvé un terrain d'entente.
<1098> 女性は笑いながら右手を差し出してきた。;;;<1098> La femme sourit et me présenta sa main droite.
<1099> 俺も右手を出し、握手を交わす。;;;<1099> Je lui présentai ma main droite en retour, et serrai la sienne.
<1100> \{女性}「私は霧島  聖という」;;;<1100> Je m'appelle Kirishima Hijiri.
<1101> \{聖}「さっきも言ったがこの診療所のお医者さんだ」;;;<1101> Comme je l'ai déjà dit, je suis le médecin qui gère cette clinique.
<1102> \{\m{A}}「\m{B}  \m{A}、さすらいの人形使いだ」;;;<1102> \m{B}\m{A}, marionnettiste itinérant.
<1103> \{聖}「ほう、\m{B}\m{A}か…」;;;<1103> Ooh, \m{B}\m{A}...?
<1104> \{\m{A}}「…なにか俺の名前に問題でもあるか？」;;;<1104> ... Quelque chose ne va pas, avec mon nom ?
<1105> \{聖}「いや、いい名前だ」;;;<1105> Non, c'est un bon nom.
<1106> \{聖}「そこはかとなく、甘美な響きを醸し出しているぞ」;;;<1106> Je ne sais pas comment dire ça, mais sa sonorité est très douce à l'oreille.
<1107> \{\m{A}}「あんたもな」;;;<1107> Pareil pour le tien.
<1108> \{聖}「さて、私はそろそろ仕事に戻るとしよう」;;;<1108> Bien, il est temps pour moi de me remettre au travail.
<1109> \{聖}「君も時間を押しているだろう」;;;<1109> Et toi aussi. Tu étais pressé, non ?
<1110> \{\m{A}}「あ…ああ」;;;<1110> O-Ouais...
<1111> でっち上げの約束を本気で信じてくれている。;;;<1111> On dirait qu'elle avait vraiment gobé mon histoire de rendez-vous.
<1112> 見かけに寄らずいい人かも知れない。;;;<1112> Contrairement aux apparences, c'était peut-être une bonne personne.
<1113> \{聖}「それじゃあな」;;;<1113> Sur ce, salut.
<1114> 診療所の先生は軽く手をふり、ガラス戸の向こうに消えていった。;;;<1114> Le docteur de la clinique m'adressa un léger signe de main, puis disparut derrière la porte en verre.
<1115> \{\m{A}}「…さて。俺もとりあえずここから移動するか…」;;;<1115> ... Et maintenant, à mon tour de me mettre en route...
<1116> \{ポテト}「ぴこ～」;;;<1116> Piko~.
<1117> \{\m{A}}「ん？」;;;<1117> Hmm ?
<1118> \{ポテト}「ぴこぴこ～」;;;<1118> Piko Piko~.
<1119> ばいばい、とでも言っているのだろうか、前足を片方だけあげてこちらを見ている。;;;<1119> Il me regarda en levant une de ses pattes avant, comme pour me dire 'bye bye'.
<1120> \{\m{A}}「ああ、じゃあな」;;;<1120> Ouais, salut.
<1121> それに応えるように手を振ってやると、俺は診療所の前を後にした。;;;<1121> J'agitai la main en réponse, puis repartis en laissant la clinique derrière moi.
<1122> \{\m{A}}「わかった。もう一回だけだからな」;;;<1122> Compris. Mais une seule fois.
<1123> 俺は、脳裏に浮かんだ悪夢を振り払うように、人形を取り出した。;;;<1123> Histoire de m'assurer d'être protégé de ces cauchemars, je sortis ma marionnette.
<1124> ………。;;;<1124> ..........
<1125> ……。;;;<1125> .......
<1126> …。;;;<1126> ....
<1127> \{\m{A}}「…満足したか」;;;<1127> ... Ça vous va ?
<1128> \{ポテト}「…ぴこっ」;;;<1128> ... Piko !
<1129> \{\m{A}}「そらよかった」;;;<1129> Ça me rassure.
<1130> ようやく人形をしまうことができた。;;;<1130> Je pouvais enfin ranger ma marionnette.
<1131> 結局、合計３２回も人形に同じ動きをさせる羽目になってしまった。;;;<1131> À la fin, j'avais dû la remettre dans la même position un total de trente-deux fois.
<1132> \{女性}「ごくろうさん。堪能させてもらったぞ」;;;<1132> Bravo. C'était un plaisir à regarder.
<1133> 女医は、俺の隣で二三度小さな拍手をした。;;;<1133> La doctoresse m'accorda deux ou trois petits applaudissements.
<1134> \{女性}「これだけ見てもまったくタネがわからないとは、大した腕だなあ…」;;;<1134> Même après l'avoir vu autant de fois, je n'arrive vraiment toujours pas à comprendre le truc. Tu te débrouilles bien...
<1135> \{\m{A}}「ふん…」;;;<1135> Hmph...
<1136> 俺は女医の前にすっと右手を差し出した。;;;<1136> Je lui présentai ma paume droite.
<1137> \{女性}「ん？  どうした」;;;<1137> Hmm ? Qu'y a-t-il ?
<1138> \{\m{A}}「堪能、したんだよな」;;;<1138> C'était un plaisir à regarder, n'est-ce pas ?
<1139> \{女性}「ああ。したぞ」;;;<1139> Ouais. Ça l'était.
<1140> \{\m{A}}「それなら、出すものを出せ」;;;<1140> Dans ce cas, file-moi ce que t'as à me filer.
<1141> \{女性}「？」;;;<1141> ?
<1142> どうやら理解していないらしい。;;;<1142> Elle avait l'air de ne pas comprendre.
<1143> \{\m{A}}「金だ」;;;<1143> Des sous.
<1144> \{女性}「えらく直球できたなぁ」;;;<1144> C'est sacrément direct, comme demande.
<1145> \{\m{A}}「回りくどいのは好きじゃない」;;;<1145> Je n'aime pas tourner autour du pot.
<1146> \{\m{A}}「出せ」;;;<1146> Aboule.
<1147> \{女性}「恐喝か？」;;;<1147> C'est du racket ?
<1148> \{\m{A}}「人聞きの悪いことを言うな」;;;<1148> Dis pas ça comme ça.
<1149> \{\m{A}}「これは正当な要求だ」;;;<1149> C'est une requête parfaitement légitime.
<1150> \{女性}「大道芸人としてのか？」;;;<1150> De la part d'un artiste de rue ?
<1151> \{\m{A}}「その通りだ」;;;<1151> Tout à fait.
<1152> \{女性}「こいつには要求しないのか？」;;;<1152> Ta requête s'adresse aussi à lui ?
<1153> \{ポテト}「ぴこぴこぴこ」;;;<1153> Piko piko piko.
<1154> \{\m{A}}「………」;;;<1154> .........
<1155> \{\m{A}}「オチが目に浮かぶから、しない」;;;<1155> Je vois bien comment ça va finir, alors non.
<1156> \{女性}「そうか。残念だったな」;;;<1156> Je vois. C'est bien dommage.
<1157> \{ポテト}「ぴこ…」;;;<1157> Piko...
<1158> うなだれる毛玉犬が、出所の知れない骨を背後に隠すのが見えた。;;;<1158> La boule de poils canine baissa la tête, tout en essayant de cacher l'os sorti de nulle part qui se trouvait derrière lui.
<1159> \{女性}「じゃ、そういうわけで」;;;<1159> Allez, fini pour aujourd'hui.
<1160> \{\m{A}}「おいっ」;;;<1160> Hé !
<1161> \{女性}「どうした。まだなにか用か」;;;<1161> Qu'y a-t-il ? Encore un problème ?
<1162> \{女性}「診察がご希望なら、保険証を持ってきてください」;;;<1162> Si vous désirez une consultation, veuillez apporter votre carte d'assurance maladie.
<1163> \{\m{A}}「………」;;;<1163> .........
<1164> 殺気をこめた目で女医を睨みつけてやる。;;;<1164> Je la fixai d'un regard plein de haine.
<1165> \{女性}「ちっ、わかったよ」;;;<1165> Tsk, j'ai compris.
<1166> \{女性}「金の亡者なんだな、君は」;;;<1166> T'es vraiment un sacré rapiat.
<1167> 言いながら、財布を取り出して開く。;;;<1167> dit-elle en ouvrant son porte-monnaie et en en sortant quelque chose.
<1168> \{女性}「ほら、見物料」;;;<1168> Tiens, je paye mon billet.
<1169> \{\m{A}}「………」;;;<1169> .........
<1170> 百円玉１枚だった。;;;<1170> C'était une pièce d'1 yen.
<1171> \{\m{A}}「ガキのお駄賃かっ」;;;<1171> C'est quoi ? Un petit cadeau pour faire plaisir à un gosse ?
<1172> \{女性}「贅沢を言うな。大道芸の見物料ならそれが相場だろ」;;;<1172> N'en demande pas trop. Ça doit être le tarif standard pour regarder un spectacle de rue.
<1173> \{\m{A}}「う…そうかもしれない」;;;<1173> Ugh... tu dois avoir raison.
<1174> しかたなく、銀色の硬貨を受け取ろうとする。;;;<1174> Je n'avais pas d'autre choix que d'accepter la pièce en argent.
<1175> とたんに、女医の手がさっと引っ込んだ。;;;<1175> Juste au moment où j'allais la prendre, elle retira son bras.
<1176> \{\m{A}}「あのー…」;;;<1176> Je—...
<1177> \{女性}「所場代１００円だ。もらっておくぞ」;;;<1177> C'est 100 yens pour louer l'emplacement. Je récupère ça.
<1178> \{\m{A}}「所場代？」;;;<1178> Louer l'emplacement ?
<1179> \{女性}「ああ」;;;<1179> Ouais.
<1180> \{女性}「君は、自分が今どこにいるかわかっているか？」;;;<1180> Tu crois que tu te tiens où, là, maintenant ?
<1181> \{\m{A}}「商店街」;;;<1181> Dans la rue commerçante.
<1182> \{女性}「ちがう。もっと限定した場所だ」;;;<1182> Pas ça. Plus précisément.
<1183> \{\m{A}}「あん？」;;;<1183> Hein ?
<1184> \{女性}「なんだ。気づいてなかったのか」;;;<1184> Quoi ? Tu n'as toujours pas remarqué ?
<1185> \{女性}「いいか。君はずっとウチの敷地内を不法占拠していたんだぞ」;;;<1185> Écoute. Depuis tout à l'heure, tu occupes ma propriété sans autorisation.
<1186> \{\m{A}}「えっ？」;;;<1186> Hein ?!
<1187> \{女性}「君がウチの駐輪場に居座っていたおかげで、今日は客足がさっぱりだ」;;;<1187> Comme tu squattais mon garage à vélo, je n'ai pas eu le moindre patient aujourd'hui.
<1188> \{女性}「だから、本来ならこっちが金をもらわなければならない立場なんだぞ」;;;<1188> Et donc, en toute logique, c'est moi qui devrais te réclamer des sous.
<1189> \{\m{A}}「………」;;;<1189> .........
<1190> なにやら、雲行きが怪しくなってきた。;;;<1190> Les choses tournaient visiblement au vinaigre.
<1191> \{\m{A}}「…それでは失礼」;;;<1191> ... Excusez-moi, je dois m'en aller.
<1192> \{女性}「あっ、おいっ、ちょっと待て」;;;<1192> Ah ! Hé ! Attends un peu !
<1193> またも後頭部を鷲掴みにされた。;;;<1193> Elle m'agrippa de nouveau par l'arrière du crâne .
<1194> \{女性}「ただの軽口を本気に取るな」;;;<1194> C'était juste une plaisanterie. Ne prends pas tout ce que je dis au sérieux.
<1195> \{女性}「私が君から金を巻き上げるような人間に見えるのか？」;;;<1195> J'ai l'air d'être du genre à t'escroquer comme ça ?
<1196> \{\m{A}}「見える」;;;<1196> Oui.
<1197> ぽかっ。;;;<1197> \bPaf\u.
<1198> \{\m{A}}「…痛い」;;;<1198> ... Aïe.
<1199> \{女性}「馬鹿者」;;;<1199> Imbécile.
<1200> \{女性}「私は、こう見えても人を見て金を要求する質（たち）だ」;;;<1200> Je sais choisir à qui demander de l'argent.
<1201> …やっぱり要求するんじゃないか。;;;<1201> ... Donc elle en demandait quand même, après tout.
<1202> \{女性}「それに、所場代はもうもらってる。だから安心しろ」;;;<1202> De plus, j'ai déjà récupéré les frais d'emplacement, donc détends-toi.
<1203> \{女性}「そんなことより、君はこの町にはしばらくいるつもりなのか」;;;<1203> Et à part ça, tu comptes rester dans ce village un moment ?
<1204> \{\m{A}}「ん？」;;;<1204> Hmm ?
<1205> たぶんそうなるだろう;;;<1205> C'est bien possible
<1206> こんな町は今すぐ出ていく;;;<1206> Je me barre de ce village, là, tout de suite
<1207> \{\m{A}}「ああ、たぶんな」;;;<1207> Ouais, c'est possible.
<1208> この調子だと、望まずともそうなるだろう。;;;<1208> À ce rythme, je n'avais guère le choix.
<1209> 早くなんとかしなければ。;;;<1209> Il fallait que je règle ça vite.
<1210> \{\m{A}}「こんな町は今すぐ出ていくぞ」;;;<1210> Je me barre de ce village, là, tout de suite.
<1211> \{女性}「ほう…」;;;<1211> Oh...
<1212> 面白そうにジロジロと俺の身体を見回す。;;;<1212> Elle me toisa de la tête aux pieds, comme si je l'intriguais.
<1213> \{\m{A}}「…なんだ？」;;;<1213> ... Qu'est-ce qu'il y a ?
<1214> \{女性}「いや、見たところ金を持っていなさそうだからな」;;;<1214> Rien, c'est juste qu'à te regarder, je me dis que tu ne dois pas avoir un rond sur toi.
<1215> 余計なお世話だ…。;;;<1215> Ça ne te regarde pas...
<1216> \{女性}「先立つものもなく、どうやってこの町を出ていくのかと思ってな」;;;<1216> Vu que tu n'en as pas les moyens, comment comptes-tu quitter ce village ?
<1217> 痛いところを突かれる。;;;<1217> Elle avait touché un point sensible.
<1218> \{女性}「ふっ…しばらくはこの町にいそうだな」;;;<1218> Fu...! Tu vas rester ici un moment, on dirait.
<1219> \{\m{A}}「………」;;;<1219> .........
<1220> 言い返したいが、的を射た言葉だけに言い返せない。;;;<1220> Je cherchai une réplique adaptée, mais les mots ne me vinrent pas.
<1221> \{女性}「なら、また見せてくれよ」;;;<1221> Et donc, tu me le montreras encore.
<1222> \{\m{A}}「なにをだ」;;;<1222> Montrer quoi ?
<1223> \{女性}「君の芸だよ」;;;<1223> Ton numéro.
<1224> \{女性}「今度からは、所場代もタダにするぞ」;;;<1224> À partir de la prochaine fois, tu n'auras plus à payer de frais.
<1225> \{女性}「やりようによっては、うちの客寄せにならないことはないからな」;;;<1225> Parce que si tu t'y prends bien, tu m'amèneras des clients.
<1226> \{\m{A}}「俺を利用する気か？」;;;<1226> Tu veux te servir de moi ?
<1227> \{女性}「ま、平たく言えば、そういうことだ」;;;<1227> Bah, on peut dire ça comme ça.
<1228> \{\m{A}}「えらくハッキリ言うんだな」;;;<1228> Au moins, dit comme ça, c'est bien clair.
<1229> \{女性}「私は曖昧なことはきらいだ」;;;<1229> Je déteste ce qui est vague.
<1230> \{女性}「で、この提案については？」;;;<1230> Alors, que penses-tu de ma proposition ?
<1231> \{\m{A}}「………」;;;<1231> .........
<1232> お断りだ;;;<1232> Je refuse
<1233> 考えておく;;;<1233> Laisse-moi y réfléchir
<1234> 所場代が免除というのは魅力的だ。;;;<1234> Être dispensé des frais d'emplacement était attrayant.
<1235> それにここは小さくとも医療機関。;;;<1235> Même si ce n'était pas bien grand, ça restait un établissement de santé.
<1236> 放っておいても、勝手に人は来る。;;;<1236> Même sans que je fasse quoi que ce soit, des gens y viendraient de leur propre chef.
<1237> 患者の疲れた心に、人形劇で安らぎを。;;;<1237> Et un spectacle de marionnettes pourrait réconforter les patients.
<1238> ………。;;;<1238> ..........
<1239> 結構、いい感じで稼ぐことができるかもしれない。;;;<1239> Vu comme ça, ça sonnait pas mal. J'avais une chance de m'y faire de l'argent, après tout.
<1240> だが…。;;;<1240> Cela dit...
<1241> \{\m{A}}「人に利用されるのはごめんだ」;;;<1241> Je n'apprécie pas qu'on se serve de moi.
<1242> \{\m{A}}「悪いがその申し出はことわ──…」;;;<1242> Désolé, mais je vais devoir rejeter...
<1243> \{女性}「人の好意を無にする輩に人権はないな」;;;<1243> Les droits de l'homme ne s'appliquent pas à ceux qui refusent la bienveillance des autres.
<1244> \{\m{A}}「…──るのは勿体ないから、ここで芸をしよう」;;;<1244> ...l'idée de refuser cette proposition, je ferai mon numéro ici. 
<1245> 自分の身が可愛いので合意する。;;;<1245> Je consentis afin qu'elle éparge mon joli minois.
<1246> \{女性}「そうか」;;;<1246> Soit.
<1247> 女性は満足げに頷いた。;;;<1247> La femme acquiesça, l'air satisfait.
<1248> 病院の前での人形劇か…。;;;<1248> Un spectacle de marionnettes devant une clinique...?
<1249> 利用されるというのは気にくわないが、所場代が免除されるというのはありがたいな。;;;<1249> J'avais beau avoir du mal à accepter qu'elle se servait de moi, en y réfléchissant, j'étais bien content de ne pas avoir à payer l'emplacement.
<1250> それにここは小さくとも医療機関。;;;<1250> Même si ce n'était pas bien grand, ça restait un établissement de santé.
<1251> 放っておいても、人は来る。;;;<1251> Même sans que je fasse quoi que ce soit, des gens y viendraient, de toute façon.
<1252> …そのまま客として捕まえることも可能か…。;;;<1252> ... J'avais une chance de pouvoir chopper des clients.
<1253> \{\m{A}}「…考えておく」;;;<1253> ... Je vais y réfléchir.
<1254> \{女性}「うむ。そうしてくれ」;;;<1254> Bien. Réfléchis-y.
<1255> \{\m{A}}「ああ」;;;<1255> Ouais.
<1256> \{女性}「では、とりあえず自己紹介だ」;;;<1256> Là-dessus, c'est l'heure des présentations.
<1257> \{女性}「私は、ここの診療所で医師をしている霧島聖という」;;;<1257> Je suis le médecin de cette clinique, Kirishima Hijiri.
<1258> \{女性}「よろしくな」;;;<1258> Enchantée.
<1259> 言いながら、右手を差し出してきた。;;;<1259> Ceci étant dit, elle me présenta sa main droite.
<1260> 自己紹介ぐらいはしておいてもいいだろう。;;;<1260> Je me dis que je n'avais pas de raison de ne pas de présenter.
<1261> \{\m{A}}「\m{B}\m{A}だ」;;;<1261> \m{B}\m{A}.
<1262> その手を握り返す。;;;<1262> Je lui serrai la main.
<1263> \{聖}「ほぉ…\m{B}\m{A}君か。いい名前だ」;;;<1263> Ooh, \m{B}\m{A}-kun...? C'est un bon nom.
<1264> \{聖}「そこはかとなく、甘美な響きを醸し出しているぞ」;;;<1264> Je ne sais pas comment dire ça, mais sa sonorité est très douce à l'oreille.
<1265> \{\m{A}}「あんたの名前もな」;;;<1265> Ton nom aussi.
<1266> \{聖}「ふふ。ありがとう」;;;<1266> Fufu. Merci.
<1267> \{ポテト}「ぴこぴこぴこ」;;;<1267> Piko piko piko.
<1268> \{\m{A}}「ん？」;;;<1268> Hmm ?
<1269> 足下で、奇怪な音が奏でられた。;;;<1269> Un bruit étrange émana de mes pieds.
<1270> \{聖}「ああ、そうだったな。おまえのことも紹介しなければな」;;;<1270> Ooh. C'est vrai. Je devrais aussi te présenter.
<1271> \{ポテト}「ぴこ♪」;;;<1271> Piko♪.
<1272> \{聖}「こいつは、野良犬のポテトだ」;;;<1272> Lui, c'est Potato le chient errant.
<1273> \{\m{A}}「知ってる」;;;<1273> Je sais.
<1274> \{聖}「こいつは最近ウチに住み着くようになってな。とても迷惑している…」;;;<1274> Il a commencé à vivre ici récemment. Il ne m'a apporté que des ennuis...
<1275> \{聖}「…っと、待てよ？」;;;<1275> ... Hé, attends un peu.
<1276> 意外なことを聞いたというように、俺の顔を覗き込む。;;;<1276> Elle avait l'air d'avoir entendu quelque chose qui l'avait surprise, et me dévisagea.
<1277> \{聖}「今、『知ってる』と言ったか？」;;;<1277> Tu viens bien de dire 'je sais' ?
<1278> \{\m{A}}「ああ。言った」;;;<1278> Ouais, j'ai dit ça.
<1279> \{聖}「………」;;;<1279> .........
<1280> 顎に手を当てて、なにやら考え込む。;;;<1280> Elle posa une main sur son menton, et se perdit dans ses pensées.
<1281> \{聖}「…まあ、いいか」;;;<1281> ... Bah, peu importe.
<1282> ポテトの頭を鷲掴みにして、そのまま胸に抱く。;;;<1282> Elle passa ses bras autour de Potato, et le serra contre elle.
<1283> \{聖}「こいつも、この町内では有名人ということだろうな」;;;<1283> Ce petit gars est une sorte de célébrité dans le quartier.
<1284> …有名犬だろ、正確に言うと。;;;<1284> ... Ce petit \bchien\u est une célébrité, devrait-on dire...
<1285> \{聖}「そろそろ仕事に戻るとするかな」;;;<1285> Il est temps pour moi de me remettre au travail.
<1286> 小さく伸びをして、診療所前の階段を上がる。;;;<1286> Elle s'étira un peu, puis monta les marches de la clinique.
<1287> \{聖}「またな。\m{B}君」;;;<1287> À la prochaine, \m{B}-kun.
<1288> \{ポテト}「ぴこぴこ～」;;;<1288> Piko piko~.
<1289> ばたん。;;;<1289> \bClac\u.
<1290> 診療所のガラス扉が閉まった。;;;<1290> La porte en verre de la clinique se ferma.
<1291> \{\m{A}}「………」;;;<1291> .........
<1292> 妙に疲れた。;;;<1292> Je me sentais bizarrement fatigué.
<1293> 俺は踵を返し、霧島診療所を後にした。;;;<1293> Je fis demi-tour, laissant la clinique Kirishima derrière moi.
<1294> 帰り道…;;;<1294> Sur la route du retour...
<1295> \{声}「あ、いた」;;;<1295> Ah, te voilà !
<1296> 背中で声。;;;<1296> J'entendis une voix dans mon dos.
<1297> とてとて…;;;<1297> \mClop clop\u.
<1298> \{観鈴}「\m{A}さん」;;;<1298> \m{A}-san.
<1299> 前に回り込んできた。観鈴だった。;;;<1299> Elle me tourna autour et s'arrêta devant moi. C'était Misuzu.
<1300> \{\m{A}}「どうした」;;;<1300> Qu'est-ce qu'il y a ?
<1301> \{観鈴}「それこっちのセリフ」;;;<1301> C'est à moi de dire ça.
<1302> \{観鈴}「帰り、遅いなって思って」;;;<1302> Je me disais que tu en mettais du temps, pour rentrer.
<1303> \{観鈴}「なにしてるの？」;;;<1303> Qu'est-ce que tu faisais ?
<1304> \{\m{A}}「なんだっていいだろ」;;;<1304> Qu'est-ce que ça peut te faire ?
<1305> \{観鈴}「気になる」;;;<1305> Ça m'intéresse.
<1306> \{\m{A}}「人形を探してたんだ」;;;<1306> J'étais en train de chercher ma marionnette.
<1307> 適当に答えておく。;;;<1307> Je lui pondis quelque chose de crédible.
<1308> \{観鈴}「ん？  どうして？  二日前に見つけたよ」;;;<1308> Hmm ? Pourquoi ? On l'a déjà trouvée il y a deux jours.
<1309> \{\m{A}}「またなくしたんだよ」;;;<1309> Je l'ai encore perdue.
<1310> \{観鈴}「そうなんだ」;;;<1310> Ah bon.
<1311> \{観鈴}「じゃ、また一緒に探すねー」;;;<1311> Alors, allons la chercher ensemble—.
<1312> 止める暇もなかった。;;;<1312> Je n'eus même pas le temps de l'interrompre.
<1313> 人形は後ろポケットにある。;;;<1313> Ma marionnette était dans ma poche arrière.
<1314> 観鈴は元気に手を振って歩いてゆくと、少し先で腰を折って地面を探し始めた。;;;<1314> Misuzu marchait en agitant les bras, pleine d'énergie. Elle s'arrêta un peu plus loin et commença à chercher par terre.
<1315> 楽しそうだった。;;;<1315> Elle avait l'air de s'amuser.
<1316> ただしばらく、そんな観鈴の姿を見ている。;;;<1316> Je passai quelque temps à la regarder ainsi.
<1317> 俺が本当のことを言い出さなければ、ずっとそうしているのだろう。;;;<1317> Si je ne lui disais pas la vérité, elle n'arrêterait sans doute jamais de chercher.
<1318> \{\m{A}}（そろそろ言わないとな…）;;;<1318> Il doit être temps que je la lui dise...
<1319> ポケットの中の人形を握りしめる。;;;<1319> Je saisis la marionnette dans ma poche.
<1320> \{\m{A}}「観鈴」;;;<1320> Misuzu.
<1321> ………。;;;<1321> ..........
<1322> 聞こえていないようだった。;;;<1322> Elle ne semblait pas m'avoir entendu.
<1323> 寄っていって、声をかける。;;;<1323> Je me rapprochai, puis l'appelai de nouveau.
<1324> \{\m{A}}「観鈴」;;;<1324> Misuzu.
<1325> \{観鈴}「…ん？」;;;<1325> ... Hmm ?
<1326> \{観鈴}「なに\m{A}さん」;;;<1326> Qu'y a-t-il, \m{A}-san ?
<1327> 人形を握った手を前に出してみせた。;;;<1327> Je lui mis ma marionnette sous le nez.
<1328> \{観鈴}「あれ？  もう見つけた？」;;;<1328> Oh ? Tu l'as déjà retrouvée ?
<1329> \{\m{A}}「違う。すでに見つけていたんだ」;;;<1329> Non. Ça fait déjà un moment.
<1330> \{観鈴}「なんだ…そうだったんだ」;;;<1330> Aah... je vois.
<1331> 残念そうだった。;;;<1331> Elle avait l'air déçu.
<1332> \{\m{A}}「おまえ、わかんない奴だよな」;;;<1332> J'arrive pas à te comprendre.
<1333> \{\m{A}}「こんな暑い中、落とし物を探して歩いていたくないだろ？」;;;<1333> Tu ne vas pas me dire que tu veux vraiment passer du temps à chercher un objet perdu sous un cagnard pareil ?
<1334> \{観鈴}「そんなことないよ。楽しい」;;;<1334> Au contraire. C'est amusant.
<1335> \{\m{A}}「なにが」;;;<1335> Qu'est-ce qui est amusant ?
<1336> \{観鈴}「ふたりでひとつの物を探すこと」;;;<1336> De chercher quelque chose à deux.
<1337> \{\m{A}}「本当かよ…」;;;<1337> Vraiment...?
<1338> \{観鈴}「うん。ふたりは楽しい」;;;<1338> Oui. À deux, c'est plus amusant.
<1339> なんでも、こいつは遊びにしてしまう。;;;<1339> Elle prenait tout pour un jeu, celle-là.
<1340> まるで俺も一緒になって遊んでいるかのような気になってくる。;;;<1340> Et j'avais l'impression de mettre complètement retrouvé à jouer avec elle.
<1341> \{\m{A}}「おまえ…気楽でいいな」;;;<1341> Tu sais... j'aimerais bien être aussi insouciant.
<1342> 俺は歩き出す。その後に観鈴も続いた。;;;<1342> Je me mis en marche. Misuzu me suivit.
<1343> \{\m{A}}「学生は夏休みなんて、長い休みがあるからそう思えるんだろうな」;;;<1343> Tu penses comme ça parce que tu vas à l'école, et que tu as de longues vacances d'été qui t'attendent.
<1344> \{観鈴}「でも、夏は短いよ」;;;<1344> Mais l'été, ça ne dure pas longtemps.
<1345> \{観鈴}「楽しいことがいっぱいだから」;;;<1345> Parce qu'il y a tellement de choses amusantes à faire.
<1346> \{観鈴}「だから、一瞬で過ぎて、すぐに秋がくる」;;;<1346> Et l'instant d'après, c'est déjà l'automne.
<1347> \{観鈴}「ずっと、夏だったらいいのにね」;;;<1347> Qu'est-ce que j'aimerais que l'été ne finisse jamais.
<1348> \{\m{A}}「ずっと暑いだろ」;;;<1348> Il ne s'arrêterait jamais de faire chaud.
<1349> \{観鈴}「そうだね。それはちょっと困るね」;;;<1349> C'est vrai. Ce serait un peu embêtant.
<1350> \{観鈴}「北極ぐまとか、住む場所なくなるかも。かわいそう」;;;<1350> Les ours polaires n'auront plus d'endroit où vivre. Les pauvres.
<1351> \{\m{A}}「そうだな。可哀想だな」;;;<1351> C'est vrai, ça. Les pauvres.
<1352> \{\m{A}}「それに、過ぎるから、思い出にできるんだぞ」;;;<1352> En plus, c'est seulement quand les choses finissent que des souvenirs peuvent se former.
<1353> \{\m{A}}「いつまでも、同じ場所にいたら、思い出もできない」;;;<1353> Si rien ne change, on n'aura rien à se rappeler.
<1354> \{\m{A}}「ずっと、今の自分のままなんだ」;;;<1354> Et nous resterons figés dans l'instant, à jamais.
<1355> \{観鈴}「それは…悲しいことだね」;;;<1355> Ce serait... triste.
<1356> \{\m{A}}「だろ。だから、夏はいつか終わる」;;;<1356> N'est-ce pas ? C'est pour ça que l'été doit se terminer un jour.
<1357> \{\m{A}}「そして、新しい季節がやってくる」;;;<1357> Et ensuite, une nouvelle saison viendra.
<1358> \{観鈴}「秋」;;;<1358> L'automne.
<1359> \{観鈴}「秋も楽しいけどね。焼きいも食べたり」;;;<1359> On s'amuse aussi en automne. On fait griller des patates douces.
<1360> \{観鈴}「ほくほくしておいしい」;;;<1360> Elles sont toutes chaudes et délicieuses.
<1361> \{観鈴}「だから好き」;;;<1361> Donc c'est bien aussi.
<1362> \{\m{A}}「なんだっていいんだな、おまえ…」;;;<1362> Tout te va, toi...
<1363> \{観鈴}「うん」;;;<1363> Oui.
<1364> \{\m{A}}「せっそうのない奴め…」;;;<1364> Elle a aucun principe, celle-là...
<1365> ぶろーーーん…と、徐々に近づいてくるエンジン音。;;;<1365> J'entendis le 'vroooum' caractéristique d'un moteur qui se rapprochait.
<1366> 俺はちゃぶ台の端を持って、振動に耐える準備をする。;;;<1366> Je m'accrochai au bord de la table basse, et me préparai au choc.
<1367> どがーーーーーーーーんっっ！\shake{7};;;<1367> \bBadaboum!!!\u \shake{7}
<1368> 案の定、納屋に突っ込んでいる。;;;<1368> Comme à son habitude, elle avait foncé droit dans la remise.
<1369> \{観鈴}「あ、帰ってきたねー」;;;<1369> Ah, elle doit être rentrée—.
<1370> \{\m{A}}「そうだな」;;;<1370> On dirait bien.
<1371> 俺も慣れたものだった。;;;<1371> Je commençais à m'y habituer.
<1372> \{晴子}「帰ったで～」;;;<1372> J'suis d'retour~.
<1373> 相変わらず赤い顔で姿を現す。;;;<1373> Elle fit son entrée, accompagnée de son habituel visage rubicond.
<1374> \{晴子}「ほら、居候。おみやげや」;;;<1374> Hé, pique-assiette. J'te ramène un souvenir.
<1375> 四角い包みを渡される。;;;<1375> Elle me tendit un paquet rectangulaire.
<1376> \{\m{A}}「食い物か。どれどれ」;;;<1376> À manger ? Voyons voir ça.
<1377> 封を解きにかかる。;;;<1377> Je défis l'emballage.
<1378> \{晴子}「あほ」;;;<1378> Idiot.
<1379> \{晴子}「今朝約束したやろ。中身、見てみたらわかるわ」;;;<1379> Je t'ai promis quelque chose ce matin. Tu comprendras en en voyant le contenu.
<1380> \{\m{A}}「はぁ？」;;;<1380> Hein ?
<1381> 包みを解いた箱の中から出てきたのは、手足の長い動物のぬいぐるみだった。;;;<1381> L'emballage défait, je découvris à l'intérieur de la boîte une peluche représentant un animal aux longs membres.
<1382> \{\m{A}}「なんだ、こりゃ」;;;<1382> C'est quoi, ce truc ?
<1383> \{観鈴}「わ…いいな、ナマケモノさん…」;;;<1383> Wah... Trop bien, un paresseux...
<1384> \{\m{A}}「ナマケモノ…？  渡す相手、間違えてないか？」;;;<1384> Un paresseux...? T'as pas filé ça à la mauvaise personne ?
<1385> \{晴子}「あんたでおうとる」;;;<1385> C'est pour toi.
<1386> \{晴子}「欲しかったんやろ？  あの薄汚れた人形の代わり」;;;<1386> C'est pas c'que tu voulais ? Pour remplacer ta marionnette toute crade.
<1387> \{\m{A}}「………」;;;<1387> .........
<1388> \{\m{A}}「やろう」;;;<1388> J'te l'offre.
<1389> 観鈴の顔にばふっ！と叩きつける。;;;<1389> Je la balançai au visage de Misuzu.
<1390> \{観鈴}「わ、やった」;;;<1390> Wah, super !
<1391> そのまま抱きしめる。;;;<1391> Elle la prit dans ses bras...
<1392> が、それを晴子がもぎ取る。;;;<1392> ... Jusqu'à ce que Haruko la lui arrache des mains.
<1393> \{晴子}「こらこら。うちは居候、あんたのために買うてきたったんやっ」;;;<1393> Hé, oh. Pique-assiettes, c'est pour toi que j'l'ai acheté !
<1394> 再び突きつけられる。;;;<1394> Elle la fourra de nouveau dans mes bras.
<1395> \{晴子}「ひとの親切、踏みにじらんとってくれるか」;;;<1395> Sois poli avec les gens qui pensent à toi.
<1396> \{\m{A}}「俺がいつ、こんなものを欲しいと言ったっ」;;;<1396> Quand est-ce que j'ai dit que je voulais ce truc ?
<1397> \{晴子}「今朝や」;;;<1397> Ce matin.
<1398> …そんなこと言ったのだろうか。;;;<1398> ... J'ai dit ça ?
<1399> \{\m{A}}「だとしても、ナマケモノはないだろ、ナマケモノは」;;;<1399> Et puis, même, j'aurais pas demandé un paresseux.
<1400> \{晴子}「可愛らしいやん。な、観鈴」;;;<1400> Mais il est plutôt mignon. Hein, Misuzu ?
<1401> \{観鈴}「うん、かわいらしい。だから欲しい」;;;<1401> Oui. Il est plutôt mignon. J'en veux un.
<1402> \{晴子}「あんな汚い人形持って歩いてるよりも、これ持って歩いてたほうが愛嬌あってええやろ？」;;;<1402> Tu auras l'air plus abordable si tu te promènes avec ça plutôt qu'avec ta marionnette toute sale, non ?
<1403> \{\m{A}}「俺の人形は飾りかっ」;;;<1403> Tu crois que ma marionnette n'est là que pour décorer ?
<1404> \{晴子}「なんや、違（ちご）たんか」;;;<1404> Quoi, c'est pas le cas ?
<1405> \{\m{A}}「違うだろ、見せてやったじゃないか。大道芸の小道具だ」;;;<1405> Au contraire ! Je te l'ai fait voir, non ? C'est un accessoire pour mon spectacle de rue.
<1406> \{晴子}「そうか…そやったな」;;;<1406> Ah, oui... C'est vrai.
<1407> ぽん、と手を打つ。;;;<1407> Elle se joignit les mains.
<1408> \{晴子}「インパクト弱すぎて、記憶になかったわ」;;;<1408> Ça m'a tellement peu marqué que j'avais oublié.
<1409> …俺の法術ってなんだ。;;;<1409> ... Respecte un peu mon Houjutsu.
<1410> \{晴子}「でもええやん。これからは、こいつ相方にし」;;;<1410> Mais peu importe. À partir d'maintenant, ce sera lui, ton partenaire.
<1411> \{晴子}「あの人形より、よっぽどオーバーアクションに動くで」;;;<1411> Il sera mieux que ta marionnette pour faire des grands mouvements.
<1412> \{晴子}「これでたんまり儲けて、ウッハウハや」;;;<1412> Tu vas te faire un max de pépètes, et lâcher des 'uhha-uha'.
<1413> \{\m{A}}（ウッハウハ…）;;;<1413> Uhha-uha...
<1414> \{\m{A}}「おっと…」;;;<1414> Hé...
<1415> ぱんぱん、と頬を両手で叩く。;;;<1415> Je me claquai les joues des deux mains.
<1416> 今朝もその魅惑的な言葉に騙されそうになったのを思い出した。;;;<1416> Je me rappelai avoir failli succomber à ses mots doux le matin-même.
<1417> \{\m{A}}「とにかく、いらないと言ったらいらない」;;;<1417> Quoi qu'il en soit, j'ai dit que j'en voulais pas.
<1418> そう話を終わらせ、そっぽを向く。;;;<1418> Je mis fin à la conversation, et arrêta de la regarder.
<1419> が、晴子が不気味にすり寄ってくる。;;;<1419> Sauf que Haruko se glissa à côté de moi.
<1420> \{晴子}「なんでそんなつれんこと言うねん…」;;;<1420> Dis pas des choses vilaines comme ça...
<1421> 首筋に口を寄せて囁く。;;;<1421> Elle me susurra ça dans la nuque.
<1422> \{晴子}「居候ちゃんの、いけずいけずぅ～」;;;<1422> Mon petit Pique-assiettes, arrête de jouer au vilain garçon...
<1423> 絶好調モードに切り替わったようだった。;;;<1423> Elle avait complètement changé de mode.
<1424> \{\m{A}}「酒臭いだろ、離れろ」;;;<1424> Tu pues l'alcool, éloigne-toi de moi.
<1425> 晴子の手が俺の背中に回される。そして、その手が俺の尻に触れた。;;;<1425> Haruko passa une main autour de mon dos, avant que cette même main ne me touche les fesses.
<1426> すっ…;;;<1426> \bHop\u...
<1427> その意図に気づいて晴子の体を突き飛ばすが、遅かった。;;;<1427> Je réalisai alors son intention, et l'envoyai valdinguer, mais il était déjà trop tard.
<1428> \{晴子}「しっし」;;;<1428> Hi hi.
<1429> いやらしく笑う晴子。その手には、俺の人形があった。;;;<1429> Elle triompha d'un rire insupportable. Ma marionnette était dans sa main.
<1430> \{\m{A}}「………」;;;<1430> .........
<1431> \{晴子}「これで、あんたはうちのプレゼントで芸するしかあらへん」;;;<1431> Comme ça, t'es obligé d'faire ton numéro avec mon cadeau.
<1432> \{晴子}「そうやろ？」;;;<1432> N'est-ce pas ?
<1433> \{\m{A}}「こんなもんで、するかっ」;;;<1433> Comme si j'allais faire ça !
<1434> \{晴子}「どうしても、うちのプレゼントを受け取らんて言うんか？」;;;<1434> Quoi qu'il arrive, tu n'accepteras jamais mon cadeau ?
<1435> \{\m{A}}「ああ」;;;<1435> Ouais.
<1436> \{晴子}「ほな、ぬいぐるみをあんたが買い取り。そうしたら、うちも損したことにならへん」;;;<1436> Dans ce cas, achète-moi cette peluche. Comme ça, j'y perds rien.
<1437> \{晴子}「後は、捨てるなり観鈴にやるなり、好きにしてええ」;;;<1437> Après ça, ce sera ton problème si tu veux la balancer ou la refiler à Misuzu.
<1438> \{\m{A}}「ああ…わかった」;;;<1438> Ouais... J'ai compris.
<1439> \{晴子}「それまで、これ預かっとくわ」;;;<1439> Mais en attendant, c'est moi qui m'occuperai d'ça.
<1440> \{\m{A}}「なんだそれは。どういう理屈だ」;;;<1440> Qu'est-ce que tu racontes ? C'est quoi cette logique ?
<1441> \{晴子}「あんたがそれの代金踏み倒して、逃げる、いうこともあるさかいにな」;;;<1441> Sans ça, tu risques de t'enfuir sans payer.
<1442> \{晴子}「もちろん、今、この場で代金が支払える言うんやったら、すぐ返したる」;;;<1442> Bien sûr, si tu m'dis qu't'es prêt à payer ici même, alors j'te la rends.
<1443> \{\m{A}}「いくらだ…」;;;<1443> Combien...?
<1444> 晴子は指一本立てる。;;;<1444> Elle leva un doigt.
<1445> \{晴子}「一万」;;;<1445> Dix mille.
<1446> …天文学的数字だった。;;;<1446> ... Une somme astronomique.
<1447> \{晴子}「どない」;;;<1447> T'en dis quoi ?
<1448> \{観鈴}「そんな…\m{A}さんが払えるわけないよ」;;;<1448> Mais... \m{A}-san n'aura jamais tout ça.
<1449> そのフォローもキツイものがある。;;;<1449> Ce devait être pour me soutenir, mais ça piquait.
<1450> \{晴子}「ほなまぁ、頑張って稼ぎや」;;;<1450> Allez, bonne chance pour t'faire des sous.
<1451> ぽんぽん、と肩を叩かれる。;;;<1451> Elle me tapota l'épaule.
<1452> \{晴子}「それとな、あんたが買い取るまでは、ぬいぐるみはうちからの真心のこもったプレゼントや」;;;<1452> Une dernière chose. Jusqu'à ce que tu m'l'achètes, considère cette peluche comme un gage de ma bonne volonté.
<1453> \{晴子}「むげに扱（あつこ）うたら、こっちの人形も手荒く扱うで」;;;<1453> Si tu n'en prends pas soin, ta marionnette va morfler.
<1454> 人形は人質となってしまった。;;;<1454> Ma marionnette était prise en otage.
<1455> \{晴子}「シャワー浴びてこーっ。ぎょうさん汗かいたからな～」;;;<1455> J'vais prendre une douche. J'suis tout en sueur.
<1456> 晴子が立ち去る。;;;<1456> Elle se leva et s'en alla.
<1457> \{\m{A}}「………」;;;<1457> .........
<1458> 呆然と立ち尽くす俺。;;;<1458> J'étais complètement médusé.
<1459> \{観鈴}「少しでもわたしが足せたらいいんだけど…おこづかい残り少ないの」;;;<1459> Je voudrais bien contribuer un peu... mais je n'ai presque plus d'argent de poche.
<1460> \{観鈴}「観鈴ちんも、ぴんち」;;;<1460> Misuzu-chin aussi est dans la mouise.
<1461> \{\m{A}}「………」;;;<1461> .........
<1462> \{観鈴}「あ、うんとね…」;;;<1462> Ah, peut-être que...
<1463> \{観鈴}「…ちょっと、貯金箱見てくるね」;;;<1463> ... Je vais aller voir dans ma tirelire.
<1464> \{\m{A}}「いい」;;;<1464> Ça ira.
<1465> \{観鈴}「え…？」;;;<1465> Hein...?
<1466> \{\m{A}}「それぐらい、なんとかなるだろ」;;;<1466> C'est pas tant que ça, je vais me débrouiller.
<1467> \{観鈴}「でも、どうやって稼ぐの？  人形ないし…」;;;<1467> Mais, comment tu vas pouvoir gagner des sous ? Tu n'as plus ta marionnette...
<1468> \{観鈴}「ナマケモノさんで、大道芸？」;;;<1468> Tu vas faire ton spectacle de rue avec le paresseux ?
<1469> 俺は改めてナマケモノのぬいぐるみと向かい合う。;;;<1469> Je regardai la peluche de paresseux droit dans les yeux
<1470> 絶対にできない…。;;;<1470> Ça ne marcherait jamais....
<1471> \{観鈴}「あ、絶対ウケるよ。かわいいから」;;;<1471> Ah, mais si, ça va marcher. Parce qu'elle est mignonne.
<1472> \{\m{A}}「可愛い？  どんな目で見れば、これが可愛いんだよ…」;;;<1472> Mignonne ? Comment tu peux regarder ça et trouver ça mignon ?
<1473> どう見ても、手足が長くて気持ち悪い。;;;<1473> Peu importe l'angle sous lequel je la regardais, ses longs membres le rendaient immonde.
<1474> 何か、別の手を講じなくてはいけないだろう。;;;<1474> Il fallait que je trouve une autre solution.
<1475> \{\m{A}}「しかし、おまえの母親は何を考えて生きてるんだかな…」;;;<1475> Cela dit, je me demande vraiment comment ça fonctionne dans la tête de ta mère...
<1476> \{観鈴}「そうだね。きっと気まぐれ」;;;<1476> On peut se demander. C'est sûrement un caprice.
<1477> \{\m{A}}「ああ、俺もそう思う」;;;<1477> Ouais. Je pense aussi.
<1478> さらにこの町から抜け出す壁が高くなったような気がする…。;;;<1478> Plus je restais dans ce village, plus les murs qui m'empêchaient de partir grandissaient...
<1479> 観鈴は寝て、部屋には晴子と俺のふたりきり。;;;<1479> Misuzu alla se coucher. Je me retrouvai seul avec Haruko.
<1480> すでに俺も毛布にくるまり、寝入る体勢を取っている。;;;<1480> J'étais déjà blotti sous ma couverture, en position pour dormir.
<1481> 網戸の外からは、ずっと虫の鳴き声が聞こえている。;;;<1481> Les cris incessants des insectes entraient à travers la moustiquaire.
<1482> それと、扇風機の低いモーター音。;;;<1482> Ils s'ajoutaient au vrombissement grave du ventilateur.
<1483> 耳に入る音はそれだけだった。;;;<1483> C'était tout ce qui arrivait à mes oreilles.
<1484> しかしまだ眠気は訪れない。;;;<1484> Mais je ne sentais pas le sommeil venir.
<1485> 俺は目を開ける。;;;<1485> J'ouvris les yeux.
<1486> 晴子は扇風機におでこを押し当てるようにして、長い髪をなびかせていた。;;;<1486> Haruko avait son front collé au ventilateur, ses longs cheveux flotant au vent.
<1487> それで濡れた髪を乾かしているようだった。;;;<1487> Elle avait l'air de faire ça pour sécher des cheveux mouillés.
<1488> 起きている俺に気づいたのか、顔をこちらに向ける。;;;<1488> Elle remarqua que j'étais réveillé, et tourna la tête vers moi.
<1489> \{晴子}「居候」;;;<1489> Pique-assiette.
<1490> \{\m{A}}「………」;;;<1490> .........
<1491> \{晴子}「うちのプレゼント、なんで、あんなところで忘れ去られてん」;;;<1491> Pourquoi t'as laissé mon cadeau ici ?
<1492> 部屋の隅に放置されたままの、ナマケモノを見て言う。;;;<1492> dit-elle en posant son regard sur le paresseux que j'avais laissé traîner dans un coin de la pièce.
<1493> \{\m{A}}「………」;;;<1493> .........
<1494> \{\m{A}}「そうだったな」;;;<1494> Ah, c'est vrai.
<1495> 俺は立ち上がり、その長い足をつかんで引きずってくると、それを抱いて毛布にくるまり直す。;;;<1495> Je me levai, l'empoigna par une de ses longues pattes et le traîna jusqu'à ma couverture que j'enroulai autour de nous deux.
<1496> \{\m{A}}「………」;;;<1496> .........
<1497> \{晴子}「暑ないか」;;;<1497> T'as pas chaud ?
<1498> \{\m{A}}「…暑い」;;;<1498> ... Fais chaud.
<1499> \{晴子}「抱いて寝るまでせんでええやろ」;;;<1499> T'as pas besoin de l'garder dans tes bras pour dormir.
<1500> \{\m{A}}「そうだな」;;;<1500> C'est vrai.
<1501> 毛布から出して、隣に置く。;;;<1501> Je le sortis de la couverture et le posai à côté de moi.
<1502> 晴子はそれを見てから、再び扇風機に顔を向ける。;;;<1502> Après avoir vu ça, Haruko se tourna de nouveau vers le ventilateur.
<1503> \{\m{A}}「珍しく飲まないんだな」;;;<1503> Tu ne bois pas ce soir, ça change.
<1504> \{晴子}「せやな。忘れとった」;;;<1504> C'est vrai. J'ai oublié.
<1505> \{晴子}「でも、なんかアルコール抜けてもうたら、飲む気のぅなったわ」;;;<1505> Mais bon, après avoir dessoulé, je n'ai plus envie de boire.
<1506> \{\m{A}}「なら飲まないほうがいい。毎日飲んでるんだろ。体壊すぞ」;;;<1506> Alors ne bois pas. Tu bois tous les jours, non ? Tu fais du mal à ton corps.
<1507> \{晴子}「せやな」;;;<1507> C'est vrai.
<1508> \{晴子}「………」;;;<1508> .........
<1509> ふたりが黙り込むと、再び小さな物音が大きく感じ始める。;;;<1509> Nous nous tûmes. On entendait de nouveau tous les petits bruits alentour.
<1510> \{\m{A}}「テレビ、つけたらどうだ。俺はうるさくても、構わないぞ」;;;<1510> Tu veux pas mettre la télé ? Le son ne m'embêtera pas.
<1511> \{晴子}「こんな時間に見たい番組もあらへん」;;;<1511> Y a pas d'émissions que j'veux voir, à c't'heure-ci
<1512> \{\m{A}}「つけておくだけでもいいだろ」;;;<1512> Tu peux juste la laisser en marche.
<1513> \{晴子}「ええわ。うるさいだけやさかい」;;;<1513> Ça ira. Ça ferait juste du bruit pour rien.
<1514> \{\m{A}}「そうか…」;;;<1514> Je vois...
<1515> \{\m{A}}「………」;;;<1515> .........
<1516> 今までは観鈴の生活ばかり見ていたが、今は、晴子の生活を見ていた。;;;<1516> Jusqu'à présent, j'avais seulement observé la vie de Misuzu. Maintenant, j'observais celle de Haruko.
<1517> 今は俺がいるからいいが、これで俺がいなければ、晴子はただ黙って扇風機に向かっているだけなのだろう。;;;<1517> J'étais là. Mais si je n'avais pas été là, Haruko serait juste restée assise devant le ventilateur, en silence.
<1518> それを考えると、確かに酒を飲んで、ひとり楽しくなる、というのは無理もない生き方だと思った。;;;<1518> En y réfléchissant, je me dis que c'était compréhensible comme style de vie, qu'elle choisisse de prendre du bon temps à boire de l'alcool.
<1519> 先の一件も、もしかすると、彼女なりの遊びのひとつなのかもしれない。;;;<1519> Ce qu'elle avait fait plus tôt était sans doute un autre des moyens qu'elle avait de s'amuser un peu.
<1520> 周りに災難を振りまいて、彼女はそれを見てひとり楽しんでいる。;;;<1520> Elle prenait du plaisir à s'entourer de malheurs et à les regarder.
<1521> 寂しい遊びだった。;;;<1521> C'était un jeu bien solitaire.
<1522> \{晴子}「な、居候」;;;<1522> Hé, pique-assiette.
<1523> 再び、晴子がこっちを向いていた。;;;<1523> Encore une fois, Haruko se tourna dans ma direction.
<1524> \{晴子}「仕事、紹介したろか」;;;<1524> Je peux te recommander à un boulot, qu'en dis-tu ?
<1525> \{\m{A}}「………」;;;<1525> .........
<1526> \{晴子}「あんたの芸じゃ、金なんて稼がれへん」;;;<1526> C'est pas avec ton spectacle que tu vas te faire de sous.
<1527> \{晴子}「ちゃんと地に足のついた仕事し」;;;<1527> Trouve-toi un boulot un peu plus stable.
<1528> \{晴子}「それで稼いだらええやないの。ひと月も仕事したら、海外へもいけるぐらいになるわ」;;;<1528> Tu pourrais te faire des sous. Après un mois de travail, tu devrais même avoir de quoi partir à l'étranger.
<1529> \{晴子}「仕事内容も、あんた向きや」;;;<1529> La description du boulot a l'air faite pour toi.
<1530> \{晴子}「ずっと旅してたんなら、足腰強いやろ。ずっと歩き回るような仕事や」;;;<1530> T'es toujours en train de voyager, alors tu dois être solide sur tes appuis. C'est un boulot où t'es tout le temps en vadrouille.
<1531> \{晴子}「暑いんとか、大丈夫か？」;;;<1531> La chaleur, ça ne te dérange pas ?
<1532> \{晴子}「でも、あんた話しベタやからなぁ…」;;;<1532> Mais c'est vrai qu't'es naze pour faire la conversation...
<1533> \{晴子}「それに悪人顔やから、どうやろ…」;;;<1533> Et t'as une tête de méchant, alors je sais pas...
<1534> \{晴子}「ま、そんなんええわ。あんたのやる気次第やからな」;;;<1534> Bah, peu importe. Ça dépendra de ta motivation.
<1535> \{晴子}「どない？」;;;<1535> Qu'est-ce que t'en dis ?
<1536> \{\m{A}}「………」;;;<1536> .........
<1537> 紹介してもらう;;;<1537> Se faire recommander
<1538> 断る;;;<1538> Refuser
<1539> \{\m{A}}「紹介してくれ」;;;<1539> Recommande-moi.
<1540> \{晴子}「そかそか。よっしゃ。紹介したろ」;;;<1540> Ok ok. Parfait. Je vais te recommander.
<1541> \{\m{A}}「………」;;;<1541> .........
<1542> しかしよく考えてみると…;;;<1542> Sauf que maintenant que j'y pensais...
<1543> 俺が今、窮地に追い込まれているのは、目の前のこいつのせいではないか。;;;<1543> C'était pas elle, là, qui m'avait fichu dans cette impasse ?
<1544> その相手の助けを借りる。そんな情けない話などない。;;;<1544> Et je recevais son aide. Ça faisait pitié.
<1545> …だんだん腹が立ってきた。;;;<1545> ... Je sentais la rage monter.
<1546> \{\m{A}}「うおーっ！」;;;<1546> Uooah !!
<1547> 立ち上がり、ぼふっ、とナマケモノを床に叩きつける。;;;<1547> Je me levai, et jetai violemment le paresseux par terre.
<1548> \{\m{A}}「ハッ！  ダンシン！」;;;<1548> Ha !! Dansons !
<1549> それを踏みつけてツイストを踊ってやる。;;;<1549> Je me mis à la piétiner comme si je dansais le twist.
<1550> …とまでしたいところだが、人質を取られているので大人しくしておく。;;;<1550> ... Du moins, je l'avais pensé très fort. Avec ma marionnette prise en otage, j'étais obligé de rester sage.
<1551> \{\m{A}}「…いい」;;;<1551> ... Ça ira.
<1552> 俺は断った。;;;<1552> Je refusai.
<1553> \{晴子}「そうかー」;;;<1553> Je vois—.
<1554> \{\m{A}}「それはそれで面白そうだとは思うけどな」;;;<1554> Je dois dire que l'idée est intéressante.
<1555> \{\m{A}}「でも、あんたには頼らない」;;;<1555> Mais je ne veux pas dépendre de toi.
<1556> \{\m{A}}「そもそも、これはあんたと俺の意地の張り合いじゃなかったか」;;;<1556> En premier lieu, tout ça, c'est pas juste un duel à qui sera le plus têtu d'entre nous deux ?
<1557> \{晴子}「せやな。そうやった。今、言ったこと忘れてや」;;;<1557> C'est vrai. T'as raison. Oublie ce que je viens de te dire.
<1558> \{\m{A}}「ああ」;;;<1558> Ouais.
<1559> ぱちっ…;;;<1559> \bClic\u...!
<1560> 晴子が扇風機のスイッチを切る。;;;<1560> Haruko pressa l'interrupteur du ventilateur.
<1561> \{晴子}「今夜は涼しいわ」;;;<1561> Il fait frais, cette nuit.
<1562> そして窓の外を見る。;;;<1562> Elle regardait à travers la fenêtre.
<1563> しばらく、その横顔を見ていた。;;;<1563> Je passai un moment à contempler son profil.
<1564> やがてそれにも見飽きて、目を閉じる。;;;<1564> Quand j'en m'en fus lassé, je fermai les yeux.
<1565> すると、そのまま眠気が訪れた。;;;<1565> Le sommeil m'emporta aussitôt.
